ISO-10303-21;
HEADER;
FILE_DESCRIPTION(('Open CASCADE Model'),'2;1');
FILE_NAME('Open CASCADE Shape Model','1970-01-01T00:00:00',('Author'),(
    'Open CASCADE'),'Open CASCADE STEP processor 7.9','Open CASCADE 7.9'
  ,'Unknown');
FILE_SCHEMA(('AUTOMOTIVE_DESIGN { 1 0 10303 214 1 1 1 1 }'));
ENDSEC;
DATA;
#1 = APPLICATION_PROTOCOL_DEFINITION('international standard',
  'automotive_design',2000,#2);
#2 = APPLICATION_CONTEXT(
  'core data for automotive mechanical design processes');
#3 = SHAPE_DEFINITION_REPRESENTATION(#4,#10);
#4 = PRODUCT_DEFINITION_SHAPE('','',#5);
#5 = PRODUCT_DEFINITION('design','',#6,#9);
#6 = PRODUCT_DEFINITION_FORMATION('','',#7);
#7 = PRODUCT('Open CASCADE STEP translator 7.9',
  'Open CASCADE STEP translator 7.9','',(#8));
#8 = PRODUCT_CONTEXT('',#2,'mechanical');
#9 = PRODUCT_DEFINITION_CONTEXT('part definition',#2,'design');
#10 = ADVANCED_BREP_SHAPE_REPRESENTATION('',(#11,#15),#9917);
#11 = AXIS2_PLACEMENT_3D('',#12,#13,#14);
#12 = CARTESIAN_POINT('',(0.,0.,0.));
#13 = DIRECTION('',(0.,0.,1.));
#14 = DIRECTION('',(1.,0.,-0.));
#15 = MANIFOLD_SOLID_BREP('',#16);
#16 = CLOSED_SHELL('',(#17,#455,#1341,#1391,#1445,#1570,#1738,#1785,
    #1832,#1946,#2109,#2156,#2203,#2317,#2480,#2527,#2658,#2683,#3346,
    #4009,#4036,#4063,#4176,#4231,#4286,#4341,#4673,#4722,#4769,#4942,
    #4989,#5014,#5063,#5240,#5545,#5592,#5693,#6000,#6099,#6146,#6279,
    #6326,#6417,#6466,#6560,#6845,#6900,#6907,#6934,#6941,#6948,#6955,
    #6962,#6969,#6976,#6983,#7030,#7057,#7084,#7091,#7138,#7165,#7192,
    #7199,#7246,#7273,#7300,#7307,#7354,#7381,#7408,#7415,#7462,#7489,
    #7516,#7523,#7570,#7597,#7624,#7631,#7678,#7705,#7732,#7739,#7786,
    #7813,#7840,#7847,#7894,#7921,#7948,#7955,#8002,#8029,#8056,#8063,
    #8110,#8137,#8164,#8171,#8218,#8245,#8272,#8279,#8326,#8353,#8380,
    #8387,#8391,#8395,#8399,#8605,#8915,#8942,#8969,#9043,#9070,#9074,
    #9081,#9157,#9312,#9447,#9474,#9523,#9572,#9599,#9671,#9718,#9765,
    #9792,#9799,#9824,#9849,#9876,#9903,#9910));
#17 = ADVANCED_FACE('',(#18,#137,#243,#349),#32,.F.);
#18 = FACE_BOUND('',#19,.F.);
#19 = EDGE_LOOP('',(#20,#55,#83,#111));
#20 = ORIENTED_EDGE('',*,*,#21,.F.);
#21 = EDGE_CURVE('',#22,#24,#26,.T.);
#22 = VERTEX_POINT('',#23);
#23 = CARTESIAN_POINT('',(-32.5,-16.5,27.));
#24 = VERTEX_POINT('',#25);
#25 = CARTESIAN_POINT('',(-32.5,16.5,27.));
#26 = SURFACE_CURVE('',#27,(#31,#43),.PCURVE_S1.);
#27 = LINE('',#28,#29);
#28 = CARTESIAN_POINT('',(-32.5,-19.5,27.));
#29 = VECTOR('',#30,1.);
#30 = DIRECTION('',(0.,1.,0.));
#31 = PCURVE('',#32,#37);
#32 = PLANE('',#33);
#33 = AXIS2_PLACEMENT_3D('',#34,#35,#36);
#34 = CARTESIAN_POINT('',(-32.5,-19.5,0.));
#35 = DIRECTION('',(1.,0.,0.));
#36 = DIRECTION('',(0.,0.,1.));
#37 = DEFINITIONAL_REPRESENTATION('',(#38),#42);
#38 = LINE('',#39,#40);
#39 = CARTESIAN_POINT('',(27.,0.));
#40 = VECTOR('',#41,1.);
#41 = DIRECTION('',(0.,-1.));
#42 = ( GEOMETRIC_REPRESENTATION_CONTEXT(2) 
PARAMETRIC_REPRESENTATION_CONTEXT() REPRESENTATION_CONTEXT('2D SPACE',''
  ) );
#43 = PCURVE('',#44,#49);
#44 = PLANE('',#45);
#45 = AXIS2_PLACEMENT_3D('',#46,#47,#48);
#46 = CARTESIAN_POINT('',(-32.5,-19.5,27.));
#47 = DIRECTION('',(0.,0.,1.));
#48 = DIRECTION('',(1.,0.,0.));
#49 = DEFINITIONAL_REPRESENTATION('',(#50),#54);
#50 = LINE('',#51,#52);
#51 = CARTESIAN_POINT('',(0.,0.));
#52 = VECTOR('',#53,1.);
#53 = DIRECTION('',(0.,1.));
#54 = ( GEOMETRIC_REPRESENTATION_CONTEXT(2) 
PARAMETRIC_REPRESENTATION_CONTEXT() REPRESENTATION_CONTEXT('2D SPACE',''
  ) );
#55 = ORIENTED_EDGE('',*,*,#56,.F.);
#56 = EDGE_CURVE('',#57,#22,#59,.T.);
#57 = VERTEX_POINT('',#58);
#58 = CARTESIAN_POINT('',(-32.5,-16.5,0.));
#59 = SURFACE_CURVE('',#60,(#64,#71),.PCURVE_S1.);
#60 = LINE('',#61,#62);
#61 = CARTESIAN_POINT('',(-32.5,-16.5,0.));
#62 = VECTOR('',#63,1.);
#63 = DIRECTION('',(0.,0.,1.));
#64 = PCURVE('',#32,#65);
#65 = DEFINITIONAL_REPRESENTATION('',(#66),#70);
#66 = LINE('',#67,#68);
#67 = CARTESIAN_POINT('',(0.,-3.));
#68 = VECTOR('',#69,1.);
#69 = DIRECTION('',(1.,0.));
#70 = ( GEOMETRIC_REPRESENTATION_CONTEXT(2) 
PARAMETRIC_REPRESENTATION_CONTEXT() REPRESENTATION_CONTEXT('2D SPACE',''
  ) );
#71 = PCURVE('',#72,#77);
#72 = CYLINDRICAL_SURFACE('',#73,3.);
#73 = AXIS2_PLACEMENT_3D('',#74,#75,#76);
#74 = CARTESIAN_POINT('',(-29.5,-16.5,0.));
#75 = DIRECTION('',(0.,0.,1.));
#76 = DIRECTION('',(-1.,-0.,0.));
#77 = DEFINITIONAL_REPRESENTATION('',(#78),#82);
#78 = LINE('',#79,#80);
#79 = CARTESIAN_POINT('',(0.,0.));
#80 = VECTOR('',#81,1.);
#81 = DIRECTION('',(0.,1.));
#82 = ( GEOMETRIC_REPRESENTATION_CONTEXT(2) 
PARAMETRIC_REPRESENTATION_CONTEXT() REPRESENTATION_CONTEXT('2D SPACE',''
  ) );
#83 = ORIENTED_EDGE('',*,*,#84,.T.);
#84 = EDGE_CURVE('',#57,#85,#87,.T.);
#85 = VERTEX_POINT('',#86);
#86 = CARTESIAN_POINT('',(-32.5,16.5,0.));
#87 = SURFACE_CURVE('',#88,(#92,#99),.PCURVE_S1.);
#88 = LINE('',#89,#90);
#89 = CARTESIAN_POINT('',(-32.5,-19.5,0.));
#90 = VECTOR('',#91,1.);
#91 = DIRECTION('',(0.,1.,0.));
#92 = PCURVE('',#32,#93);
#93 = DEFINITIONAL_REPRESENTATION('',(#94),#98);
#94 = LINE('',#95,#96);
#95 = CARTESIAN_POINT('',(0.,0.));
#96 = VECTOR('',#97,1.);
#97 = DIRECTION('',(0.,-1.));
#98 = ( GEOMETRIC_REPRESENTATION_CONTEXT(2) 
PARAMETRIC_REPRESENTATION_CONTEXT() REPRESENTATION_CONTEXT('2D SPACE',''
  ) );
#99 = PCURVE('',#100,#105);
#100 = PLANE('',#101);
#101 = AXIS2_PLACEMENT_3D('',#102,#103,#104);
#102 = CARTESIAN_POINT('',(-32.5,-19.5,0.));
#103 = DIRECTION('',(0.,0.,1.));
#104 = DIRECTION('',(1.,0.,0.));
#105 = DEFINITIONAL_REPRESENTATION('',(#106),#110);
#106 = LINE('',#107,#108);
#107 = CARTESIAN_POINT('',(0.,0.));
#108 = VECTOR('',#109,1.);
#109 = DIRECTION('',(0.,1.));
#110 = ( GEOMETRIC_REPRESENTATION_CONTEXT(2) 
PARAMETRIC_REPRESENTATION_CONTEXT() REPRESENTATION_CONTEXT('2D SPACE',''
  ) );
#111 = ORIENTED_EDGE('',*,*,#112,.T.);
#112 = EDGE_CURVE('',#85,#24,#113,.T.);
#113 = SURFACE_CURVE('',#114,(#118,#125),.PCURVE_S1.);
#114 = LINE('',#115,#116);
#115 = CARTESIAN_POINT('',(-32.5,16.5,0.));
#116 = VECTOR('',#117,1.);
#117 = DIRECTION('',(0.,0.,1.));
#118 = PCURVE('',#32,#119);
#119 = DEFINITIONAL_REPRESENTATION('',(#120),#124);
#120 = LINE('',#121,#122);
#121 = CARTESIAN_POINT('',(0.,-36.));
#122 = VECTOR('',#123,1.);
#123 = DIRECTION('',(1.,0.));
#124 = ( GEOMETRIC_REPRESENTATION_CONTEXT(2) 
PARAMETRIC_REPRESENTATION_CONTEXT() REPRESENTATION_CONTEXT('2D SPACE',''
  ) );
#125 = PCURVE('',#126,#131);
#126 = CYLINDRICAL_SURFACE('',#127,3.);
#127 = AXIS2_PLACEMENT_3D('',#128,#129,#130);
#128 = CARTESIAN_POINT('',(-29.5,16.5,0.));
#129 = DIRECTION('',(0.,0.,1.));
#130 = DIRECTION('',(-1.,-0.,0.));
#131 = DEFINITIONAL_REPRESENTATION('',(#132),#136);
#132 = LINE('',#133,#134);
#133 = CARTESIAN_POINT('',(-0.,0.));
#134 = VECTOR('',#135,1.);
#135 = DIRECTION('',(-0.,1.));
#136 = ( GEOMETRIC_REPRESENTATION_CONTEXT(2) 
PARAMETRIC_REPRESENTATION_CONTEXT() REPRESENTATION_CONTEXT('2D SPACE',''
  ) );
#137 = FACE_BOUND('',#138,.F.);
#138 = EDGE_LOOP('',(#139,#167,#193,#219));
#139 = ORIENTED_EDGE('',*,*,#140,.T.);
#140 = EDGE_CURVE('',#141,#143,#145,.T.);
#141 = VERTEX_POINT('',#142);
#142 = CARTESIAN_POINT('',(-32.5,10.,9.));
#143 = VERTEX_POINT('',#144);
#144 = CARTESIAN_POINT('',(-32.5,-10.,9.));
#145 = SURFACE_CURVE('',#146,(#150,#156),.PCURVE_S1.);
#146 = LINE('',#147,#148);
#147 = CARTESIAN_POINT('',(-32.5,-14.75,9.));
#148 = VECTOR('',#149,1.);
#149 = DIRECTION('',(0.,-1.,0.));
#150 = PCURVE('',#32,#151);
#151 = DEFINITIONAL_REPRESENTATION('',(#152),#155);
#152 = B_SPLINE_CURVE_WITH_KNOTS('',1,(#153,#154),.UNSPECIFIED.,.F.,.F.,
  (2,2),(-24.75,-4.75),.PIECEWISE_BEZIER_KNOTS.);
#153 = CARTESIAN_POINT('',(9.,-29.5));
#154 = CARTESIAN_POINT('',(9.,-9.5));
#155 = ( GEOMETRIC_REPRESENTATION_CONTEXT(2) 
PARAMETRIC_REPRESENTATION_CONTEXT() REPRESENTATION_CONTEXT('2D SPACE',''
  ) );
#156 = PCURVE('',#157,#162);
#157 = PLANE('',#158);
#158 = AXIS2_PLACEMENT_3D('',#159,#160,#161);
#159 = CARTESIAN_POINT('',(-33.75,-10.,9.));
#160 = DIRECTION('',(0.,0.,1.));
#161 = DIRECTION('',(1.,0.,0.));
#162 = DEFINITIONAL_REPRESENTATION('',(#163),#166);
#163 = B_SPLINE_CURVE_WITH_KNOTS('',1,(#164,#165),.UNSPECIFIED.,.F.,.F.,
  (2,2),(-24.75,-4.75),.PIECEWISE_BEZIER_KNOTS.);
#164 = CARTESIAN_POINT('',(1.25,20.));
#165 = CARTESIAN_POINT('',(1.25,0.));
#166 = ( GEOMETRIC_REPRESENTATION_CONTEXT(2) 
PARAMETRIC_REPRESENTATION_CONTEXT() REPRESENTATION_CONTEXT('2D SPACE',''
  ) );
#167 = ORIENTED_EDGE('',*,*,#168,.T.);
#168 = EDGE_CURVE('',#143,#169,#171,.T.);
#169 = VERTEX_POINT('',#170);
#170 = CARTESIAN_POINT('',(-32.5,-10.,11.5));
#171 = SURFACE_CURVE('',#172,(#176,#182),.PCURVE_S1.);
#172 = LINE('',#173,#174);
#173 = CARTESIAN_POINT('',(-32.5,-10.,4.5));
#174 = VECTOR('',#175,1.);
#175 = DIRECTION('',(0.,0.,1.));
#176 = PCURVE('',#32,#177);
#177 = DEFINITIONAL_REPRESENTATION('',(#178),#181);
#178 = B_SPLINE_CURVE_WITH_KNOTS('',1,(#179,#180),.UNSPECIFIED.,.F.,.F.,
  (2,2),(4.5,7.),.PIECEWISE_BEZIER_KNOTS.);
#179 = CARTESIAN_POINT('',(9.,-9.5));
#180 = CARTESIAN_POINT('',(11.5,-9.5));
#181 = ( GEOMETRIC_REPRESENTATION_CONTEXT(2) 
PARAMETRIC_REPRESENTATION_CONTEXT() REPRESENTATION_CONTEXT('2D SPACE',''
  ) );
#182 = PCURVE('',#183,#188);
#183 = PLANE('',#184);
#184 = AXIS2_PLACEMENT_3D('',#185,#186,#187);
#185 = CARTESIAN_POINT('',(-33.75,-10.,9.));
#186 = DIRECTION('',(0.,1.,0.));
#187 = DIRECTION('',(0.,0.,1.));
#188 = DEFINITIONAL_REPRESENTATION('',(#189),#192);
#189 = B_SPLINE_CURVE_WITH_KNOTS('',1,(#190,#191),.UNSPECIFIED.,.F.,.F.,
  (2,2),(4.5,7.),.PIECEWISE_BEZIER_KNOTS.);
#190 = CARTESIAN_POINT('',(0.,1.25));
#191 = CARTESIAN_POINT('',(2.5,1.25));
#192 = ( GEOMETRIC_REPRESENTATION_CONTEXT(2) 
PARAMETRIC_REPRESENTATION_CONTEXT() REPRESENTATION_CONTEXT('2D SPACE',''
  ) );
#193 = ORIENTED_EDGE('',*,*,#194,.F.);
#194 = EDGE_CURVE('',#195,#169,#197,.T.);
#195 = VERTEX_POINT('',#196);
#196 = CARTESIAN_POINT('',(-32.5,10.,11.5));
#197 = SURFACE_CURVE('',#198,(#202,#208),.PCURVE_S1.);
#198 = LINE('',#199,#200);
#199 = CARTESIAN_POINT('',(-32.5,-14.75,11.5));
#200 = VECTOR('',#201,1.);
#201 = DIRECTION('',(0.,-1.,0.));
#202 = PCURVE('',#32,#203);
#203 = DEFINITIONAL_REPRESENTATION('',(#204),#207);
#204 = B_SPLINE_CURVE_WITH_KNOTS('',1,(#205,#206),.UNSPECIFIED.,.F.,.F.,
  (2,2),(-24.75,-4.75),.PIECEWISE_BEZIER_KNOTS.);
#205 = CARTESIAN_POINT('',(11.5,-29.5));
#206 = CARTESIAN_POINT('',(11.5,-9.5));
#207 = ( GEOMETRIC_REPRESENTATION_CONTEXT(2) 
PARAMETRIC_REPRESENTATION_CONTEXT() REPRESENTATION_CONTEXT('2D SPACE',''
  ) );
#208 = PCURVE('',#209,#214);
#209 = PLANE('',#210);
#210 = AXIS2_PLACEMENT_3D('',#211,#212,#213);
#211 = CARTESIAN_POINT('',(-33.75,-10.,11.5));
#212 = DIRECTION('',(0.,0.,1.));
#213 = DIRECTION('',(1.,0.,0.));
#214 = DEFINITIONAL_REPRESENTATION('',(#215),#218);
#215 = B_SPLINE_CURVE_WITH_KNOTS('',1,(#216,#217),.UNSPECIFIED.,.F.,.F.,
  (2,2),(-24.75,-4.75),.PIECEWISE_BEZIER_KNOTS.);
#216 = CARTESIAN_POINT('',(1.25,20.));
#217 = CARTESIAN_POINT('',(1.25,0.));
#218 = ( GEOMETRIC_REPRESENTATION_CONTEXT(2) 
PARAMETRIC_REPRESENTATION_CONTEXT() REPRESENTATION_CONTEXT('2D SPACE',''
  ) );
#219 = ORIENTED_EDGE('',*,*,#220,.F.);
#220 = EDGE_CURVE('',#141,#195,#221,.T.);
#221 = SURFACE_CURVE('',#222,(#226,#232),.PCURVE_S1.);
#222 = LINE('',#223,#224);
#223 = CARTESIAN_POINT('',(-32.5,10.,4.5));
#224 = VECTOR('',#225,1.);
#225 = DIRECTION('',(0.,0.,1.));
#226 = PCURVE('',#32,#227);
#227 = DEFINITIONAL_REPRESENTATION('',(#228),#231);
#228 = B_SPLINE_CURVE_WITH_KNOTS('',1,(#229,#230),.UNSPECIFIED.,.F.,.F.,
  (2,2),(4.5,7.),.PIECEWISE_BEZIER_KNOTS.);
#229 = CARTESIAN_POINT('',(9.,-29.5));
#230 = CARTESIAN_POINT('',(11.5,-29.5));
#231 = ( GEOMETRIC_REPRESENTATION_CONTEXT(2) 
PARAMETRIC_REPRESENTATION_CONTEXT() REPRESENTATION_CONTEXT('2D SPACE',''
  ) );
#232 = PCURVE('',#233,#238);
#233 = PLANE('',#234);
#234 = AXIS2_PLACEMENT_3D('',#235,#236,#237);
#235 = CARTESIAN_POINT('',(-33.75,10.,9.));
#236 = DIRECTION('',(0.,1.,0.));
#237 = DIRECTION('',(0.,0.,1.));
#238 = DEFINITIONAL_REPRESENTATION('',(#239),#242);
#239 = B_SPLINE_CURVE_WITH_KNOTS('',1,(#240,#241),.UNSPECIFIED.,.F.,.F.,
  (2,2),(4.5,7.),.PIECEWISE_BEZIER_KNOTS.);
#240 = CARTESIAN_POINT('',(0.,1.25));
#241 = CARTESIAN_POINT('',(2.5,1.25));
#242 = ( GEOMETRIC_REPRESENTATION_CONTEXT(2) 
PARAMETRIC_REPRESENTATION_CONTEXT() REPRESENTATION_CONTEXT('2D SPACE',''
  ) );
#243 = FACE_BOUND('',#244,.F.);
#244 = EDGE_LOOP('',(#245,#273,#299,#325));
#245 = ORIENTED_EDGE('',*,*,#246,.T.);
#246 = EDGE_CURVE('',#247,#249,#251,.T.);
#247 = VERTEX_POINT('',#248);
#248 = CARTESIAN_POINT('',(-32.5,10.,14.));
#249 = VERTEX_POINT('',#250);
#250 = CARTESIAN_POINT('',(-32.5,-10.,14.));
#251 = SURFACE_CURVE('',#252,(#256,#262),.PCURVE_S1.);
#252 = LINE('',#253,#254);
#253 = CARTESIAN_POINT('',(-32.5,-14.75,14.));
#254 = VECTOR('',#255,1.);
#255 = DIRECTION('',(0.,-1.,0.));
#256 = PCURVE('',#32,#257);
#257 = DEFINITIONAL_REPRESENTATION('',(#258),#261);
#258 = B_SPLINE_CURVE_WITH_KNOTS('',1,(#259,#260),.UNSPECIFIED.,.F.,.F.,
  (2,2),(-24.75,-4.75),.PIECEWISE_BEZIER_KNOTS.);
#259 = CARTESIAN_POINT('',(14.,-29.5));
#260 = CARTESIAN_POINT('',(14.,-9.5));
#261 = ( GEOMETRIC_REPRESENTATION_CONTEXT(2) 
PARAMETRIC_REPRESENTATION_CONTEXT() REPRESENTATION_CONTEXT('2D SPACE',''
  ) );
#262 = PCURVE('',#263,#268);
#263 = PLANE('',#264);
#264 = AXIS2_PLACEMENT_3D('',#265,#266,#267);
#265 = CARTESIAN_POINT('',(-33.75,-10.,14.));
#266 = DIRECTION('',(0.,0.,1.));
#267 = DIRECTION('',(1.,0.,0.));
#268 = DEFINITIONAL_REPRESENTATION('',(#269),#272);
#269 = B_SPLINE_CURVE_WITH_KNOTS('',1,(#270,#271),.UNSPECIFIED.,.F.,.F.,
  (2,2),(-24.75,-4.75),.PIECEWISE_BEZIER_KNOTS.);
#270 = CARTESIAN_POINT('',(1.25,20.));
#271 = CARTESIAN_POINT('',(1.25,0.));
#272 = ( GEOMETRIC_REPRESENTATION_CONTEXT(2) 
PARAMETRIC_REPRESENTATION_CONTEXT() REPRESENTATION_CONTEXT('2D SPACE',''
  ) );
#273 = ORIENTED_EDGE('',*,*,#274,.T.);
#274 = EDGE_CURVE('',#249,#275,#277,.T.);
#275 = VERTEX_POINT('',#276);
#276 = CARTESIAN_POINT('',(-32.5,-10.,16.5));
#277 = SURFACE_CURVE('',#278,(#282,#288),.PCURVE_S1.);
#278 = LINE('',#279,#280);
#279 = CARTESIAN_POINT('',(-32.5,-10.,7.));
#280 = VECTOR('',#281,1.);
#281 = DIRECTION('',(0.,0.,1.));
#282 = PCURVE('',#32,#283);
#283 = DEFINITIONAL_REPRESENTATION('',(#284),#287);
#284 = B_SPLINE_CURVE_WITH_KNOTS('',1,(#285,#286),.UNSPECIFIED.,.F.,.F.,
  (2,2),(7.,9.5),.PIECEWISE_BEZIER_KNOTS.);
#285 = CARTESIAN_POINT('',(14.,-9.5));
#286 = CARTESIAN_POINT('',(16.5,-9.5));
#287 = ( GEOMETRIC_REPRESENTATION_CONTEXT(2) 
PARAMETRIC_REPRESENTATION_CONTEXT() REPRESENTATION_CONTEXT('2D SPACE',''
  ) );
#288 = PCURVE('',#289,#294);
#289 = PLANE('',#290);
#290 = AXIS2_PLACEMENT_3D('',#291,#292,#293);
#291 = CARTESIAN_POINT('',(-33.75,-10.,14.));
#292 = DIRECTION('',(0.,1.,0.));
#293 = DIRECTION('',(0.,0.,1.));
#294 = DEFINITIONAL_REPRESENTATION('',(#295),#298);
#295 = B_SPLINE_CURVE_WITH_KNOTS('',1,(#296,#297),.UNSPECIFIED.,.F.,.F.,
  (2,2),(7.,9.5),.PIECEWISE_BEZIER_KNOTS.);
#296 = CARTESIAN_POINT('',(0.,1.25));
#297 = CARTESIAN_POINT('',(2.5,1.25));
#298 = ( GEOMETRIC_REPRESENTATION_CONTEXT(2) 
PARAMETRIC_REPRESENTATION_CONTEXT() REPRESENTATION_CONTEXT('2D SPACE',''
  ) );
#299 = ORIENTED_EDGE('',*,*,#300,.F.);
#300 = EDGE_CURVE('',#301,#275,#303,.T.);
#301 = VERTEX_POINT('',#302);
#302 = CARTESIAN_POINT('',(-32.5,10.,16.5));
#303 = SURFACE_CURVE('',#304,(#308,#314),.PCURVE_S1.);
#304 = LINE('',#305,#306);
#305 = CARTESIAN_POINT('',(-32.5,-14.75,16.5));
#306 = VECTOR('',#307,1.);
#307 = DIRECTION('',(0.,-1.,0.));
#308 = PCURVE('',#32,#309);
#309 = DEFINITIONAL_REPRESENTATION('',(#310),#313);
#310 = B_SPLINE_CURVE_WITH_KNOTS('',1,(#311,#312),.UNSPECIFIED.,.F.,.F.,
  (2,2),(-24.75,-4.75),.PIECEWISE_BEZIER_KNOTS.);
#311 = CARTESIAN_POINT('',(16.5,-29.5));
#312 = CARTESIAN_POINT('',(16.5,-9.5));
#313 = ( GEOMETRIC_REPRESENTATION_CONTEXT(2) 
PARAMETRIC_REPRESENTATION_CONTEXT() REPRESENTATION_CONTEXT('2D SPACE',''
  ) );
#314 = PCURVE('',#315,#320);
#315 = PLANE('',#316);
#316 = AXIS2_PLACEMENT_3D('',#317,#318,#319);
#317 = CARTESIAN_POINT('',(-33.75,-10.,16.5));
#318 = DIRECTION('',(0.,0.,1.));
#319 = DIRECTION('',(1.,0.,0.));
#320 = DEFINITIONAL_REPRESENTATION('',(#321),#324);
#321 = B_SPLINE_CURVE_WITH_KNOTS('',1,(#322,#323),.UNSPECIFIED.,.F.,.F.,
  (2,2),(-24.75,-4.75),.PIECEWISE_BEZIER_KNOTS.);
#322 = CARTESIAN_POINT('',(1.25,20.));
#323 = CARTESIAN_POINT('',(1.25,0.));
#324 = ( GEOMETRIC_REPRESENTATION_CONTEXT(2) 
PARAMETRIC_REPRESENTATION_CONTEXT() REPRESENTATION_CONTEXT('2D SPACE',''
  ) );
#325 = ORIENTED_EDGE('',*,*,#326,.F.);
#326 = EDGE_CURVE('',#247,#301,#327,.T.);
#327 = SURFACE_CURVE('',#328,(#332,#338),.PCURVE_S1.);
#328 = LINE('',#329,#330);
#329 = CARTESIAN_POINT('',(-32.5,10.,7.));
#330 = VECTOR('',#331,1.);
#331 = DIRECTION('',(0.,0.,1.));
#332 = PCURVE('',#32,#333);
#333 = DEFINITIONAL_REPRESENTATION('',(#334),#337);
#334 = B_SPLINE_CURVE_WITH_KNOTS('',1,(#335,#336),.UNSPECIFIED.,.F.,.F.,
  (2,2),(7.,9.5),.PIECEWISE_BEZIER_KNOTS.);
#335 = CARTESIAN_POINT('',(14.,-29.5));
#336 = CARTESIAN_POINT('',(16.5,-29.5));
#337 = ( GEOMETRIC_REPRESENTATION_CONTEXT(2) 
PARAMETRIC_REPRESENTATION_CONTEXT() REPRESENTATION_CONTEXT('2D SPACE',''
  ) );
#338 = PCURVE('',#339,#344);
#339 = PLANE('',#340);
#340 = AXIS2_PLACEMENT_3D('',#341,#342,#343);
#341 = CARTESIAN_POINT('',(-33.75,10.,14.));
#342 = DIRECTION('',(0.,1.,0.));
#343 = DIRECTION('',(0.,0.,1.));
#344 = DEFINITIONAL_REPRESENTATION('',(#345),#348);
#345 = B_SPLINE_CURVE_WITH_KNOTS('',1,(#346,#347),.UNSPECIFIED.,.F.,.F.,
  (2,2),(7.,9.5),.PIECEWISE_BEZIER_KNOTS.);
#346 = CARTESIAN_POINT('',(0.,1.25));
#347 = CARTESIAN_POINT('',(2.5,1.25));
#348 = ( GEOMETRIC_REPRESENTATION_CONTEXT(2) 
PARAMETRIC_REPRESENTATION_CONTEXT() REPRESENTATION_CONTEXT('2D SPACE',''
  ) );
#349 = FACE_BOUND('',#350,.F.);
#350 = EDGE_LOOP('',(#351,#379,#405,#431));
#351 = ORIENTED_EDGE('',*,*,#352,.T.);
#352 = EDGE_CURVE('',#353,#355,#357,.T.);
#353 = VERTEX_POINT('',#354);
#354 = CARTESIAN_POINT('',(-32.5,10.,19.));
#355 = VERTEX_POINT('',#356);
#356 = CARTESIAN_POINT('',(-32.5,-10.,19.));
#357 = SURFACE_CURVE('',#358,(#362,#368),.PCURVE_S1.);
#358 = LINE('',#359,#360);
#359 = CARTESIAN_POINT('',(-32.5,-14.75,19.));
#360 = VECTOR('',#361,1.);
#361 = DIRECTION('',(0.,-1.,0.));
#362 = PCURVE('',#32,#363);
#363 = DEFINITIONAL_REPRESENTATION('',(#364),#367);
#364 = B_SPLINE_CURVE_WITH_KNOTS('',1,(#365,#366),.UNSPECIFIED.,.F.,.F.,
  (2,2),(-24.75,-4.75),.PIECEWISE_BEZIER_KNOTS.);
#365 = CARTESIAN_POINT('',(19.,-29.5));
#366 = CARTESIAN_POINT('',(19.,-9.5));
#367 = ( GEOMETRIC_REPRESENTATION_CONTEXT(2) 
PARAMETRIC_REPRESENTATION_CONTEXT() REPRESENTATION_CONTEXT('2D SPACE',''
  ) );
#368 = PCURVE('',#369,#374);
#369 = PLANE('',#370);
#370 = AXIS2_PLACEMENT_3D('',#371,#372,#373);
#371 = CARTESIAN_POINT('',(-33.75,-10.,19.));
#372 = DIRECTION('',(0.,0.,1.));
#373 = DIRECTION('',(1.,0.,0.));
#374 = DEFINITIONAL_REPRESENTATION('',(#375),#378);
#375 = B_SPLINE_CURVE_WITH_KNOTS('',1,(#376,#377),.UNSPECIFIED.,.F.,.F.,
  (2,2),(-24.75,-4.75),.PIECEWISE_BEZIER_KNOTS.);
#376 = CARTESIAN_POINT('',(1.25,20.));
#377 = CARTESIAN_POINT('',(1.25,0.));
#378 = ( GEOMETRIC_REPRESENTATION_CONTEXT(2) 
PARAMETRIC_REPRESENTATION_CONTEXT() REPRESENTATION_CONTEXT('2D SPACE',''
  ) );
#379 = ORIENTED_EDGE('',*,*,#380,.T.);
#380 = EDGE_CURVE('',#355,#381,#383,.T.);
#381 = VERTEX_POINT('',#382);
#382 = CARTESIAN_POINT('',(-32.5,-10.,21.5));
#383 = SURFACE_CURVE('',#384,(#388,#394),.PCURVE_S1.);
#384 = LINE('',#385,#386);
#385 = CARTESIAN_POINT('',(-32.5,-10.,9.5));
#386 = VECTOR('',#387,1.);
#387 = DIRECTION('',(0.,0.,1.));
#388 = PCURVE('',#32,#389);
#389 = DEFINITIONAL_REPRESENTATION('',(#390),#393);
#390 = B_SPLINE_CURVE_WITH_KNOTS('',1,(#391,#392),.UNSPECIFIED.,.F.,.F.,
  (2,2),(9.5,12.),.PIECEWISE_BEZIER_KNOTS.);
#391 = CARTESIAN_POINT('',(19.,-9.5));
#392 = CARTESIAN_POINT('',(21.5,-9.5));
#393 = ( GEOMETRIC_REPRESENTATION_CONTEXT(2) 
PARAMETRIC_REPRESENTATION_CONTEXT() REPRESENTATION_CONTEXT('2D SPACE',''
  ) );
#394 = PCURVE('',#395,#400);
#395 = PLANE('',#396);
#396 = AXIS2_PLACEMENT_3D('',#397,#398,#399);
#397 = CARTESIAN_POINT('',(-33.75,-10.,19.));
#398 = DIRECTION('',(0.,1.,0.));
#399 = DIRECTION('',(0.,0.,1.));
#400 = DEFINITIONAL_REPRESENTATION('',(#401),#404);
#401 = B_SPLINE_CURVE_WITH_KNOTS('',1,(#402,#403),.UNSPECIFIED.,.F.,.F.,
  (2,2),(9.5,12.),.PIECEWISE_BEZIER_KNOTS.);
#402 = CARTESIAN_POINT('',(0.,1.25));
#403 = CARTESIAN_POINT('',(2.5,1.25));
#404 = ( GEOMETRIC_REPRESENTATION_CONTEXT(2) 
PARAMETRIC_REPRESENTATION_CONTEXT() REPRESENTATION_CONTEXT('2D SPACE',''
  ) );
#405 = ORIENTED_EDGE('',*,*,#406,.F.);
#406 = EDGE_CURVE('',#407,#381,#409,.T.);
#407 = VERTEX_POINT('',#408);
#408 = CARTESIAN_POINT('',(-32.5,10.,21.5));
#409 = SURFACE_CURVE('',#410,(#414,#420),.PCURVE_S1.);
#410 = LINE('',#411,#412);
#411 = CARTESIAN_POINT('',(-32.5,-14.75,21.5));
#412 = VECTOR('',#413,1.);
#413 = DIRECTION('',(0.,-1.,0.));
#414 = PCURVE('',#32,#415);
#415 = DEFINITIONAL_REPRESENTATION('',(#416),#419);
#416 = B_SPLINE_CURVE_WITH_KNOTS('',1,(#417,#418),.UNSPECIFIED.,.F.,.F.,
  (2,2),(-24.75,-4.75),.PIECEWISE_BEZIER_KNOTS.);
#417 = CARTESIAN_POINT('',(21.5,-29.5));
#418 = CARTESIAN_POINT('',(21.5,-9.5));
#419 = ( GEOMETRIC_REPRESENTATION_CONTEXT(2) 
PARAMETRIC_REPRESENTATION_CONTEXT() REPRESENTATION_CONTEXT('2D SPACE',''
  ) );
#420 = PCURVE('',#421,#426);
#421 = PLANE('',#422);
#422 = AXIS2_PLACEMENT_3D('',#423,#424,#425);
#423 = CARTESIAN_POINT('',(-33.75,-10.,21.5));
#424 = DIRECTION('',(0.,0.,1.));
#425 = DIRECTION('',(1.,0.,0.));
#426 = DEFINITIONAL_REPRESENTATION('',(#427),#430);
#427 = B_SPLINE_CURVE_WITH_KNOTS('',1,(#428,#429),.UNSPECIFIED.,.F.,.F.,
  (2,2),(-24.75,-4.75),.PIECEWISE_BEZIER_KNOTS.);
#428 = CARTESIAN_POINT('',(1.25,20.));
#429 = CARTESIAN_POINT('',(1.25,0.));
#430 = ( GEOMETRIC_REPRESENTATION_CONTEXT(2) 
PARAMETRIC_REPRESENTATION_CONTEXT() REPRESENTATION_CONTEXT('2D SPACE',''
  ) );
#431 = ORIENTED_EDGE('',*,*,#432,.F.);
#432 = EDGE_CURVE('',#353,#407,#433,.T.);
#433 = SURFACE_CURVE('',#434,(#438,#444),.PCURVE_S1.);
#434 = LINE('',#435,#436);
#435 = CARTESIAN_POINT('',(-32.5,10.,9.5));
#436 = VECTOR('',#437,1.);
#437 = DIRECTION('',(0.,0.,1.));
#438 = PCURVE('',#32,#439);
#439 = DEFINITIONAL_REPRESENTATION('',(#440),#443);
#440 = B_SPLINE_CURVE_WITH_KNOTS('',1,(#441,#442),.UNSPECIFIED.,.F.,.F.,
  (2,2),(9.5,12.),.PIECEWISE_BEZIER_KNOTS.);
#441 = CARTESIAN_POINT('',(19.,-29.5));
#442 = CARTESIAN_POINT('',(21.5,-29.5));
#443 = ( GEOMETRIC_REPRESENTATION_CONTEXT(2) 
PARAMETRIC_REPRESENTATION_CONTEXT() REPRESENTATION_CONTEXT('2D SPACE',''
  ) );
#444 = PCURVE('',#445,#450);
#445 = PLANE('',#446);
#446 = AXIS2_PLACEMENT_3D('',#447,#448,#449);
#447 = CARTESIAN_POINT('',(-33.75,10.,19.));
#448 = DIRECTION('',(0.,1.,0.));
#449 = DIRECTION('',(0.,0.,1.));
#450 = DEFINITIONAL_REPRESENTATION('',(#451),#454);
#451 = B_SPLINE_CURVE_WITH_KNOTS('',1,(#452,#453),.UNSPECIFIED.,.F.,.F.,
  (2,2),(9.5,12.),.PIECEWISE_BEZIER_KNOTS.);
#452 = CARTESIAN_POINT('',(0.,1.25));
#453 = CARTESIAN_POINT('',(2.5,1.25));
#454 = ( GEOMETRIC_REPRESENTATION_CONTEXT(2) 
PARAMETRIC_REPRESENTATION_CONTEXT() REPRESENTATION_CONTEXT('2D SPACE',''
  ) );
#455 = ADVANCED_FACE('',(#456,#655,#686,#717,#748,#1310),#44,.T.);
#456 = FACE_BOUND('',#457,.T.);
#457 = EDGE_LOOP('',(#458,#459,#483,#511,#544,#572,#601,#629));
#458 = ORIENTED_EDGE('',*,*,#21,.F.);
#459 = ORIENTED_EDGE('',*,*,#460,.T.);
#460 = EDGE_CURVE('',#22,#461,#463,.T.);
#461 = VERTEX_POINT('',#462);
#462 = CARTESIAN_POINT('',(-29.5,-19.5,27.));
#463 = SURFACE_CURVE('',#464,(#469,#476),.PCURVE_S1.);
#464 = CIRCLE('',#465,3.);
#465 = AXIS2_PLACEMENT_3D('',#466,#467,#468);
#466 = CARTESIAN_POINT('',(-29.5,-16.5,27.));
#467 = DIRECTION('',(0.,0.,1.));
#468 = DIRECTION('',(0.,-1.,0.));
#469 = PCURVE('',#44,#470);
#470 = DEFINITIONAL_REPRESENTATION('',(#471),#475);
#471 = CIRCLE('',#472,3.);
#472 = AXIS2_PLACEMENT_2D('',#473,#474);
#473 = CARTESIAN_POINT('',(3.,3.));
#474 = DIRECTION('',(0.,-1.));
#475 = ( GEOMETRIC_REPRESENTATION_CONTEXT(2) 
PARAMETRIC_REPRESENTATION_CONTEXT() REPRESENTATION_CONTEXT('2D SPACE',''
  ) );
#476 = PCURVE('',#72,#477);
#477 = DEFINITIONAL_REPRESENTATION('',(#478),#482);
#478 = LINE('',#479,#480);
#479 = CARTESIAN_POINT('',(-4.712388980385,27.));
#480 = VECTOR('',#481,1.);
#481 = DIRECTION('',(1.,0.));
#482 = ( GEOMETRIC_REPRESENTATION_CONTEXT(2) 
PARAMETRIC_REPRESENTATION_CONTEXT() REPRESENTATION_CONTEXT('2D SPACE',''
  ) );
#483 = ORIENTED_EDGE('',*,*,#484,.T.);
#484 = EDGE_CURVE('',#461,#485,#487,.T.);
#485 = VERTEX_POINT('',#486);
#486 = CARTESIAN_POINT('',(29.5,-19.5,27.));
#487 = SURFACE_CURVE('',#488,(#492,#499),.PCURVE_S1.);
#488 = LINE('',#489,#490);
#489 = CARTESIAN_POINT('',(-32.5,-19.5,27.));
#490 = VECTOR('',#491,1.);
#491 = DIRECTION('',(1.,0.,0.));
#492 = PCURVE('',#44,#493);
#493 = DEFINITIONAL_REPRESENTATION('',(#494),#498);
#494 = LINE('',#495,#496);
#495 = CARTESIAN_POINT('',(0.,0.));
#496 = VECTOR('',#497,1.);
#497 = DIRECTION('',(1.,0.));
#498 = ( GEOMETRIC_REPRESENTATION_CONTEXT(2) 
PARAMETRIC_REPRESENTATION_CONTEXT() REPRESENTATION_CONTEXT('2D SPACE',''
  ) );
#499 = PCURVE('',#500,#505);
#500 = PLANE('',#501);
#501 = AXIS2_PLACEMENT_3D('',#502,#503,#504);
#502 = CARTESIAN_POINT('',(-32.5,-19.5,0.));
#503 = DIRECTION('',(0.,1.,0.));
#504 = DIRECTION('',(0.,0.,1.));
#505 = DEFINITIONAL_REPRESENTATION('',(#506),#510);
#506 = LINE('',#507,#508);
#507 = CARTESIAN_POINT('',(27.,0.));
#508 = VECTOR('',#509,1.);
#509 = DIRECTION('',(0.,1.));
#510 = ( GEOMETRIC_REPRESENTATION_CONTEXT(2) 
PARAMETRIC_REPRESENTATION_CONTEXT() REPRESENTATION_CONTEXT('2D SPACE',''
  ) );
#511 = ORIENTED_EDGE('',*,*,#512,.F.);
#512 = EDGE_CURVE('',#513,#485,#515,.T.);
#513 = VERTEX_POINT('',#514);
#514 = CARTESIAN_POINT('',(32.5,-16.5,27.));
#515 = SURFACE_CURVE('',#516,(#521,#532),.PCURVE_S1.);
#516 = CIRCLE('',#517,3.);
#517 = AXIS2_PLACEMENT_3D('',#518,#519,#520);
#518 = CARTESIAN_POINT('',(29.5,-16.5,27.));
#519 = DIRECTION('',(-0.,-0.,-1.));
#520 = DIRECTION('',(0.,-1.,0.));
#521 = PCURVE('',#44,#522);
#522 = DEFINITIONAL_REPRESENTATION('',(#523),#531);
#523 = ( BOUNDED_CURVE() B_SPLINE_CURVE(2,(#524,#525,#526,#527,#528,#529
,#530),.UNSPECIFIED.,.T.,.F.) B_SPLINE_CURVE_WITH_KNOTS((1,2,2,2,2,1),(
    -2.094395102393,0.,2.094395102393,4.188790204786,6.28318530718,
8.377580409573),.UNSPECIFIED.) CURVE() GEOMETRIC_REPRESENTATION_ITEM() 
RATIONAL_B_SPLINE_CURVE((1.,0.5,1.,0.5,1.,0.5,1.)) REPRESENTATION_ITEM(
  '') );
#524 = CARTESIAN_POINT('',(62.,0.));
#525 = CARTESIAN_POINT('',(56.803847577293,0.));
#526 = CARTESIAN_POINT('',(59.401923788647,4.5));
#527 = CARTESIAN_POINT('',(62.,9.));
#528 = CARTESIAN_POINT('',(64.598076211353,4.5));
#529 = CARTESIAN_POINT('',(67.196152422707,4.440892098501E-15));
#530 = CARTESIAN_POINT('',(62.,0.));
#531 = ( GEOMETRIC_REPRESENTATION_CONTEXT(2) 
PARAMETRIC_REPRESENTATION_CONTEXT() REPRESENTATION_CONTEXT('2D SPACE',''
  ) );
#532 = PCURVE('',#533,#538);
#533 = CYLINDRICAL_SURFACE('',#534,3.);
#534 = AXIS2_PLACEMENT_3D('',#535,#536,#537);
#535 = CARTESIAN_POINT('',(29.5,-16.5,0.));
#536 = DIRECTION('',(0.,0.,1.));
#537 = DIRECTION('',(1.,0.,-0.));
#538 = DEFINITIONAL_REPRESENTATION('',(#539),#543);
#539 = LINE('',#540,#541);
#540 = CARTESIAN_POINT('',(4.712388980385,27.));
#541 = VECTOR('',#542,1.);
#542 = DIRECTION('',(-1.,0.));
#543 = ( GEOMETRIC_REPRESENTATION_CONTEXT(2) 
PARAMETRIC_REPRESENTATION_CONTEXT() REPRESENTATION_CONTEXT('2D SPACE',''
  ) );
#544 = ORIENTED_EDGE('',*,*,#545,.T.);
#545 = EDGE_CURVE('',#513,#546,#548,.T.);
#546 = VERTEX_POINT('',#547);
#547 = CARTESIAN_POINT('',(32.5,16.5,27.));
#548 = SURFACE_CURVE('',#549,(#553,#560),.PCURVE_S1.);
#549 = LINE('',#550,#551);
#550 = CARTESIAN_POINT('',(32.5,-19.5,27.));
#551 = VECTOR('',#552,1.);
#552 = DIRECTION('',(0.,1.,0.));
#553 = PCURVE('',#44,#554);
#554 = DEFINITIONAL_REPRESENTATION('',(#555),#559);
#555 = LINE('',#556,#557);
#556 = CARTESIAN_POINT('',(65.,0.));
#557 = VECTOR('',#558,1.);
#558 = DIRECTION('',(0.,1.));
#559 = ( GEOMETRIC_REPRESENTATION_CONTEXT(2) 
PARAMETRIC_REPRESENTATION_CONTEXT() REPRESENTATION_CONTEXT('2D SPACE',''
  ) );
#560 = PCURVE('',#561,#566);
#561 = PLANE('',#562);
#562 = AXIS2_PLACEMENT_3D('',#563,#564,#565);
#563 = CARTESIAN_POINT('',(32.5,-19.5,0.));
#564 = DIRECTION('',(1.,0.,0.));
#565 = DIRECTION('',(0.,0.,1.));
#566 = DEFINITIONAL_REPRESENTATION('',(#567),#571);
#567 = LINE('',#568,#569);
#568 = CARTESIAN_POINT('',(27.,0.));
#569 = VECTOR('',#570,1.);
#570 = DIRECTION('',(0.,-1.));
#571 = ( GEOMETRIC_REPRESENTATION_CONTEXT(2) 
PARAMETRIC_REPRESENTATION_CONTEXT() REPRESENTATION_CONTEXT('2D SPACE',''
  ) );
#572 = ORIENTED_EDGE('',*,*,#573,.T.);
#573 = EDGE_CURVE('',#546,#574,#576,.T.);
#574 = VERTEX_POINT('',#575);
#575 = CARTESIAN_POINT('',(29.5,19.5,27.));
#576 = SURFACE_CURVE('',#577,(#582,#589),.PCURVE_S1.);
#577 = CIRCLE('',#578,3.);
#578 = AXIS2_PLACEMENT_3D('',#579,#580,#581);
#579 = CARTESIAN_POINT('',(29.5,16.5,27.));
#580 = DIRECTION('',(0.,0.,1.));
#581 = DIRECTION('',(0.,-1.,0.));
#582 = PCURVE('',#44,#583);
#583 = DEFINITIONAL_REPRESENTATION('',(#584),#588);
#584 = CIRCLE('',#585,3.);
#585 = AXIS2_PLACEMENT_2D('',#586,#587);
#586 = CARTESIAN_POINT('',(62.,36.));
#587 = DIRECTION('',(0.,-1.));
#588 = ( GEOMETRIC_REPRESENTATION_CONTEXT(2) 
PARAMETRIC_REPRESENTATION_CONTEXT() REPRESENTATION_CONTEXT('2D SPACE',''
  ) );
#589 = PCURVE('',#590,#595);
#590 = CYLINDRICAL_SURFACE('',#591,3.);
#591 = AXIS2_PLACEMENT_3D('',#592,#593,#594);
#592 = CARTESIAN_POINT('',(29.5,16.5,0.));
#593 = DIRECTION('',(0.,0.,1.));
#594 = DIRECTION('',(1.,0.,-0.));
#595 = DEFINITIONAL_REPRESENTATION('',(#596),#600);
#596 = LINE('',#597,#598);
#597 = CARTESIAN_POINT('',(-1.570796326795,27.));
#598 = VECTOR('',#599,1.);
#599 = DIRECTION('',(1.,0.));
#600 = ( GEOMETRIC_REPRESENTATION_CONTEXT(2) 
PARAMETRIC_REPRESENTATION_CONTEXT() REPRESENTATION_CONTEXT('2D SPACE',''
  ) );
#601 = ORIENTED_EDGE('',*,*,#602,.F.);
#602 = EDGE_CURVE('',#603,#574,#605,.T.);
#603 = VERTEX_POINT('',#604);
#604 = CARTESIAN_POINT('',(-29.5,19.5,27.));
#605 = SURFACE_CURVE('',#606,(#610,#617),.PCURVE_S1.);
#606 = LINE('',#607,#608);
#607 = CARTESIAN_POINT('',(-32.5,19.5,27.));
#608 = VECTOR('',#609,1.);
#609 = DIRECTION('',(1.,0.,0.));
#610 = PCURVE('',#44,#611);
#611 = DEFINITIONAL_REPRESENTATION('',(#612),#616);
#612 = LINE('',#613,#614);
#613 = CARTESIAN_POINT('',(0.,39.));
#614 = VECTOR('',#615,1.);
#615 = DIRECTION('',(1.,0.));
#616 = ( GEOMETRIC_REPRESENTATION_CONTEXT(2) 
PARAMETRIC_REPRESENTATION_CONTEXT() REPRESENTATION_CONTEXT('2D SPACE',''
  ) );
#617 = PCURVE('',#618,#623);
#618 = PLANE('',#619);
#619 = AXIS2_PLACEMENT_3D('',#620,#621,#622);
#620 = CARTESIAN_POINT('',(-32.5,19.5,0.));
#621 = DIRECTION('',(0.,1.,0.));
#622 = DIRECTION('',(0.,0.,1.));
#623 = DEFINITIONAL_REPRESENTATION('',(#624),#628);
#624 = LINE('',#625,#626);
#625 = CARTESIAN_POINT('',(27.,0.));
#626 = VECTOR('',#627,1.);
#627 = DIRECTION('',(0.,1.));
#628 = ( GEOMETRIC_REPRESENTATION_CONTEXT(2) 
PARAMETRIC_REPRESENTATION_CONTEXT() REPRESENTATION_CONTEXT('2D SPACE',''
  ) );
#629 = ORIENTED_EDGE('',*,*,#630,.F.);
#630 = EDGE_CURVE('',#24,#603,#631,.T.);
#631 = SURFACE_CURVE('',#632,(#637,#648),.PCURVE_S1.);
#632 = CIRCLE('',#633,3.);
#633 = AXIS2_PLACEMENT_3D('',#634,#635,#636);
#634 = CARTESIAN_POINT('',(-29.5,16.5,27.));
#635 = DIRECTION('',(-0.,-0.,-1.));
#636 = DIRECTION('',(0.,-1.,0.));
#637 = PCURVE('',#44,#638);
#638 = DEFINITIONAL_REPRESENTATION('',(#639),#647);
#639 = ( BOUNDED_CURVE() B_SPLINE_CURVE(2,(#640,#641,#642,#643,#644,#645
,#646),.UNSPECIFIED.,.T.,.F.) B_SPLINE_CURVE_WITH_KNOTS((1,2,2,2,2,1),(
    -2.094395102393,0.,2.094395102393,4.188790204786,6.28318530718,
8.377580409573),.UNSPECIFIED.) CURVE() GEOMETRIC_REPRESENTATION_ITEM() 
RATIONAL_B_SPLINE_CURVE((1.,0.5,1.,0.5,1.,0.5,1.)) REPRESENTATION_ITEM(
  '') );
#640 = CARTESIAN_POINT('',(3.,33.));
#641 = CARTESIAN_POINT('',(-2.196152422707,33.));
#642 = CARTESIAN_POINT('',(0.401923788647,37.5));
#643 = CARTESIAN_POINT('',(3.,42.));
#644 = CARTESIAN_POINT('',(5.598076211353,37.5));
#645 = CARTESIAN_POINT('',(8.196152422707,33.));
#646 = CARTESIAN_POINT('',(3.,33.));
#647 = ( GEOMETRIC_REPRESENTATION_CONTEXT(2) 
PARAMETRIC_REPRESENTATION_CONTEXT() REPRESENTATION_CONTEXT('2D SPACE',''
  ) );
#648 = PCURVE('',#126,#649);
#649 = DEFINITIONAL_REPRESENTATION('',(#650),#654);
#650 = LINE('',#651,#652);
#651 = CARTESIAN_POINT('',(1.570796326795,27.));
#652 = VECTOR('',#653,1.);
#653 = DIRECTION('',(-1.,0.));
#654 = ( GEOMETRIC_REPRESENTATION_CONTEXT(2) 
PARAMETRIC_REPRESENTATION_CONTEXT() REPRESENTATION_CONTEXT('2D SPACE',''
  ) );
#655 = FACE_BOUND('',#656,.T.);
#656 = EDGE_LOOP('',(#657));
#657 = ORIENTED_EDGE('',*,*,#658,.F.);
#658 = EDGE_CURVE('',#659,#659,#661,.T.);
#659 = VERTEX_POINT('',#660);
#660 = CARTESIAN_POINT('',(-24.75,-13.75,27.));
#661 = SURFACE_CURVE('',#662,(#667,#674),.PCURVE_S1.);
#662 = CIRCLE('',#663,1.75);
#663 = AXIS2_PLACEMENT_3D('',#664,#665,#666);
#664 = CARTESIAN_POINT('',(-26.5,-13.75,27.));
#665 = DIRECTION('',(0.,0.,1.));
#666 = DIRECTION('',(1.,0.,0.));
#667 = PCURVE('',#44,#668);
#668 = DEFINITIONAL_REPRESENTATION('',(#669),#673);
#669 = CIRCLE('',#670,1.75);
#670 = AXIS2_PLACEMENT_2D('',#671,#672);
#671 = CARTESIAN_POINT('',(6.,5.75));
#672 = DIRECTION('',(1.,0.));
#673 = ( GEOMETRIC_REPRESENTATION_CONTEXT(2) 
PARAMETRIC_REPRESENTATION_CONTEXT() REPRESENTATION_CONTEXT('2D SPACE',''
  ) );
#674 = PCURVE('',#675,#680);
#675 = CYLINDRICAL_SURFACE('',#676,1.75);
#676 = AXIS2_PLACEMENT_3D('',#677,#678,#679);
#677 = CARTESIAN_POINT('',(-26.5,-13.75,3.));
#678 = DIRECTION('',(-0.,-0.,-1.));
#679 = DIRECTION('',(1.,0.,0.));
#680 = DEFINITIONAL_REPRESENTATION('',(#681),#685);
#681 = LINE('',#682,#683);
#682 = CARTESIAN_POINT('',(-0.,-24.));
#683 = VECTOR('',#684,1.);
#684 = DIRECTION('',(-1.,0.));
#685 = ( GEOMETRIC_REPRESENTATION_CONTEXT(2) 
PARAMETRIC_REPRESENTATION_CONTEXT() REPRESENTATION_CONTEXT('2D SPACE',''
  ) );
#686 = FACE_BOUND('',#687,.T.);
#687 = EDGE_LOOP('',(#688));
#688 = ORIENTED_EDGE('',*,*,#689,.F.);
#689 = EDGE_CURVE('',#690,#690,#692,.T.);
#690 = VERTEX_POINT('',#691);
#691 = CARTESIAN_POINT('',(28.25,-13.75,27.));
#692 = SURFACE_CURVE('',#693,(#698,#705),.PCURVE_S1.);
#693 = CIRCLE('',#694,1.75);
#694 = AXIS2_PLACEMENT_3D('',#695,#696,#697);
#695 = CARTESIAN_POINT('',(26.5,-13.75,27.));
#696 = DIRECTION('',(0.,0.,1.));
#697 = DIRECTION('',(1.,0.,0.));
#698 = PCURVE('',#44,#699);
#699 = DEFINITIONAL_REPRESENTATION('',(#700),#704);
#700 = CIRCLE('',#701,1.75);
#701 = AXIS2_PLACEMENT_2D('',#702,#703);
#702 = CARTESIAN_POINT('',(59.,5.75));
#703 = DIRECTION('',(1.,0.));
#704 = ( GEOMETRIC_REPRESENTATION_CONTEXT(2) 
PARAMETRIC_REPRESENTATION_CONTEXT() REPRESENTATION_CONTEXT('2D SPACE',''
  ) );
#705 = PCURVE('',#706,#711);
#706 = CYLINDRICAL_SURFACE('',#707,1.75);
#707 = AXIS2_PLACEMENT_3D('',#708,#709,#710);
#708 = CARTESIAN_POINT('',(26.5,-13.75,3.));
#709 = DIRECTION('',(-0.,-0.,-1.));
#710 = DIRECTION('',(1.,0.,0.));
#711 = DEFINITIONAL_REPRESENTATION('',(#712),#716);
#712 = LINE('',#713,#714);
#713 = CARTESIAN_POINT('',(-0.,-24.));
#714 = VECTOR('',#715,1.);
#715 = DIRECTION('',(-1.,0.));
#716 = ( GEOMETRIC_REPRESENTATION_CONTEXT(2) 
PARAMETRIC_REPRESENTATION_CONTEXT() REPRESENTATION_CONTEXT('2D SPACE',''
  ) );
#717 = FACE_BOUND('',#718,.T.);
#718 = EDGE_LOOP('',(#719));
#719 = ORIENTED_EDGE('',*,*,#720,.F.);
#720 = EDGE_CURVE('',#721,#721,#723,.T.);
#721 = VERTEX_POINT('',#722);
#722 = CARTESIAN_POINT('',(-24.75,13.75,27.));
#723 = SURFACE_CURVE('',#724,(#729,#736),.PCURVE_S1.);
#724 = CIRCLE('',#725,1.75);
#725 = AXIS2_PLACEMENT_3D('',#726,#727,#728);
#726 = CARTESIAN_POINT('',(-26.5,13.75,27.));
#727 = DIRECTION('',(0.,0.,1.));
#728 = DIRECTION('',(1.,0.,0.));
#729 = PCURVE('',#44,#730);
#730 = DEFINITIONAL_REPRESENTATION('',(#731),#735);
#731 = CIRCLE('',#732,1.75);
#732 = AXIS2_PLACEMENT_2D('',#733,#734);
#733 = CARTESIAN_POINT('',(6.,33.25));
#734 = DIRECTION('',(1.,0.));
#735 = ( GEOMETRIC_REPRESENTATION_CONTEXT(2) 
PARAMETRIC_REPRESENTATION_CONTEXT() REPRESENTATION_CONTEXT('2D SPACE',''
  ) );
#736 = PCURVE('',#737,#742);
#737 = CYLINDRICAL_SURFACE('',#738,1.75);
#738 = AXIS2_PLACEMENT_3D('',#739,#740,#741);
#739 = CARTESIAN_POINT('',(-26.5,13.75,3.));
#740 = DIRECTION('',(-0.,-0.,-1.));
#741 = DIRECTION('',(1.,0.,0.));
#742 = DEFINITIONAL_REPRESENTATION('',(#743),#747);
#743 = LINE('',#744,#745);
#744 = CARTESIAN_POINT('',(-0.,-24.));
#745 = VECTOR('',#746,1.);
#746 = DIRECTION('',(-1.,0.));
#747 = ( GEOMETRIC_REPRESENTATION_CONTEXT(2) 
PARAMETRIC_REPRESENTATION_CONTEXT() REPRESENTATION_CONTEXT('2D SPACE',''
  ) );
#748 = FACE_BOUND('',#749,.T.);
#749 = EDGE_LOOP('',(#750,#780,#808,#836,#864,#892,#920,#948,#976,#1004,
    #1032,#1060,#1088,#1116,#1144,#1172,#1200,#1228,#1256,#1284));
#750 = ORIENTED_EDGE('',*,*,#751,.F.);
#751 = EDGE_CURVE('',#752,#754,#756,.T.);
#752 = VERTEX_POINT('',#753);
#753 = CARTESIAN_POINT('',(-22.5,-17.,27.));
#754 = VERTEX_POINT('',#755);
#755 = CARTESIAN_POINT('',(-8.,-17.,27.));
#756 = SURFACE_CURVE('',#757,(#761,#768),.PCURVE_S1.);
#757 = LINE('',#758,#759);
#758 = CARTESIAN_POINT('',(-30.,-17.,27.));
#759 = VECTOR('',#760,1.);
#760 = DIRECTION('',(1.,0.,0.));
#761 = PCURVE('',#44,#762);
#762 = DEFINITIONAL_REPRESENTATION('',(#763),#767);
#763 = LINE('',#764,#765);
#764 = CARTESIAN_POINT('',(2.5,2.5));
#765 = VECTOR('',#766,1.);
#766 = DIRECTION('',(1.,0.));
#767 = ( GEOMETRIC_REPRESENTATION_CONTEXT(2) 
PARAMETRIC_REPRESENTATION_CONTEXT() REPRESENTATION_CONTEXT('2D SPACE',''
  ) );
#768 = PCURVE('',#769,#774);
#769 = PLANE('',#770);
#770 = AXIS2_PLACEMENT_3D('',#771,#772,#773);
#771 = CARTESIAN_POINT('',(-30.,-17.,3.));
#772 = DIRECTION('',(0.,1.,0.));
#773 = DIRECTION('',(0.,0.,1.));
#774 = DEFINITIONAL_REPRESENTATION('',(#775),#779);
#775 = LINE('',#776,#777);
#776 = CARTESIAN_POINT('',(24.,0.));
#777 = VECTOR('',#778,1.);
#778 = DIRECTION('',(0.,1.));
#779 = ( GEOMETRIC_REPRESENTATION_CONTEXT(2) 
PARAMETRIC_REPRESENTATION_CONTEXT() REPRESENTATION_CONTEXT('2D SPACE',''
  ) );
#780 = ORIENTED_EDGE('',*,*,#781,.T.);
#781 = EDGE_CURVE('',#752,#782,#784,.T.);
#782 = VERTEX_POINT('',#783);
#783 = CARTESIAN_POINT('',(-22.5,-9.75,27.));
#784 = SURFACE_CURVE('',#785,(#789,#796),.PCURVE_S1.);
#785 = LINE('',#786,#787);
#786 = CARTESIAN_POINT('',(-22.5,-17.75,27.));
#787 = VECTOR('',#788,1.);
#788 = DIRECTION('',(0.,1.,0.));
#789 = PCURVE('',#44,#790);
#790 = DEFINITIONAL_REPRESENTATION('',(#791),#795);
#791 = LINE('',#792,#793);
#792 = CARTESIAN_POINT('',(10.,1.75));
#793 = VECTOR('',#794,1.);
#794 = DIRECTION('',(0.,1.));
#795 = ( GEOMETRIC_REPRESENTATION_CONTEXT(2) 
PARAMETRIC_REPRESENTATION_CONTEXT() REPRESENTATION_CONTEXT('2D SPACE',''
  ) );
#796 = PCURVE('',#797,#802);
#797 = PLANE('',#798);
#798 = AXIS2_PLACEMENT_3D('',#799,#800,#801);
#799 = CARTESIAN_POINT('',(-22.5,-17.75,3.));
#800 = DIRECTION('',(1.,0.,0.));
#801 = DIRECTION('',(0.,0.,1.));
#802 = DEFINITIONAL_REPRESENTATION('',(#803),#807);
#803 = LINE('',#804,#805);
#804 = CARTESIAN_POINT('',(24.,0.));
#805 = VECTOR('',#806,1.);
#806 = DIRECTION('',(0.,-1.));
#807 = ( GEOMETRIC_REPRESENTATION_CONTEXT(2) 
PARAMETRIC_REPRESENTATION_CONTEXT() REPRESENTATION_CONTEXT('2D SPACE',''
  ) );
#808 = ORIENTED_EDGE('',*,*,#809,.F.);
#809 = EDGE_CURVE('',#810,#782,#812,.T.);
#810 = VERTEX_POINT('',#811);
#811 = CARTESIAN_POINT('',(-30.,-9.75,27.));
#812 = SURFACE_CURVE('',#813,(#817,#824),.PCURVE_S1.);
#813 = LINE('',#814,#815);
#814 = CARTESIAN_POINT('',(-30.5,-9.75,27.));
#815 = VECTOR('',#816,1.);
#816 = DIRECTION('',(1.,0.,0.));
#817 = PCURVE('',#44,#818);
#818 = DEFINITIONAL_REPRESENTATION('',(#819),#823);
#819 = LINE('',#820,#821);
#820 = CARTESIAN_POINT('',(2.,9.75));
#821 = VECTOR('',#822,1.);
#822 = DIRECTION('',(1.,0.));
#823 = ( GEOMETRIC_REPRESENTATION_CONTEXT(2) 
PARAMETRIC_REPRESENTATION_CONTEXT() REPRESENTATION_CONTEXT('2D SPACE',''
  ) );
#824 = PCURVE('',#825,#830);
#825 = PLANE('',#826);
#826 = AXIS2_PLACEMENT_3D('',#827,#828,#829);
#827 = CARTESIAN_POINT('',(-30.5,-9.75,3.));
#828 = DIRECTION('',(0.,1.,0.));
#829 = DIRECTION('',(0.,0.,1.));
#830 = DEFINITIONAL_REPRESENTATION('',(#831),#835);
#831 = LINE('',#832,#833);
#832 = CARTESIAN_POINT('',(24.,0.));
#833 = VECTOR('',#834,1.);
#834 = DIRECTION('',(0.,1.));
#835 = ( GEOMETRIC_REPRESENTATION_CONTEXT(2) 
PARAMETRIC_REPRESENTATION_CONTEXT() REPRESENTATION_CONTEXT('2D SPACE',''
  ) );
#836 = ORIENTED_EDGE('',*,*,#837,.T.);
#837 = EDGE_CURVE('',#810,#838,#840,.T.);
#838 = VERTEX_POINT('',#839);
#839 = CARTESIAN_POINT('',(-30.,9.75,27.));
#840 = SURFACE_CURVE('',#841,(#845,#852),.PCURVE_S1.);
#841 = LINE('',#842,#843);
#842 = CARTESIAN_POINT('',(-30.,-17.,27.));
#843 = VECTOR('',#844,1.);
#844 = DIRECTION('',(0.,1.,0.));
#845 = PCURVE('',#44,#846);
#846 = DEFINITIONAL_REPRESENTATION('',(#847),#851);
#847 = LINE('',#848,#849);
#848 = CARTESIAN_POINT('',(2.5,2.5));
#849 = VECTOR('',#850,1.);
#850 = DIRECTION('',(0.,1.));
#851 = ( GEOMETRIC_REPRESENTATION_CONTEXT(2) 
PARAMETRIC_REPRESENTATION_CONTEXT() REPRESENTATION_CONTEXT('2D SPACE',''
  ) );
#852 = PCURVE('',#853,#858);
#853 = PLANE('',#854);
#854 = AXIS2_PLACEMENT_3D('',#855,#856,#857);
#855 = CARTESIAN_POINT('',(-30.,-17.,3.));
#856 = DIRECTION('',(1.,0.,0.));
#857 = DIRECTION('',(0.,0.,1.));
#858 = DEFINITIONAL_REPRESENTATION('',(#859),#863);
#859 = LINE('',#860,#861);
#860 = CARTESIAN_POINT('',(24.,0.));
#861 = VECTOR('',#862,1.);
#862 = DIRECTION('',(0.,-1.));
#863 = ( GEOMETRIC_REPRESENTATION_CONTEXT(2) 
PARAMETRIC_REPRESENTATION_CONTEXT() REPRESENTATION_CONTEXT('2D SPACE',''
  ) );
#864 = ORIENTED_EDGE('',*,*,#865,.T.);
#865 = EDGE_CURVE('',#838,#866,#868,.T.);
#866 = VERTEX_POINT('',#867);
#867 = CARTESIAN_POINT('',(-22.5,9.75,27.));
#868 = SURFACE_CURVE('',#869,(#873,#880),.PCURVE_S1.);
#869 = LINE('',#870,#871);
#870 = CARTESIAN_POINT('',(-30.5,9.75,27.));
#871 = VECTOR('',#872,1.);
#872 = DIRECTION('',(1.,0.,0.));
#873 = PCURVE('',#44,#874);
#874 = DEFINITIONAL_REPRESENTATION('',(#875),#879);
#875 = LINE('',#876,#877);
#876 = CARTESIAN_POINT('',(2.,29.25));
#877 = VECTOR('',#878,1.);
#878 = DIRECTION('',(1.,0.));
#879 = ( GEOMETRIC_REPRESENTATION_CONTEXT(2) 
PARAMETRIC_REPRESENTATION_CONTEXT() REPRESENTATION_CONTEXT('2D SPACE',''
  ) );
#880 = PCURVE('',#881,#886);
#881 = PLANE('',#882);
#882 = AXIS2_PLACEMENT_3D('',#883,#884,#885);
#883 = CARTESIAN_POINT('',(-30.5,9.75,3.));
#884 = DIRECTION('',(0.,1.,0.));
#885 = DIRECTION('',(0.,0.,1.));
#886 = DEFINITIONAL_REPRESENTATION('',(#887),#891);
#887 = LINE('',#888,#889);
#888 = CARTESIAN_POINT('',(24.,0.));
#889 = VECTOR('',#890,1.);
#890 = DIRECTION('',(0.,1.));
#891 = ( GEOMETRIC_REPRESENTATION_CONTEXT(2) 
PARAMETRIC_REPRESENTATION_CONTEXT() REPRESENTATION_CONTEXT('2D SPACE',''
  ) );
#892 = ORIENTED_EDGE('',*,*,#893,.T.);
#893 = EDGE_CURVE('',#866,#894,#896,.T.);
#894 = VERTEX_POINT('',#895);
#895 = CARTESIAN_POINT('',(-22.5,17.,27.));
#896 = SURFACE_CURVE('',#897,(#901,#908),.PCURVE_S1.);
#897 = LINE('',#898,#899);
#898 = CARTESIAN_POINT('',(-22.5,9.75,27.));
#899 = VECTOR('',#900,1.);
#900 = DIRECTION('',(0.,1.,0.));
#901 = PCURVE('',#44,#902);
#902 = DEFINITIONAL_REPRESENTATION('',(#903),#907);
#903 = LINE('',#904,#905);
#904 = CARTESIAN_POINT('',(10.,29.25));
#905 = VECTOR('',#906,1.);
#906 = DIRECTION('',(0.,1.));
#907 = ( GEOMETRIC_REPRESENTATION_CONTEXT(2) 
PARAMETRIC_REPRESENTATION_CONTEXT() REPRESENTATION_CONTEXT('2D SPACE',''
  ) );
#908 = PCURVE('',#909,#914);
#909 = PLANE('',#910);
#910 = AXIS2_PLACEMENT_3D('',#911,#912,#913);
#911 = CARTESIAN_POINT('',(-22.5,9.75,3.));
#912 = DIRECTION('',(1.,0.,0.));
#913 = DIRECTION('',(0.,0.,1.));
#914 = DEFINITIONAL_REPRESENTATION('',(#915),#919);
#915 = LINE('',#916,#917);
#916 = CARTESIAN_POINT('',(24.,0.));
#917 = VECTOR('',#918,1.);
#918 = DIRECTION('',(0.,-1.));
#919 = ( GEOMETRIC_REPRESENTATION_CONTEXT(2) 
PARAMETRIC_REPRESENTATION_CONTEXT() REPRESENTATION_CONTEXT('2D SPACE',''
  ) );
#920 = ORIENTED_EDGE('',*,*,#921,.T.);
#921 = EDGE_CURVE('',#894,#922,#924,.T.);
#922 = VERTEX_POINT('',#923);
#923 = CARTESIAN_POINT('',(-8.,17.,27.));
#924 = SURFACE_CURVE('',#925,(#929,#936),.PCURVE_S1.);
#925 = LINE('',#926,#927);
#926 = CARTESIAN_POINT('',(-30.,17.,27.));
#927 = VECTOR('',#928,1.);
#928 = DIRECTION('',(1.,0.,0.));
#929 = PCURVE('',#44,#930);
#930 = DEFINITIONAL_REPRESENTATION('',(#931),#935);
#931 = LINE('',#932,#933);
#932 = CARTESIAN_POINT('',(2.5,36.5));
#933 = VECTOR('',#934,1.);
#934 = DIRECTION('',(1.,0.));
#935 = ( GEOMETRIC_REPRESENTATION_CONTEXT(2) 
PARAMETRIC_REPRESENTATION_CONTEXT() REPRESENTATION_CONTEXT('2D SPACE',''
  ) );
#936 = PCURVE('',#937,#942);
#937 = PLANE('',#938);
#938 = AXIS2_PLACEMENT_3D('',#939,#940,#941);
#939 = CARTESIAN_POINT('',(-30.,17.,3.));
#940 = DIRECTION('',(0.,1.,0.));
#941 = DIRECTION('',(0.,0.,1.));
#942 = DEFINITIONAL_REPRESENTATION('',(#943),#947);
#943 = LINE('',#944,#945);
#944 = CARTESIAN_POINT('',(24.,0.));
#945 = VECTOR('',#946,1.);
#946 = DIRECTION('',(0.,1.));
#947 = ( GEOMETRIC_REPRESENTATION_CONTEXT(2) 
PARAMETRIC_REPRESENTATION_CONTEXT() REPRESENTATION_CONTEXT('2D SPACE',''
  ) );
#948 = ORIENTED_EDGE('',*,*,#949,.F.);
#949 = EDGE_CURVE('',#950,#922,#952,.T.);
#950 = VERTEX_POINT('',#951);
#951 = CARTESIAN_POINT('',(-8.,3.5,27.));
#952 = SURFACE_CURVE('',#953,(#957,#964),.PCURVE_S1.);
#953 = LINE('',#954,#955);
#954 = CARTESIAN_POINT('',(-8.,-17.,27.));
#955 = VECTOR('',#956,1.);
#956 = DIRECTION('',(0.,1.,0.));
#957 = PCURVE('',#44,#958);
#958 = DEFINITIONAL_REPRESENTATION('',(#959),#963);
#959 = LINE('',#960,#961);
#960 = CARTESIAN_POINT('',(24.5,2.5));
#961 = VECTOR('',#962,1.);
#962 = DIRECTION('',(0.,1.));
#963 = ( GEOMETRIC_REPRESENTATION_CONTEXT(2) 
PARAMETRIC_REPRESENTATION_CONTEXT() REPRESENTATION_CONTEXT('2D SPACE',''
  ) );
#964 = PCURVE('',#965,#970);
#965 = PLANE('',#966);
#966 = AXIS2_PLACEMENT_3D('',#967,#968,#969);
#967 = CARTESIAN_POINT('',(-8.,-17.,3.));
#968 = DIRECTION('',(1.,0.,0.));
#969 = DIRECTION('',(0.,0.,1.));
#970 = DEFINITIONAL_REPRESENTATION('',(#971),#975);
#971 = LINE('',#972,#973);
#972 = CARTESIAN_POINT('',(24.,0.));
#973 = VECTOR('',#974,1.);
#974 = DIRECTION('',(0.,-1.));
#975 = ( GEOMETRIC_REPRESENTATION_CONTEXT(2) 
PARAMETRIC_REPRESENTATION_CONTEXT() REPRESENTATION_CONTEXT('2D SPACE',''
  ) );
#976 = ORIENTED_EDGE('',*,*,#977,.T.);
#977 = EDGE_CURVE('',#950,#978,#980,.T.);
#978 = VERTEX_POINT('',#979);
#979 = CARTESIAN_POINT('',(-6.,3.5,27.));
#980 = SURFACE_CURVE('',#981,(#985,#992),.PCURVE_S1.);
#981 = LINE('',#982,#983);
#982 = CARTESIAN_POINT('',(-10.,3.5,27.));
#983 = VECTOR('',#984,1.);
#984 = DIRECTION('',(1.,0.,0.));
#985 = PCURVE('',#44,#986);
#986 = DEFINITIONAL_REPRESENTATION('',(#987),#991);
#987 = LINE('',#988,#989);
#988 = CARTESIAN_POINT('',(22.5,23.));
#989 = VECTOR('',#990,1.);
#990 = DIRECTION('',(1.,0.));
#991 = ( GEOMETRIC_REPRESENTATION_CONTEXT(2) 
PARAMETRIC_REPRESENTATION_CONTEXT() REPRESENTATION_CONTEXT('2D SPACE',''
  ) );
#992 = PCURVE('',#993,#998);
#993 = PLANE('',#994);
#994 = AXIS2_PLACEMENT_3D('',#995,#996,#997);
#995 = CARTESIAN_POINT('',(-10.,3.5,3.));
#996 = DIRECTION('',(0.,1.,0.));
#997 = DIRECTION('',(0.,0.,1.));
#998 = DEFINITIONAL_REPRESENTATION('',(#999),#1003);
#999 = LINE('',#1000,#1001);
#1000 = CARTESIAN_POINT('',(24.,0.));
#1001 = VECTOR('',#1002,1.);
#1002 = DIRECTION('',(0.,1.));
#1003 = ( GEOMETRIC_REPRESENTATION_CONTEXT(2) 
PARAMETRIC_REPRESENTATION_CONTEXT() REPRESENTATION_CONTEXT('2D SPACE',''
  ) );
#1004 = ORIENTED_EDGE('',*,*,#1005,.T.);
#1005 = EDGE_CURVE('',#978,#1006,#1008,.T.);
#1006 = VERTEX_POINT('',#1007);
#1007 = CARTESIAN_POINT('',(-6.,17.,27.));
#1008 = SURFACE_CURVE('',#1009,(#1013,#1020),.PCURVE_S1.);
#1009 = LINE('',#1010,#1011);
#1010 = CARTESIAN_POINT('',(-6.,-17.,27.));
#1011 = VECTOR('',#1012,1.);
#1012 = DIRECTION('',(0.,1.,0.));
#1013 = PCURVE('',#44,#1014);
#1014 = DEFINITIONAL_REPRESENTATION('',(#1015),#1019);
#1015 = LINE('',#1016,#1017);
#1016 = CARTESIAN_POINT('',(26.5,2.5));
#1017 = VECTOR('',#1018,1.);
#1018 = DIRECTION('',(0.,1.));
#1019 = ( GEOMETRIC_REPRESENTATION_CONTEXT(2) 
PARAMETRIC_REPRESENTATION_CONTEXT() REPRESENTATION_CONTEXT('2D SPACE',''
  ) );
#1020 = PCURVE('',#1021,#1026);
#1021 = PLANE('',#1022);
#1022 = AXIS2_PLACEMENT_3D('',#1023,#1024,#1025);
#1023 = CARTESIAN_POINT('',(-6.,-17.,3.));
#1024 = DIRECTION('',(1.,0.,0.));
#1025 = DIRECTION('',(0.,0.,1.));
#1026 = DEFINITIONAL_REPRESENTATION('',(#1027),#1031);
#1027 = LINE('',#1028,#1029);
#1028 = CARTESIAN_POINT('',(24.,0.));
#1029 = VECTOR('',#1030,1.);
#1030 = DIRECTION('',(0.,-1.));
#1031 = ( GEOMETRIC_REPRESENTATION_CONTEXT(2) 
PARAMETRIC_REPRESENTATION_CONTEXT() REPRESENTATION_CONTEXT('2D SPACE',''
  ) );
#1032 = ORIENTED_EDGE('',*,*,#1033,.T.);
#1033 = EDGE_CURVE('',#1006,#1034,#1036,.T.);
#1034 = VERTEX_POINT('',#1035);
#1035 = CARTESIAN_POINT('',(22.5,17.,27.));
#1036 = SURFACE_CURVE('',#1037,(#1041,#1048),.PCURVE_S1.);
#1037 = LINE('',#1038,#1039);
#1038 = CARTESIAN_POINT('',(-30.,17.,27.));
#1039 = VECTOR('',#1040,1.);
#1040 = DIRECTION('',(1.,0.,0.));
#1041 = PCURVE('',#44,#1042);
#1042 = DEFINITIONAL_REPRESENTATION('',(#1043),#1047);
#1043 = LINE('',#1044,#1045);
#1044 = CARTESIAN_POINT('',(2.5,36.5));
#1045 = VECTOR('',#1046,1.);
#1046 = DIRECTION('',(1.,0.));
#1047 = ( GEOMETRIC_REPRESENTATION_CONTEXT(2) 
PARAMETRIC_REPRESENTATION_CONTEXT() REPRESENTATION_CONTEXT('2D SPACE',''
  ) );
#1048 = PCURVE('',#1049,#1054);
#1049 = PLANE('',#1050);
#1050 = AXIS2_PLACEMENT_3D('',#1051,#1052,#1053);
#1051 = CARTESIAN_POINT('',(-30.,17.,3.));
#1052 = DIRECTION('',(0.,1.,0.));
#1053 = DIRECTION('',(0.,0.,1.));
#1054 = DEFINITIONAL_REPRESENTATION('',(#1055),#1059);
#1055 = LINE('',#1056,#1057);
#1056 = CARTESIAN_POINT('',(24.,0.));
#1057 = VECTOR('',#1058,1.);
#1058 = DIRECTION('',(0.,1.));
#1059 = ( GEOMETRIC_REPRESENTATION_CONTEXT(2) 
PARAMETRIC_REPRESENTATION_CONTEXT() REPRESENTATION_CONTEXT('2D SPACE',''
  ) );
#1060 = ORIENTED_EDGE('',*,*,#1061,.F.);
#1061 = EDGE_CURVE('',#1062,#1034,#1064,.T.);
#1062 = VERTEX_POINT('',#1063);
#1063 = CARTESIAN_POINT('',(22.5,9.75,27.));
#1064 = SURFACE_CURVE('',#1065,(#1069,#1076),.PCURVE_S1.);
#1065 = LINE('',#1066,#1067);
#1066 = CARTESIAN_POINT('',(22.5,9.75,27.));
#1067 = VECTOR('',#1068,1.);
#1068 = DIRECTION('',(0.,1.,0.));
#1069 = PCURVE('',#44,#1070);
#1070 = DEFINITIONAL_REPRESENTATION('',(#1071),#1075);
#1071 = LINE('',#1072,#1073);
#1072 = CARTESIAN_POINT('',(55.,29.25));
#1073 = VECTOR('',#1074,1.);
#1074 = DIRECTION('',(0.,1.));
#1075 = ( GEOMETRIC_REPRESENTATION_CONTEXT(2) 
PARAMETRIC_REPRESENTATION_CONTEXT() REPRESENTATION_CONTEXT('2D SPACE',''
  ) );
#1076 = PCURVE('',#1077,#1082);
#1077 = PLANE('',#1078);
#1078 = AXIS2_PLACEMENT_3D('',#1079,#1080,#1081);
#1079 = CARTESIAN_POINT('',(22.5,9.75,3.));
#1080 = DIRECTION('',(1.,0.,0.));
#1081 = DIRECTION('',(0.,0.,1.));
#1082 = DEFINITIONAL_REPRESENTATION('',(#1083),#1087);
#1083 = LINE('',#1084,#1085);
#1084 = CARTESIAN_POINT('',(24.,0.));
#1085 = VECTOR('',#1086,1.);
#1086 = DIRECTION('',(0.,-1.));
#1087 = ( GEOMETRIC_REPRESENTATION_CONTEXT(2) 
PARAMETRIC_REPRESENTATION_CONTEXT() REPRESENTATION_CONTEXT('2D SPACE',''
  ) );
#1088 = ORIENTED_EDGE('',*,*,#1089,.T.);
#1089 = EDGE_CURVE('',#1062,#1090,#1092,.T.);
#1090 = VERTEX_POINT('',#1091);
#1091 = CARTESIAN_POINT('',(30.,9.75,27.));
#1092 = SURFACE_CURVE('',#1093,(#1097,#1104),.PCURVE_S1.);
#1093 = LINE('',#1094,#1095);
#1094 = CARTESIAN_POINT('',(22.5,9.75,27.));
#1095 = VECTOR('',#1096,1.);
#1096 = DIRECTION('',(1.,0.,0.));
#1097 = PCURVE('',#44,#1098);
#1098 = DEFINITIONAL_REPRESENTATION('',(#1099),#1103);
#1099 = LINE('',#1100,#1101);
#1100 = CARTESIAN_POINT('',(55.,29.25));
#1101 = VECTOR('',#1102,1.);
#1102 = DIRECTION('',(1.,0.));
#1103 = ( GEOMETRIC_REPRESENTATION_CONTEXT(2) 
PARAMETRIC_REPRESENTATION_CONTEXT() REPRESENTATION_CONTEXT('2D SPACE',''
  ) );
#1104 = PCURVE('',#1105,#1110);
#1105 = PLANE('',#1106);
#1106 = AXIS2_PLACEMENT_3D('',#1107,#1108,#1109);
#1107 = CARTESIAN_POINT('',(22.5,9.75,3.));
#1108 = DIRECTION('',(0.,1.,0.));
#1109 = DIRECTION('',(0.,0.,1.));
#1110 = DEFINITIONAL_REPRESENTATION('',(#1111),#1115);
#1111 = LINE('',#1112,#1113);
#1112 = CARTESIAN_POINT('',(24.,0.));
#1113 = VECTOR('',#1114,1.);
#1114 = DIRECTION('',(0.,1.));
#1115 = ( GEOMETRIC_REPRESENTATION_CONTEXT(2) 
PARAMETRIC_REPRESENTATION_CONTEXT() REPRESENTATION_CONTEXT('2D SPACE',''
  ) );
#1116 = ORIENTED_EDGE('',*,*,#1117,.F.);
#1117 = EDGE_CURVE('',#1118,#1090,#1120,.T.);
#1118 = VERTEX_POINT('',#1119);
#1119 = CARTESIAN_POINT('',(30.,-9.75,27.));
#1120 = SURFACE_CURVE('',#1121,(#1125,#1132),.PCURVE_S1.);
#1121 = LINE('',#1122,#1123);
#1122 = CARTESIAN_POINT('',(30.,-17.,27.));
#1123 = VECTOR('',#1124,1.);
#1124 = DIRECTION('',(0.,1.,0.));
#1125 = PCURVE('',#44,#1126);
#1126 = DEFINITIONAL_REPRESENTATION('',(#1127),#1131);
#1127 = LINE('',#1128,#1129);
#1128 = CARTESIAN_POINT('',(62.5,2.5));
#1129 = VECTOR('',#1130,1.);
#1130 = DIRECTION('',(0.,1.));
#1131 = ( GEOMETRIC_REPRESENTATION_CONTEXT(2) 
PARAMETRIC_REPRESENTATION_CONTEXT() REPRESENTATION_CONTEXT('2D SPACE',''
  ) );
#1132 = PCURVE('',#1133,#1138);
#1133 = PLANE('',#1134);
#1134 = AXIS2_PLACEMENT_3D('',#1135,#1136,#1137);
#1135 = CARTESIAN_POINT('',(30.,-17.,3.));
#1136 = DIRECTION('',(1.,0.,0.));
#1137 = DIRECTION('',(0.,0.,1.));
#1138 = DEFINITIONAL_REPRESENTATION('',(#1139),#1143);
#1139 = LINE('',#1140,#1141);
#1140 = CARTESIAN_POINT('',(24.,0.));
#1141 = VECTOR('',#1142,1.);
#1142 = DIRECTION('',(0.,-1.));
#1143 = ( GEOMETRIC_REPRESENTATION_CONTEXT(2) 
PARAMETRIC_REPRESENTATION_CONTEXT() REPRESENTATION_CONTEXT('2D SPACE',''
  ) );
#1144 = ORIENTED_EDGE('',*,*,#1145,.F.);
#1145 = EDGE_CURVE('',#1146,#1118,#1148,.T.);
#1146 = VERTEX_POINT('',#1147);
#1147 = CARTESIAN_POINT('',(22.5,-9.75,27.));
#1148 = SURFACE_CURVE('',#1149,(#1153,#1160),.PCURVE_S1.);
#1149 = LINE('',#1150,#1151);
#1150 = CARTESIAN_POINT('',(22.5,-9.75,27.));
#1151 = VECTOR('',#1152,1.);
#1152 = DIRECTION('',(1.,0.,0.));
#1153 = PCURVE('',#44,#1154);
#1154 = DEFINITIONAL_REPRESENTATION('',(#1155),#1159);
#1155 = LINE('',#1156,#1157);
#1156 = CARTESIAN_POINT('',(55.,9.75));
#1157 = VECTOR('',#1158,1.);
#1158 = DIRECTION('',(1.,0.));
#1159 = ( GEOMETRIC_REPRESENTATION_CONTEXT(2) 
PARAMETRIC_REPRESENTATION_CONTEXT() REPRESENTATION_CONTEXT('2D SPACE',''
  ) );
#1160 = PCURVE('',#1161,#1166);
#1161 = PLANE('',#1162);
#1162 = AXIS2_PLACEMENT_3D('',#1163,#1164,#1165);
#1163 = CARTESIAN_POINT('',(22.5,-9.75,3.));
#1164 = DIRECTION('',(0.,1.,0.));
#1165 = DIRECTION('',(0.,0.,1.));
#1166 = DEFINITIONAL_REPRESENTATION('',(#1167),#1171);
#1167 = LINE('',#1168,#1169);
#1168 = CARTESIAN_POINT('',(24.,0.));
#1169 = VECTOR('',#1170,1.);
#1170 = DIRECTION('',(0.,1.));
#1171 = ( GEOMETRIC_REPRESENTATION_CONTEXT(2) 
PARAMETRIC_REPRESENTATION_CONTEXT() REPRESENTATION_CONTEXT('2D SPACE',''
  ) );
#1172 = ORIENTED_EDGE('',*,*,#1173,.F.);
#1173 = EDGE_CURVE('',#1174,#1146,#1176,.T.);
#1174 = VERTEX_POINT('',#1175);
#1175 = CARTESIAN_POINT('',(22.5,-17.,27.));
#1176 = SURFACE_CURVE('',#1177,(#1181,#1188),.PCURVE_S1.);
#1177 = LINE('',#1178,#1179);
#1178 = CARTESIAN_POINT('',(22.5,-17.75,27.));
#1179 = VECTOR('',#1180,1.);
#1180 = DIRECTION('',(0.,1.,0.));
#1181 = PCURVE('',#44,#1182);
#1182 = DEFINITIONAL_REPRESENTATION('',(#1183),#1187);
#1183 = LINE('',#1184,#1185);
#1184 = CARTESIAN_POINT('',(55.,1.75));
#1185 = VECTOR('',#1186,1.);
#1186 = DIRECTION('',(0.,1.));
#1187 = ( GEOMETRIC_REPRESENTATION_CONTEXT(2) 
PARAMETRIC_REPRESENTATION_CONTEXT() REPRESENTATION_CONTEXT('2D SPACE',''
  ) );
#1188 = PCURVE('',#1189,#1194);
#1189 = PLANE('',#1190);
#1190 = AXIS2_PLACEMENT_3D('',#1191,#1192,#1193);
#1191 = CARTESIAN_POINT('',(22.5,-17.75,3.));
#1192 = DIRECTION('',(1.,0.,0.));
#1193 = DIRECTION('',(0.,0.,1.));
#1194 = DEFINITIONAL_REPRESENTATION('',(#1195),#1199);
#1195 = LINE('',#1196,#1197);
#1196 = CARTESIAN_POINT('',(24.,0.));
#1197 = VECTOR('',#1198,1.);
#1198 = DIRECTION('',(0.,-1.));
#1199 = ( GEOMETRIC_REPRESENTATION_CONTEXT(2) 
PARAMETRIC_REPRESENTATION_CONTEXT() REPRESENTATION_CONTEXT('2D SPACE',''
  ) );
#1200 = ORIENTED_EDGE('',*,*,#1201,.F.);
#1201 = EDGE_CURVE('',#1202,#1174,#1204,.T.);
#1202 = VERTEX_POINT('',#1203);
#1203 = CARTESIAN_POINT('',(-6.,-17.,27.));
#1204 = SURFACE_CURVE('',#1205,(#1209,#1216),.PCURVE_S1.);
#1205 = LINE('',#1206,#1207);
#1206 = CARTESIAN_POINT('',(-30.,-17.,27.));
#1207 = VECTOR('',#1208,1.);
#1208 = DIRECTION('',(1.,0.,0.));
#1209 = PCURVE('',#44,#1210);
#1210 = DEFINITIONAL_REPRESENTATION('',(#1211),#1215);
#1211 = LINE('',#1212,#1213);
#1212 = CARTESIAN_POINT('',(2.5,2.5));
#1213 = VECTOR('',#1214,1.);
#1214 = DIRECTION('',(1.,0.));
#1215 = ( GEOMETRIC_REPRESENTATION_CONTEXT(2) 
PARAMETRIC_REPRESENTATION_CONTEXT() REPRESENTATION_CONTEXT('2D SPACE',''
  ) );
#1216 = PCURVE('',#1217,#1222);
#1217 = PLANE('',#1218);
#1218 = AXIS2_PLACEMENT_3D('',#1219,#1220,#1221);
#1219 = CARTESIAN_POINT('',(-30.,-17.,3.));
#1220 = DIRECTION('',(0.,1.,0.));
#1221 = DIRECTION('',(0.,0.,1.));
#1222 = DEFINITIONAL_REPRESENTATION('',(#1223),#1227);
#1223 = LINE('',#1224,#1225);
#1224 = CARTESIAN_POINT('',(24.,0.));
#1225 = VECTOR('',#1226,1.);
#1226 = DIRECTION('',(0.,1.));
#1227 = ( GEOMETRIC_REPRESENTATION_CONTEXT(2) 
PARAMETRIC_REPRESENTATION_CONTEXT() REPRESENTATION_CONTEXT('2D SPACE',''
  ) );
#1228 = ORIENTED_EDGE('',*,*,#1229,.T.);
#1229 = EDGE_CURVE('',#1202,#1230,#1232,.T.);
#1230 = VERTEX_POINT('',#1231);
#1231 = CARTESIAN_POINT('',(-6.,-3.5,27.));
#1232 = SURFACE_CURVE('',#1233,(#1237,#1244),.PCURVE_S1.);
#1233 = LINE('',#1234,#1235);
#1234 = CARTESIAN_POINT('',(-6.,-17.,27.));
#1235 = VECTOR('',#1236,1.);
#1236 = DIRECTION('',(0.,1.,0.));
#1237 = PCURVE('',#44,#1238);
#1238 = DEFINITIONAL_REPRESENTATION('',(#1239),#1243);
#1239 = LINE('',#1240,#1241);
#1240 = CARTESIAN_POINT('',(26.5,2.5));
#1241 = VECTOR('',#1242,1.);
#1242 = DIRECTION('',(0.,1.));
#1243 = ( GEOMETRIC_REPRESENTATION_CONTEXT(2) 
PARAMETRIC_REPRESENTATION_CONTEXT() REPRESENTATION_CONTEXT('2D SPACE',''
  ) );
#1244 = PCURVE('',#1245,#1250);
#1245 = PLANE('',#1246);
#1246 = AXIS2_PLACEMENT_3D('',#1247,#1248,#1249);
#1247 = CARTESIAN_POINT('',(-6.,-17.,3.));
#1248 = DIRECTION('',(1.,0.,0.));
#1249 = DIRECTION('',(0.,0.,1.));
#1250 = DEFINITIONAL_REPRESENTATION('',(#1251),#1255);
#1251 = LINE('',#1252,#1253);
#1252 = CARTESIAN_POINT('',(24.,0.));
#1253 = VECTOR('',#1254,1.);
#1254 = DIRECTION('',(0.,-1.));
#1255 = ( GEOMETRIC_REPRESENTATION_CONTEXT(2) 
PARAMETRIC_REPRESENTATION_CONTEXT() REPRESENTATION_CONTEXT('2D SPACE',''
  ) );
#1256 = ORIENTED_EDGE('',*,*,#1257,.F.);
#1257 = EDGE_CURVE('',#1258,#1230,#1260,.T.);
#1258 = VERTEX_POINT('',#1259);
#1259 = CARTESIAN_POINT('',(-8.,-3.5,27.));
#1260 = SURFACE_CURVE('',#1261,(#1265,#1272),.PCURVE_S1.);
#1261 = LINE('',#1262,#1263);
#1262 = CARTESIAN_POINT('',(-10.,-3.5,27.));
#1263 = VECTOR('',#1264,1.);
#1264 = DIRECTION('',(1.,0.,0.));
#1265 = PCURVE('',#44,#1266);
#1266 = DEFINITIONAL_REPRESENTATION('',(#1267),#1271);
#1267 = LINE('',#1268,#1269);
#1268 = CARTESIAN_POINT('',(22.5,16.));
#1269 = VECTOR('',#1270,1.);
#1270 = DIRECTION('',(1.,0.));
#1271 = ( GEOMETRIC_REPRESENTATION_CONTEXT(2) 
PARAMETRIC_REPRESENTATION_CONTEXT() REPRESENTATION_CONTEXT('2D SPACE',''
  ) );
#1272 = PCURVE('',#1273,#1278);
#1273 = PLANE('',#1274);
#1274 = AXIS2_PLACEMENT_3D('',#1275,#1276,#1277);
#1275 = CARTESIAN_POINT('',(-10.,-3.5,3.));
#1276 = DIRECTION('',(0.,1.,0.));
#1277 = DIRECTION('',(0.,0.,1.));
#1278 = DEFINITIONAL_REPRESENTATION('',(#1279),#1283);
#1279 = LINE('',#1280,#1281);
#1280 = CARTESIAN_POINT('',(24.,0.));
#1281 = VECTOR('',#1282,1.);
#1282 = DIRECTION('',(0.,1.));
#1283 = ( GEOMETRIC_REPRESENTATION_CONTEXT(2) 
PARAMETRIC_REPRESENTATION_CONTEXT() REPRESENTATION_CONTEXT('2D SPACE',''
  ) );
#1284 = ORIENTED_EDGE('',*,*,#1285,.F.);
#1285 = EDGE_CURVE('',#754,#1258,#1286,.T.);
#1286 = SURFACE_CURVE('',#1287,(#1291,#1298),.PCURVE_S1.);
#1287 = LINE('',#1288,#1289);
#1288 = CARTESIAN_POINT('',(-8.,-17.,27.));
#1289 = VECTOR('',#1290,1.);
#1290 = DIRECTION('',(0.,1.,0.));
#1291 = PCURVE('',#44,#1292);
#1292 = DEFINITIONAL_REPRESENTATION('',(#1293),#1297);
#1293 = LINE('',#1294,#1295);
#1294 = CARTESIAN_POINT('',(24.5,2.5));
#1295 = VECTOR('',#1296,1.);
#1296 = DIRECTION('',(0.,1.));
#1297 = ( GEOMETRIC_REPRESENTATION_CONTEXT(2) 
PARAMETRIC_REPRESENTATION_CONTEXT() REPRESENTATION_CONTEXT('2D SPACE',''
  ) );
#1298 = PCURVE('',#1299,#1304);
#1299 = PLANE('',#1300);
#1300 = AXIS2_PLACEMENT_3D('',#1301,#1302,#1303);
#1301 = CARTESIAN_POINT('',(-8.,-17.,3.));
#1302 = DIRECTION('',(1.,0.,0.));
#1303 = DIRECTION('',(0.,0.,1.));
#1304 = DEFINITIONAL_REPRESENTATION('',(#1305),#1309);
#1305 = LINE('',#1306,#1307);
#1306 = CARTESIAN_POINT('',(24.,0.));
#1307 = VECTOR('',#1308,1.);
#1308 = DIRECTION('',(0.,-1.));
#1309 = ( GEOMETRIC_REPRESENTATION_CONTEXT(2) 
PARAMETRIC_REPRESENTATION_CONTEXT() REPRESENTATION_CONTEXT('2D SPACE',''
  ) );
#1310 = FACE_BOUND('',#1311,.T.);
#1311 = EDGE_LOOP('',(#1312));
#1312 = ORIENTED_EDGE('',*,*,#1313,.F.);
#1313 = EDGE_CURVE('',#1314,#1314,#1316,.T.);
#1314 = VERTEX_POINT('',#1315);
#1315 = CARTESIAN_POINT('',(28.25,13.75,27.));
#1316 = SURFACE_CURVE('',#1317,(#1322,#1329),.PCURVE_S1.);
#1317 = CIRCLE('',#1318,1.75);
#1318 = AXIS2_PLACEMENT_3D('',#1319,#1320,#1321);
#1319 = CARTESIAN_POINT('',(26.5,13.75,27.));
#1320 = DIRECTION('',(0.,0.,1.));
#1321 = DIRECTION('',(1.,0.,0.));
#1322 = PCURVE('',#44,#1323);
#1323 = DEFINITIONAL_REPRESENTATION('',(#1324),#1328);
#1324 = CIRCLE('',#1325,1.75);
#1325 = AXIS2_PLACEMENT_2D('',#1326,#1327);
#1326 = CARTESIAN_POINT('',(59.,33.25));
#1327 = DIRECTION('',(1.,0.));
#1328 = ( GEOMETRIC_REPRESENTATION_CONTEXT(2) 
PARAMETRIC_REPRESENTATION_CONTEXT() REPRESENTATION_CONTEXT('2D SPACE',''
  ) );
#1329 = PCURVE('',#1330,#1335);
#1330 = CYLINDRICAL_SURFACE('',#1331,1.75);
#1331 = AXIS2_PLACEMENT_3D('',#1332,#1333,#1334);
#1332 = CARTESIAN_POINT('',(26.5,13.75,3.));
#1333 = DIRECTION('',(-0.,-0.,-1.));
#1334 = DIRECTION('',(1.,0.,0.));
#1335 = DEFINITIONAL_REPRESENTATION('',(#1336),#1340);
#1336 = LINE('',#1337,#1338);
#1337 = CARTESIAN_POINT('',(-0.,-24.));
#1338 = VECTOR('',#1339,1.);
#1339 = DIRECTION('',(-1.,0.));
#1340 = ( GEOMETRIC_REPRESENTATION_CONTEXT(2) 
PARAMETRIC_REPRESENTATION_CONTEXT() REPRESENTATION_CONTEXT('2D SPACE',''
  ) );
#1341 = ADVANCED_FACE('',(#1342),#72,.T.);
#1342 = FACE_BOUND('',#1343,.T.);
#1343 = EDGE_LOOP('',(#1344,#1368,#1389,#1390));
#1344 = ORIENTED_EDGE('',*,*,#1345,.T.);
#1345 = EDGE_CURVE('',#57,#1346,#1348,.T.);
#1346 = VERTEX_POINT('',#1347);
#1347 = CARTESIAN_POINT('',(-29.5,-19.5,0.));
#1348 = SURFACE_CURVE('',#1349,(#1354,#1361),.PCURVE_S1.);
#1349 = CIRCLE('',#1350,3.);
#1350 = AXIS2_PLACEMENT_3D('',#1351,#1352,#1353);
#1351 = CARTESIAN_POINT('',(-29.5,-16.5,0.));
#1352 = DIRECTION('',(0.,0.,1.));
#1353 = DIRECTION('',(0.,-1.,0.));
#1354 = PCURVE('',#72,#1355);
#1355 = DEFINITIONAL_REPRESENTATION('',(#1356),#1360);
#1356 = LINE('',#1357,#1358);
#1357 = CARTESIAN_POINT('',(-4.712388980385,0.));
#1358 = VECTOR('',#1359,1.);
#1359 = DIRECTION('',(1.,0.));
#1360 = ( GEOMETRIC_REPRESENTATION_CONTEXT(2) 
PARAMETRIC_REPRESENTATION_CONTEXT() REPRESENTATION_CONTEXT('2D SPACE',''
  ) );
#1361 = PCURVE('',#100,#1362);
#1362 = DEFINITIONAL_REPRESENTATION('',(#1363),#1367);
#1363 = CIRCLE('',#1364,3.);
#1364 = AXIS2_PLACEMENT_2D('',#1365,#1366);
#1365 = CARTESIAN_POINT('',(3.,3.));
#1366 = DIRECTION('',(0.,-1.));
#1367 = ( GEOMETRIC_REPRESENTATION_CONTEXT(2) 
PARAMETRIC_REPRESENTATION_CONTEXT() REPRESENTATION_CONTEXT('2D SPACE',''
  ) );
#1368 = ORIENTED_EDGE('',*,*,#1369,.T.);
#1369 = EDGE_CURVE('',#1346,#461,#1370,.T.);
#1370 = SURFACE_CURVE('',#1371,(#1375,#1382),.PCURVE_S1.);
#1371 = LINE('',#1372,#1373);
#1372 = CARTESIAN_POINT('',(-29.5,-19.5,0.));
#1373 = VECTOR('',#1374,1.);
#1374 = DIRECTION('',(0.,0.,1.));
#1375 = PCURVE('',#72,#1376);
#1376 = DEFINITIONAL_REPRESENTATION('',(#1377),#1381);
#1377 = LINE('',#1378,#1379);
#1378 = CARTESIAN_POINT('',(1.570796326795,0.));
#1379 = VECTOR('',#1380,1.);
#1380 = DIRECTION('',(0.,1.));
#1381 = ( GEOMETRIC_REPRESENTATION_CONTEXT(2) 
PARAMETRIC_REPRESENTATION_CONTEXT() REPRESENTATION_CONTEXT('2D SPACE',''
  ) );
#1382 = PCURVE('',#500,#1383);
#1383 = DEFINITIONAL_REPRESENTATION('',(#1384),#1388);
#1384 = LINE('',#1385,#1386);
#1385 = CARTESIAN_POINT('',(0.,3.));
#1386 = VECTOR('',#1387,1.);
#1387 = DIRECTION('',(1.,0.));
#1388 = ( GEOMETRIC_REPRESENTATION_CONTEXT(2) 
PARAMETRIC_REPRESENTATION_CONTEXT() REPRESENTATION_CONTEXT('2D SPACE',''
  ) );
#1389 = ORIENTED_EDGE('',*,*,#460,.F.);
#1390 = ORIENTED_EDGE('',*,*,#56,.F.);
#1391 = ADVANCED_FACE('',(#1392),#126,.T.);
#1392 = FACE_BOUND('',#1393,.F.);
#1393 = EDGE_LOOP('',(#1394,#1422,#1443,#1444));
#1394 = ORIENTED_EDGE('',*,*,#1395,.T.);
#1395 = EDGE_CURVE('',#85,#1396,#1398,.T.);
#1396 = VERTEX_POINT('',#1397);
#1397 = CARTESIAN_POINT('',(-29.5,19.5,0.));
#1398 = SURFACE_CURVE('',#1399,(#1404,#1411),.PCURVE_S1.);
#1399 = CIRCLE('',#1400,3.);
#1400 = AXIS2_PLACEMENT_3D('',#1401,#1402,#1403);
#1401 = CARTESIAN_POINT('',(-29.5,16.5,0.));
#1402 = DIRECTION('',(-0.,-0.,-1.));
#1403 = DIRECTION('',(0.,-1.,0.));
#1404 = PCURVE('',#126,#1405);
#1405 = DEFINITIONAL_REPRESENTATION('',(#1406),#1410);
#1406 = LINE('',#1407,#1408);
#1407 = CARTESIAN_POINT('',(1.570796326795,-0.));
#1408 = VECTOR('',#1409,1.);
#1409 = DIRECTION('',(-1.,0.));
#1410 = ( GEOMETRIC_REPRESENTATION_CONTEXT(2) 
PARAMETRIC_REPRESENTATION_CONTEXT() REPRESENTATION_CONTEXT('2D SPACE',''
  ) );
#1411 = PCURVE('',#100,#1412);
#1412 = DEFINITIONAL_REPRESENTATION('',(#1413),#1421);
#1413 = ( BOUNDED_CURVE() B_SPLINE_CURVE(2,(#1414,#1415,#1416,#1417,
#1418,#1419,#1420),.UNSPECIFIED.,.T.,.F.) B_SPLINE_CURVE_WITH_KNOTS((1,2
    ,2,2,2,1),(-2.094395102393,0.,2.094395102393,4.188790204786,
6.28318530718,8.377580409573),.UNSPECIFIED.) CURVE() 
GEOMETRIC_REPRESENTATION_ITEM() RATIONAL_B_SPLINE_CURVE((1.,0.5,1.,0.5,
1.,0.5,1.)) REPRESENTATION_ITEM('') );
#1414 = CARTESIAN_POINT('',(3.,33.));
#1415 = CARTESIAN_POINT('',(-2.196152422707,33.));
#1416 = CARTESIAN_POINT('',(0.401923788647,37.5));
#1417 = CARTESIAN_POINT('',(3.,42.));
#1418 = CARTESIAN_POINT('',(5.598076211353,37.5));
#1419 = CARTESIAN_POINT('',(8.196152422707,33.));
#1420 = CARTESIAN_POINT('',(3.,33.));
#1421 = ( GEOMETRIC_REPRESENTATION_CONTEXT(2) 
PARAMETRIC_REPRESENTATION_CONTEXT() REPRESENTATION_CONTEXT('2D SPACE',''
  ) );
#1422 = ORIENTED_EDGE('',*,*,#1423,.T.);
#1423 = EDGE_CURVE('',#1396,#603,#1424,.T.);
#1424 = SURFACE_CURVE('',#1425,(#1429,#1436),.PCURVE_S1.);
#1425 = LINE('',#1426,#1427);
#1426 = CARTESIAN_POINT('',(-29.5,19.5,0.));
#1427 = VECTOR('',#1428,1.);
#1428 = DIRECTION('',(0.,0.,1.));
#1429 = PCURVE('',#126,#1430);
#1430 = DEFINITIONAL_REPRESENTATION('',(#1431),#1435);
#1431 = LINE('',#1432,#1433);
#1432 = CARTESIAN_POINT('',(-1.570796326795,0.));
#1433 = VECTOR('',#1434,1.);
#1434 = DIRECTION('',(-0.,1.));
#1435 = ( GEOMETRIC_REPRESENTATION_CONTEXT(2) 
PARAMETRIC_REPRESENTATION_CONTEXT() REPRESENTATION_CONTEXT('2D SPACE',''
  ) );
#1436 = PCURVE('',#618,#1437);
#1437 = DEFINITIONAL_REPRESENTATION('',(#1438),#1442);
#1438 = LINE('',#1439,#1440);
#1439 = CARTESIAN_POINT('',(0.,3.));
#1440 = VECTOR('',#1441,1.);
#1441 = DIRECTION('',(1.,0.));
#1442 = ( GEOMETRIC_REPRESENTATION_CONTEXT(2) 
PARAMETRIC_REPRESENTATION_CONTEXT() REPRESENTATION_CONTEXT('2D SPACE',''
  ) );
#1443 = ORIENTED_EDGE('',*,*,#630,.F.);
#1444 = ORIENTED_EDGE('',*,*,#112,.F.);
#1445 = ADVANCED_FACE('',(#1446),#100,.F.);
#1446 = FACE_BOUND('',#1447,.F.);
#1447 = EDGE_LOOP('',(#1448,#1449,#1450,#1473,#1501,#1524,#1548,#1569));
#1448 = ORIENTED_EDGE('',*,*,#84,.F.);
#1449 = ORIENTED_EDGE('',*,*,#1345,.T.);
#1450 = ORIENTED_EDGE('',*,*,#1451,.T.);
#1451 = EDGE_CURVE('',#1346,#1452,#1454,.T.);
#1452 = VERTEX_POINT('',#1453);
#1453 = CARTESIAN_POINT('',(29.5,-19.5,0.));
#1454 = SURFACE_CURVE('',#1455,(#1459,#1466),.PCURVE_S1.);
#1455 = LINE('',#1456,#1457);
#1456 = CARTESIAN_POINT('',(-32.5,-19.5,0.));
#1457 = VECTOR('',#1458,1.);
#1458 = DIRECTION('',(1.,0.,0.));
#1459 = PCURVE('',#100,#1460);
#1460 = DEFINITIONAL_REPRESENTATION('',(#1461),#1465);
#1461 = LINE('',#1462,#1463);
#1462 = CARTESIAN_POINT('',(0.,0.));
#1463 = VECTOR('',#1464,1.);
#1464 = DIRECTION('',(1.,0.));
#1465 = ( GEOMETRIC_REPRESENTATION_CONTEXT(2) 
PARAMETRIC_REPRESENTATION_CONTEXT() REPRESENTATION_CONTEXT('2D SPACE',''
  ) );
#1466 = PCURVE('',#500,#1467);
#1467 = DEFINITIONAL_REPRESENTATION('',(#1468),#1472);
#1468 = LINE('',#1469,#1470);
#1469 = CARTESIAN_POINT('',(0.,0.));
#1470 = VECTOR('',#1471,1.);
#1471 = DIRECTION('',(0.,1.));
#1472 = ( GEOMETRIC_REPRESENTATION_CONTEXT(2) 
PARAMETRIC_REPRESENTATION_CONTEXT() REPRESENTATION_CONTEXT('2D SPACE',''
  ) );
#1473 = ORIENTED_EDGE('',*,*,#1474,.F.);
#1474 = EDGE_CURVE('',#1475,#1452,#1477,.T.);
#1475 = VERTEX_POINT('',#1476);
#1476 = CARTESIAN_POINT('',(32.5,-16.5,0.));
#1477 = SURFACE_CURVE('',#1478,(#1483,#1494),.PCURVE_S1.);
#1478 = CIRCLE('',#1479,3.);
#1479 = AXIS2_PLACEMENT_3D('',#1480,#1481,#1482);
#1480 = CARTESIAN_POINT('',(29.5,-16.5,0.));
#1481 = DIRECTION('',(-0.,-0.,-1.));
#1482 = DIRECTION('',(0.,-1.,0.));
#1483 = PCURVE('',#100,#1484);
#1484 = DEFINITIONAL_REPRESENTATION('',(#1485),#1493);
#1485 = ( BOUNDED_CURVE() B_SPLINE_CURVE(2,(#1486,#1487,#1488,#1489,
#1490,#1491,#1492),.UNSPECIFIED.,.T.,.F.) B_SPLINE_CURVE_WITH_KNOTS((1,2
    ,2,2,2,1),(-2.094395102393,0.,2.094395102393,4.188790204786,
6.28318530718,8.377580409573),.UNSPECIFIED.) CURVE() 
GEOMETRIC_REPRESENTATION_ITEM() RATIONAL_B_SPLINE_CURVE((1.,0.5,1.,0.5,
1.,0.5,1.)) REPRESENTATION_ITEM('') );
#1486 = CARTESIAN_POINT('',(62.,0.));
#1487 = CARTESIAN_POINT('',(56.803847577293,0.));
#1488 = CARTESIAN_POINT('',(59.401923788647,4.5));
#1489 = CARTESIAN_POINT('',(62.,9.));
#1490 = CARTESIAN_POINT('',(64.598076211353,4.5));
#1491 = CARTESIAN_POINT('',(67.196152422707,4.440892098501E-15));
#1492 = CARTESIAN_POINT('',(62.,0.));
#1493 = ( GEOMETRIC_REPRESENTATION_CONTEXT(2) 
PARAMETRIC_REPRESENTATION_CONTEXT() REPRESENTATION_CONTEXT('2D SPACE',''
  ) );
#1494 = PCURVE('',#533,#1495);
#1495 = DEFINITIONAL_REPRESENTATION('',(#1496),#1500);
#1496 = LINE('',#1497,#1498);
#1497 = CARTESIAN_POINT('',(4.712388980385,-0.));
#1498 = VECTOR('',#1499,1.);
#1499 = DIRECTION('',(-1.,0.));
#1500 = ( GEOMETRIC_REPRESENTATION_CONTEXT(2) 
PARAMETRIC_REPRESENTATION_CONTEXT() REPRESENTATION_CONTEXT('2D SPACE',''
  ) );
#1501 = ORIENTED_EDGE('',*,*,#1502,.T.);
#1502 = EDGE_CURVE('',#1475,#1503,#1505,.T.);
#1503 = VERTEX_POINT('',#1504);
#1504 = CARTESIAN_POINT('',(32.5,16.5,0.));
#1505 = SURFACE_CURVE('',#1506,(#1510,#1517),.PCURVE_S1.);
#1506 = LINE('',#1507,#1508);
#1507 = CARTESIAN_POINT('',(32.5,-19.5,0.));
#1508 = VECTOR('',#1509,1.);
#1509 = DIRECTION('',(0.,1.,0.));
#1510 = PCURVE('',#100,#1511);
#1511 = DEFINITIONAL_REPRESENTATION('',(#1512),#1516);
#1512 = LINE('',#1513,#1514);
#1513 = CARTESIAN_POINT('',(65.,0.));
#1514 = VECTOR('',#1515,1.);
#1515 = DIRECTION('',(0.,1.));
#1516 = ( GEOMETRIC_REPRESENTATION_CONTEXT(2) 
PARAMETRIC_REPRESENTATION_CONTEXT() REPRESENTATION_CONTEXT('2D SPACE',''
  ) );
#1517 = PCURVE('',#561,#1518);
#1518 = DEFINITIONAL_REPRESENTATION('',(#1519),#1523);
#1519 = LINE('',#1520,#1521);
#1520 = CARTESIAN_POINT('',(0.,0.));
#1521 = VECTOR('',#1522,1.);
#1522 = DIRECTION('',(0.,-1.));
#1523 = ( GEOMETRIC_REPRESENTATION_CONTEXT(2) 
PARAMETRIC_REPRESENTATION_CONTEXT() REPRESENTATION_CONTEXT('2D SPACE',''
  ) );
#1524 = ORIENTED_EDGE('',*,*,#1525,.T.);
#1525 = EDGE_CURVE('',#1503,#1526,#1528,.T.);
#1526 = VERTEX_POINT('',#1527);
#1527 = CARTESIAN_POINT('',(29.5,19.5,0.));
#1528 = SURFACE_CURVE('',#1529,(#1534,#1541),.PCURVE_S1.);
#1529 = CIRCLE('',#1530,3.);
#1530 = AXIS2_PLACEMENT_3D('',#1531,#1532,#1533);
#1531 = CARTESIAN_POINT('',(29.5,16.5,0.));
#1532 = DIRECTION('',(0.,0.,1.));
#1533 = DIRECTION('',(0.,-1.,0.));
#1534 = PCURVE('',#100,#1535);
#1535 = DEFINITIONAL_REPRESENTATION('',(#1536),#1540);
#1536 = CIRCLE('',#1537,3.);
#1537 = AXIS2_PLACEMENT_2D('',#1538,#1539);
#1538 = CARTESIAN_POINT('',(62.,36.));
#1539 = DIRECTION('',(0.,-1.));
#1540 = ( GEOMETRIC_REPRESENTATION_CONTEXT(2) 
PARAMETRIC_REPRESENTATION_CONTEXT() REPRESENTATION_CONTEXT('2D SPACE',''
  ) );
#1541 = PCURVE('',#590,#1542);
#1542 = DEFINITIONAL_REPRESENTATION('',(#1543),#1547);
#1543 = LINE('',#1544,#1545);
#1544 = CARTESIAN_POINT('',(-1.570796326795,0.));
#1545 = VECTOR('',#1546,1.);
#1546 = DIRECTION('',(1.,0.));
#1547 = ( GEOMETRIC_REPRESENTATION_CONTEXT(2) 
PARAMETRIC_REPRESENTATION_CONTEXT() REPRESENTATION_CONTEXT('2D SPACE',''
  ) );
#1548 = ORIENTED_EDGE('',*,*,#1549,.F.);
#1549 = EDGE_CURVE('',#1396,#1526,#1550,.T.);
#1550 = SURFACE_CURVE('',#1551,(#1555,#1562),.PCURVE_S1.);
#1551 = LINE('',#1552,#1553);
#1552 = CARTESIAN_POINT('',(-32.5,19.5,0.));
#1553 = VECTOR('',#1554,1.);
#1554 = DIRECTION('',(1.,0.,0.));
#1555 = PCURVE('',#100,#1556);
#1556 = DEFINITIONAL_REPRESENTATION('',(#1557),#1561);
#1557 = LINE('',#1558,#1559);
#1558 = CARTESIAN_POINT('',(0.,39.));
#1559 = VECTOR('',#1560,1.);
#1560 = DIRECTION('',(1.,0.));
#1561 = ( GEOMETRIC_REPRESENTATION_CONTEXT(2) 
PARAMETRIC_REPRESENTATION_CONTEXT() REPRESENTATION_CONTEXT('2D SPACE',''
  ) );
#1562 = PCURVE('',#618,#1563);
#1563 = DEFINITIONAL_REPRESENTATION('',(#1564),#1568);
#1564 = LINE('',#1565,#1566);
#1565 = CARTESIAN_POINT('',(0.,0.));
#1566 = VECTOR('',#1567,1.);
#1567 = DIRECTION('',(0.,1.));
#1568 = ( GEOMETRIC_REPRESENTATION_CONTEXT(2) 
PARAMETRIC_REPRESENTATION_CONTEXT() REPRESENTATION_CONTEXT('2D SPACE',''
  ) );
#1569 = ORIENTED_EDGE('',*,*,#1395,.F.);
#1570 = ADVANCED_FACE('',(#1571),#157,.T.);
#1571 = FACE_BOUND('',#1572,.T.);
#1572 = EDGE_LOOP('',(#1573,#1596,#1597,#1620,#1646,#1667,#1693,#1714));
#1573 = ORIENTED_EDGE('',*,*,#1574,.F.);
#1574 = EDGE_CURVE('',#141,#1575,#1577,.T.);
#1575 = VERTEX_POINT('',#1576);
#1576 = CARTESIAN_POINT('',(-30.5,10.,9.));
#1577 = SURFACE_CURVE('',#1578,(#1582,#1589),.PCURVE_S1.);
#1578 = LINE('',#1579,#1580);
#1579 = CARTESIAN_POINT('',(-33.75,10.,9.));
#1580 = VECTOR('',#1581,1.);
#1581 = DIRECTION('',(1.,0.,0.));
#1582 = PCURVE('',#157,#1583);
#1583 = DEFINITIONAL_REPRESENTATION('',(#1584),#1588);
#1584 = LINE('',#1585,#1586);
#1585 = CARTESIAN_POINT('',(0.,20.));
#1586 = VECTOR('',#1587,1.);
#1587 = DIRECTION('',(1.,0.));
#1588 = ( GEOMETRIC_REPRESENTATION_CONTEXT(2) 
PARAMETRIC_REPRESENTATION_CONTEXT() REPRESENTATION_CONTEXT('2D SPACE',''
  ) );
#1589 = PCURVE('',#233,#1590);
#1590 = DEFINITIONAL_REPRESENTATION('',(#1591),#1595);
#1591 = LINE('',#1592,#1593);
#1592 = CARTESIAN_POINT('',(0.,0.));
#1593 = VECTOR('',#1594,1.);
#1594 = DIRECTION('',(0.,1.));
#1595 = ( GEOMETRIC_REPRESENTATION_CONTEXT(2) 
PARAMETRIC_REPRESENTATION_CONTEXT() REPRESENTATION_CONTEXT('2D SPACE',''
  ) );
#1596 = ORIENTED_EDGE('',*,*,#140,.T.);
#1597 = ORIENTED_EDGE('',*,*,#1598,.T.);
#1598 = EDGE_CURVE('',#143,#1599,#1601,.T.);
#1599 = VERTEX_POINT('',#1600);
#1600 = CARTESIAN_POINT('',(-30.5,-10.,9.));
#1601 = SURFACE_CURVE('',#1602,(#1606,#1613),.PCURVE_S1.);
#1602 = LINE('',#1603,#1604);
#1603 = CARTESIAN_POINT('',(-33.75,-10.,9.));
#1604 = VECTOR('',#1605,1.);
#1605 = DIRECTION('',(1.,0.,0.));
#1606 = PCURVE('',#157,#1607);
#1607 = DEFINITIONAL_REPRESENTATION('',(#1608),#1612);
#1608 = LINE('',#1609,#1610);
#1609 = CARTESIAN_POINT('',(0.,0.));
#1610 = VECTOR('',#1611,1.);
#1611 = DIRECTION('',(1.,0.));
#1612 = ( GEOMETRIC_REPRESENTATION_CONTEXT(2) 
PARAMETRIC_REPRESENTATION_CONTEXT() REPRESENTATION_CONTEXT('2D SPACE',''
  ) );
#1613 = PCURVE('',#183,#1614);
#1614 = DEFINITIONAL_REPRESENTATION('',(#1615),#1619);
#1615 = LINE('',#1616,#1617);
#1616 = CARTESIAN_POINT('',(0.,0.));
#1617 = VECTOR('',#1618,1.);
#1618 = DIRECTION('',(0.,1.));
#1619 = ( GEOMETRIC_REPRESENTATION_CONTEXT(2) 
PARAMETRIC_REPRESENTATION_CONTEXT() REPRESENTATION_CONTEXT('2D SPACE',''
  ) );
#1620 = ORIENTED_EDGE('',*,*,#1621,.T.);
#1621 = EDGE_CURVE('',#1599,#1622,#1624,.T.);
#1622 = VERTEX_POINT('',#1623);
#1623 = CARTESIAN_POINT('',(-30.5,-9.75,9.));
#1624 = SURFACE_CURVE('',#1625,(#1629,#1635),.PCURVE_S1.);
#1625 = LINE('',#1626,#1627);
#1626 = CARTESIAN_POINT('',(-30.5,-13.875,9.));
#1627 = VECTOR('',#1628,1.);
#1628 = DIRECTION('',(0.,1.,0.));
#1629 = PCURVE('',#157,#1630);
#1630 = DEFINITIONAL_REPRESENTATION('',(#1631),#1634);
#1631 = B_SPLINE_CURVE_WITH_KNOTS('',1,(#1632,#1633),.UNSPECIFIED.,.F.,
  .F.,(2,2),(3.875,4.125),.PIECEWISE_BEZIER_KNOTS.);
#1632 = CARTESIAN_POINT('',(3.25,0.));
#1633 = CARTESIAN_POINT('',(3.25,0.25));
#1634 = ( GEOMETRIC_REPRESENTATION_CONTEXT(2) 
PARAMETRIC_REPRESENTATION_CONTEXT() REPRESENTATION_CONTEXT('2D SPACE',''
  ) );
#1635 = PCURVE('',#1636,#1641);
#1636 = PLANE('',#1637);
#1637 = AXIS2_PLACEMENT_3D('',#1638,#1639,#1640);
#1638 = CARTESIAN_POINT('',(-30.5,-17.75,3.));
#1639 = DIRECTION('',(1.,0.,0.));
#1640 = DIRECTION('',(0.,0.,1.));
#1641 = DEFINITIONAL_REPRESENTATION('',(#1642),#1645);
#1642 = B_SPLINE_CURVE_WITH_KNOTS('',1,(#1643,#1644),.UNSPECIFIED.,.F.,
  .F.,(2,2),(3.875,4.125),.PIECEWISE_BEZIER_KNOTS.);
#1643 = CARTESIAN_POINT('',(6.,-7.75));
#1644 = CARTESIAN_POINT('',(6.,-8.));
#1645 = ( GEOMETRIC_REPRESENTATION_CONTEXT(2) 
PARAMETRIC_REPRESENTATION_CONTEXT() REPRESENTATION_CONTEXT('2D SPACE',''
  ) );
#1646 = ORIENTED_EDGE('',*,*,#1647,.F.);
#1647 = EDGE_CURVE('',#1648,#1622,#1650,.T.);
#1648 = VERTEX_POINT('',#1649);
#1649 = CARTESIAN_POINT('',(-30.,-9.75,9.));
#1650 = SURFACE_CURVE('',#1651,(#1655,#1661),.PCURVE_S1.);
#1651 = LINE('',#1652,#1653);
#1652 = CARTESIAN_POINT('',(-32.125,-9.75,9.));
#1653 = VECTOR('',#1654,1.);
#1654 = DIRECTION('',(-1.,0.,0.));
#1655 = PCURVE('',#157,#1656);
#1656 = DEFINITIONAL_REPRESENTATION('',(#1657),#1660);
#1657 = B_SPLINE_CURVE_WITH_KNOTS('',1,(#1658,#1659),.UNSPECIFIED.,.F.,
  .F.,(2,2),(-2.125,-1.625),.PIECEWISE_BEZIER_KNOTS.);
#1658 = CARTESIAN_POINT('',(3.75,0.25));
#1659 = CARTESIAN_POINT('',(3.25,0.25));
#1660 = ( GEOMETRIC_REPRESENTATION_CONTEXT(2) 
PARAMETRIC_REPRESENTATION_CONTEXT() REPRESENTATION_CONTEXT('2D SPACE',''
  ) );
#1661 = PCURVE('',#825,#1662);
#1662 = DEFINITIONAL_REPRESENTATION('',(#1663),#1666);
#1663 = B_SPLINE_CURVE_WITH_KNOTS('',1,(#1664,#1665),.UNSPECIFIED.,.F.,
  .F.,(2,2),(-2.125,-1.625),.PIECEWISE_BEZIER_KNOTS.);
#1664 = CARTESIAN_POINT('',(6.,0.5));
#1665 = CARTESIAN_POINT('',(6.,0.));
#1666 = ( GEOMETRIC_REPRESENTATION_CONTEXT(2) 
PARAMETRIC_REPRESENTATION_CONTEXT() REPRESENTATION_CONTEXT('2D SPACE',''
  ) );
#1667 = ORIENTED_EDGE('',*,*,#1668,.F.);
#1668 = EDGE_CURVE('',#1669,#1648,#1671,.T.);
#1669 = VERTEX_POINT('',#1670);
#1670 = CARTESIAN_POINT('',(-30.,9.75,9.));
#1671 = SURFACE_CURVE('',#1672,(#1676,#1682),.PCURVE_S1.);
#1672 = LINE('',#1673,#1674);
#1673 = CARTESIAN_POINT('',(-30.,-13.5,9.));
#1674 = VECTOR('',#1675,1.);
#1675 = DIRECTION('',(0.,-1.,0.));
#1676 = PCURVE('',#157,#1677);
#1677 = DEFINITIONAL_REPRESENTATION('',(#1678),#1681);
#1678 = B_SPLINE_CURVE_WITH_KNOTS('',1,(#1679,#1680),.UNSPECIFIED.,.F.,
  .F.,(2,2),(-23.5,-3.5),.PIECEWISE_BEZIER_KNOTS.);
#1679 = CARTESIAN_POINT('',(3.75,20.));
#1680 = CARTESIAN_POINT('',(3.75,0.));
#1681 = ( GEOMETRIC_REPRESENTATION_CONTEXT(2) 
PARAMETRIC_REPRESENTATION_CONTEXT() REPRESENTATION_CONTEXT('2D SPACE',''
  ) );
#1682 = PCURVE('',#1683,#1688);
#1683 = PLANE('',#1684);
#1684 = AXIS2_PLACEMENT_3D('',#1685,#1686,#1687);
#1685 = CARTESIAN_POINT('',(-30.,-17.,3.));
#1686 = DIRECTION('',(1.,0.,0.));
#1687 = DIRECTION('',(0.,0.,1.));
#1688 = DEFINITIONAL_REPRESENTATION('',(#1689),#1692);
#1689 = B_SPLINE_CURVE_WITH_KNOTS('',1,(#1690,#1691),.UNSPECIFIED.,.F.,
  .F.,(2,2),(-23.5,-3.5),.PIECEWISE_BEZIER_KNOTS.);
#1690 = CARTESIAN_POINT('',(6.,-27.));
#1691 = CARTESIAN_POINT('',(6.,-7.));
#1692 = ( GEOMETRIC_REPRESENTATION_CONTEXT(2) 
PARAMETRIC_REPRESENTATION_CONTEXT() REPRESENTATION_CONTEXT('2D SPACE',''
  ) );
#1693 = ORIENTED_EDGE('',*,*,#1694,.T.);
#1694 = EDGE_CURVE('',#1669,#1695,#1697,.T.);
#1695 = VERTEX_POINT('',#1696);
#1696 = CARTESIAN_POINT('',(-30.5,9.75,9.));
#1697 = SURFACE_CURVE('',#1698,(#1702,#1708),.PCURVE_S1.);
#1698 = LINE('',#1699,#1700);
#1699 = CARTESIAN_POINT('',(-32.125,9.75,9.));
#1700 = VECTOR('',#1701,1.);
#1701 = DIRECTION('',(-1.,0.,0.));
#1702 = PCURVE('',#157,#1703);
#1703 = DEFINITIONAL_REPRESENTATION('',(#1704),#1707);
#1704 = B_SPLINE_CURVE_WITH_KNOTS('',1,(#1705,#1706),.UNSPECIFIED.,.F.,
  .F.,(2,2),(-2.125,-1.625),.PIECEWISE_BEZIER_KNOTS.);
#1705 = CARTESIAN_POINT('',(3.75,19.75));
#1706 = CARTESIAN_POINT('',(3.25,19.75));
#1707 = ( GEOMETRIC_REPRESENTATION_CONTEXT(2) 
PARAMETRIC_REPRESENTATION_CONTEXT() REPRESENTATION_CONTEXT('2D SPACE',''
  ) );
#1708 = PCURVE('',#881,#1709);
#1709 = DEFINITIONAL_REPRESENTATION('',(#1710),#1713);
#1710 = B_SPLINE_CURVE_WITH_KNOTS('',1,(#1711,#1712),.UNSPECIFIED.,.F.,
  .F.,(2,2),(-2.125,-1.625),.PIECEWISE_BEZIER_KNOTS.);
#1711 = CARTESIAN_POINT('',(6.,0.5));
#1712 = CARTESIAN_POINT('',(6.,0.));
#1713 = ( GEOMETRIC_REPRESENTATION_CONTEXT(2) 
PARAMETRIC_REPRESENTATION_CONTEXT() REPRESENTATION_CONTEXT('2D SPACE',''
  ) );
#1714 = ORIENTED_EDGE('',*,*,#1715,.T.);
#1715 = EDGE_CURVE('',#1695,#1575,#1716,.T.);
#1716 = SURFACE_CURVE('',#1717,(#1721,#1727),.PCURVE_S1.);
#1717 = LINE('',#1718,#1719);
#1718 = CARTESIAN_POINT('',(-30.5,-0.125,9.));
#1719 = VECTOR('',#1720,1.);
#1720 = DIRECTION('',(0.,1.,0.));
#1721 = PCURVE('',#157,#1722);
#1722 = DEFINITIONAL_REPRESENTATION('',(#1723),#1726);
#1723 = B_SPLINE_CURVE_WITH_KNOTS('',1,(#1724,#1725),.UNSPECIFIED.,.F.,
  .F.,(2,2),(9.875,10.125),.PIECEWISE_BEZIER_KNOTS.);
#1724 = CARTESIAN_POINT('',(3.25,19.75));
#1725 = CARTESIAN_POINT('',(3.25,20.));
#1726 = ( GEOMETRIC_REPRESENTATION_CONTEXT(2) 
PARAMETRIC_REPRESENTATION_CONTEXT() REPRESENTATION_CONTEXT('2D SPACE',''
  ) );
#1727 = PCURVE('',#1728,#1733);
#1728 = PLANE('',#1729);
#1729 = AXIS2_PLACEMENT_3D('',#1730,#1731,#1732);
#1730 = CARTESIAN_POINT('',(-30.5,9.75,3.));
#1731 = DIRECTION('',(1.,0.,0.));
#1732 = DIRECTION('',(0.,0.,1.));
#1733 = DEFINITIONAL_REPRESENTATION('',(#1734),#1737);
#1734 = B_SPLINE_CURVE_WITH_KNOTS('',1,(#1735,#1736),.UNSPECIFIED.,.F.,
  .F.,(2,2),(9.875,10.125),.PIECEWISE_BEZIER_KNOTS.);
#1735 = CARTESIAN_POINT('',(6.,0.));
#1736 = CARTESIAN_POINT('',(6.,-0.25));
#1737 = ( GEOMETRIC_REPRESENTATION_CONTEXT(2) 
PARAMETRIC_REPRESENTATION_CONTEXT() REPRESENTATION_CONTEXT('2D SPACE',''
  ) );
#1738 = ADVANCED_FACE('',(#1739),#233,.F.);
#1739 = FACE_BOUND('',#1740,.F.);
#1740 = EDGE_LOOP('',(#1741,#1742,#1743,#1766));
#1741 = ORIENTED_EDGE('',*,*,#1574,.F.);
#1742 = ORIENTED_EDGE('',*,*,#220,.T.);
#1743 = ORIENTED_EDGE('',*,*,#1744,.T.);
#1744 = EDGE_CURVE('',#195,#1745,#1747,.T.);
#1745 = VERTEX_POINT('',#1746);
#1746 = CARTESIAN_POINT('',(-30.5,10.,11.5));
#1747 = SURFACE_CURVE('',#1748,(#1752,#1759),.PCURVE_S1.);
#1748 = LINE('',#1749,#1750);
#1749 = CARTESIAN_POINT('',(-33.75,10.,11.5));
#1750 = VECTOR('',#1751,1.);
#1751 = DIRECTION('',(1.,0.,0.));
#1752 = PCURVE('',#233,#1753);
#1753 = DEFINITIONAL_REPRESENTATION('',(#1754),#1758);
#1754 = LINE('',#1755,#1756);
#1755 = CARTESIAN_POINT('',(2.5,0.));
#1756 = VECTOR('',#1757,1.);
#1757 = DIRECTION('',(0.,1.));
#1758 = ( GEOMETRIC_REPRESENTATION_CONTEXT(2) 
PARAMETRIC_REPRESENTATION_CONTEXT() REPRESENTATION_CONTEXT('2D SPACE',''
  ) );
#1759 = PCURVE('',#209,#1760);
#1760 = DEFINITIONAL_REPRESENTATION('',(#1761),#1765);
#1761 = LINE('',#1762,#1763);
#1762 = CARTESIAN_POINT('',(0.,20.));
#1763 = VECTOR('',#1764,1.);
#1764 = DIRECTION('',(1.,0.));
#1765 = ( GEOMETRIC_REPRESENTATION_CONTEXT(2) 
PARAMETRIC_REPRESENTATION_CONTEXT() REPRESENTATION_CONTEXT('2D SPACE',''
  ) );
#1766 = ORIENTED_EDGE('',*,*,#1767,.T.);
#1767 = EDGE_CURVE('',#1745,#1575,#1768,.T.);
#1768 = SURFACE_CURVE('',#1769,(#1773,#1779),.PCURVE_S1.);
#1769 = LINE('',#1770,#1771);
#1770 = CARTESIAN_POINT('',(-30.5,10.,6.));
#1771 = VECTOR('',#1772,1.);
#1772 = DIRECTION('',(0.,0.,-1.));
#1773 = PCURVE('',#233,#1774);
#1774 = DEFINITIONAL_REPRESENTATION('',(#1775),#1778);
#1775 = B_SPLINE_CURVE_WITH_KNOTS('',1,(#1776,#1777),.UNSPECIFIED.,.F.,
  .F.,(2,2),(-5.5,-3.),.PIECEWISE_BEZIER_KNOTS.);
#1776 = CARTESIAN_POINT('',(2.5,3.25));
#1777 = CARTESIAN_POINT('',(0.,3.25));
#1778 = ( GEOMETRIC_REPRESENTATION_CONTEXT(2) 
PARAMETRIC_REPRESENTATION_CONTEXT() REPRESENTATION_CONTEXT('2D SPACE',''
  ) );
#1779 = PCURVE('',#1728,#1780);
#1780 = DEFINITIONAL_REPRESENTATION('',(#1781),#1784);
#1781 = B_SPLINE_CURVE_WITH_KNOTS('',1,(#1782,#1783),.UNSPECIFIED.,.F.,
  .F.,(2,2),(-5.5,-3.),.PIECEWISE_BEZIER_KNOTS.);
#1782 = CARTESIAN_POINT('',(8.5,-0.25));
#1783 = CARTESIAN_POINT('',(6.,-0.25));
#1784 = ( GEOMETRIC_REPRESENTATION_CONTEXT(2) 
PARAMETRIC_REPRESENTATION_CONTEXT() REPRESENTATION_CONTEXT('2D SPACE',''
  ) );
#1785 = ADVANCED_FACE('',(#1786),#183,.T.);
#1786 = FACE_BOUND('',#1787,.T.);
#1787 = EDGE_LOOP('',(#1788,#1789,#1790,#1813));
#1788 = ORIENTED_EDGE('',*,*,#1598,.F.);
#1789 = ORIENTED_EDGE('',*,*,#168,.T.);
#1790 = ORIENTED_EDGE('',*,*,#1791,.T.);
#1791 = EDGE_CURVE('',#169,#1792,#1794,.T.);
#1792 = VERTEX_POINT('',#1793);
#1793 = CARTESIAN_POINT('',(-30.5,-10.,11.5));
#1794 = SURFACE_CURVE('',#1795,(#1799,#1806),.PCURVE_S1.);
#1795 = LINE('',#1796,#1797);
#1796 = CARTESIAN_POINT('',(-33.75,-10.,11.5));
#1797 = VECTOR('',#1798,1.);
#1798 = DIRECTION('',(1.,0.,0.));
#1799 = PCURVE('',#183,#1800);
#1800 = DEFINITIONAL_REPRESENTATION('',(#1801),#1805);
#1801 = LINE('',#1802,#1803);
#1802 = CARTESIAN_POINT('',(2.5,0.));
#1803 = VECTOR('',#1804,1.);
#1804 = DIRECTION('',(0.,1.));
#1805 = ( GEOMETRIC_REPRESENTATION_CONTEXT(2) 
PARAMETRIC_REPRESENTATION_CONTEXT() REPRESENTATION_CONTEXT('2D SPACE',''
  ) );
#1806 = PCURVE('',#209,#1807);
#1807 = DEFINITIONAL_REPRESENTATION('',(#1808),#1812);
#1808 = LINE('',#1809,#1810);
#1809 = CARTESIAN_POINT('',(0.,0.));
#1810 = VECTOR('',#1811,1.);
#1811 = DIRECTION('',(1.,0.));
#1812 = ( GEOMETRIC_REPRESENTATION_CONTEXT(2) 
PARAMETRIC_REPRESENTATION_CONTEXT() REPRESENTATION_CONTEXT('2D SPACE',''
  ) );
#1813 = ORIENTED_EDGE('',*,*,#1814,.T.);
#1814 = EDGE_CURVE('',#1792,#1599,#1815,.T.);
#1815 = SURFACE_CURVE('',#1816,(#1820,#1826),.PCURVE_S1.);
#1816 = LINE('',#1817,#1818);
#1817 = CARTESIAN_POINT('',(-30.5,-10.,6.));
#1818 = VECTOR('',#1819,1.);
#1819 = DIRECTION('',(0.,0.,-1.));
#1820 = PCURVE('',#183,#1821);
#1821 = DEFINITIONAL_REPRESENTATION('',(#1822),#1825);
#1822 = B_SPLINE_CURVE_WITH_KNOTS('',1,(#1823,#1824),.UNSPECIFIED.,.F.,
  .F.,(2,2),(-5.5,-3.),.PIECEWISE_BEZIER_KNOTS.);
#1823 = CARTESIAN_POINT('',(2.5,3.25));
#1824 = CARTESIAN_POINT('',(0.,3.25));
#1825 = ( GEOMETRIC_REPRESENTATION_CONTEXT(2) 
PARAMETRIC_REPRESENTATION_CONTEXT() REPRESENTATION_CONTEXT('2D SPACE',''
  ) );
#1826 = PCURVE('',#1636,#1827);
#1827 = DEFINITIONAL_REPRESENTATION('',(#1828),#1831);
#1828 = B_SPLINE_CURVE_WITH_KNOTS('',1,(#1829,#1830),.UNSPECIFIED.,.F.,
  .F.,(2,2),(-5.5,-3.),.PIECEWISE_BEZIER_KNOTS.);
#1829 = CARTESIAN_POINT('',(8.5,-7.75));
#1830 = CARTESIAN_POINT('',(6.,-7.75));
#1831 = ( GEOMETRIC_REPRESENTATION_CONTEXT(2) 
PARAMETRIC_REPRESENTATION_CONTEXT() REPRESENTATION_CONTEXT('2D SPACE',''
  ) );
#1832 = ADVANCED_FACE('',(#1833),#209,.F.);
#1833 = FACE_BOUND('',#1834,.F.);
#1834 = EDGE_LOOP('',(#1835,#1836,#1837,#1838,#1859,#1880,#1906,#1927));
#1835 = ORIENTED_EDGE('',*,*,#1744,.F.);
#1836 = ORIENTED_EDGE('',*,*,#194,.T.);
#1837 = ORIENTED_EDGE('',*,*,#1791,.T.);
#1838 = ORIENTED_EDGE('',*,*,#1839,.T.);
#1839 = EDGE_CURVE('',#1792,#1840,#1842,.T.);
#1840 = VERTEX_POINT('',#1841);
#1841 = CARTESIAN_POINT('',(-30.5,-9.75,11.5));
#1842 = SURFACE_CURVE('',#1843,(#1847,#1853),.PCURVE_S1.);
#1843 = LINE('',#1844,#1845);
#1844 = CARTESIAN_POINT('',(-30.5,-13.875,11.5));
#1845 = VECTOR('',#1846,1.);
#1846 = DIRECTION('',(0.,1.,0.));
#1847 = PCURVE('',#209,#1848);
#1848 = DEFINITIONAL_REPRESENTATION('',(#1849),#1852);
#1849 = B_SPLINE_CURVE_WITH_KNOTS('',1,(#1850,#1851),.UNSPECIFIED.,.F.,
  .F.,(2,2),(3.875,4.125),.PIECEWISE_BEZIER_KNOTS.);
#1850 = CARTESIAN_POINT('',(3.25,0.));
#1851 = CARTESIAN_POINT('',(3.25,0.25));
#1852 = ( GEOMETRIC_REPRESENTATION_CONTEXT(2) 
PARAMETRIC_REPRESENTATION_CONTEXT() REPRESENTATION_CONTEXT('2D SPACE',''
  ) );
#1853 = PCURVE('',#1636,#1854);
#1854 = DEFINITIONAL_REPRESENTATION('',(#1855),#1858);
#1855 = B_SPLINE_CURVE_WITH_KNOTS('',1,(#1856,#1857),.UNSPECIFIED.,.F.,
  .F.,(2,2),(3.875,4.125),.PIECEWISE_BEZIER_KNOTS.);
#1856 = CARTESIAN_POINT('',(8.5,-7.75));
#1857 = CARTESIAN_POINT('',(8.5,-8.));
#1858 = ( GEOMETRIC_REPRESENTATION_CONTEXT(2) 
PARAMETRIC_REPRESENTATION_CONTEXT() REPRESENTATION_CONTEXT('2D SPACE',''
  ) );
#1859 = ORIENTED_EDGE('',*,*,#1860,.F.);
#1860 = EDGE_CURVE('',#1861,#1840,#1863,.T.);
#1861 = VERTEX_POINT('',#1862);
#1862 = CARTESIAN_POINT('',(-30.,-9.75,11.5));
#1863 = SURFACE_CURVE('',#1864,(#1868,#1874),.PCURVE_S1.);
#1864 = LINE('',#1865,#1866);
#1865 = CARTESIAN_POINT('',(-32.125,-9.75,11.5));
#1866 = VECTOR('',#1867,1.);
#1867 = DIRECTION('',(-1.,0.,0.));
#1868 = PCURVE('',#209,#1869);
#1869 = DEFINITIONAL_REPRESENTATION('',(#1870),#1873);
#1870 = B_SPLINE_CURVE_WITH_KNOTS('',1,(#1871,#1872),.UNSPECIFIED.,.F.,
  .F.,(2,2),(-2.125,-1.625),.PIECEWISE_BEZIER_KNOTS.);
#1871 = CARTESIAN_POINT('',(3.75,0.25));
#1872 = CARTESIAN_POINT('',(3.25,0.25));
#1873 = ( GEOMETRIC_REPRESENTATION_CONTEXT(2) 
PARAMETRIC_REPRESENTATION_CONTEXT() REPRESENTATION_CONTEXT('2D SPACE',''
  ) );
#1874 = PCURVE('',#825,#1875);
#1875 = DEFINITIONAL_REPRESENTATION('',(#1876),#1879);
#1876 = B_SPLINE_CURVE_WITH_KNOTS('',1,(#1877,#1878),.UNSPECIFIED.,.F.,
  .F.,(2,2),(-2.125,-1.625),.PIECEWISE_BEZIER_KNOTS.);
#1877 = CARTESIAN_POINT('',(8.5,0.5));
#1878 = CARTESIAN_POINT('',(8.5,0.));
#1879 = ( GEOMETRIC_REPRESENTATION_CONTEXT(2) 
PARAMETRIC_REPRESENTATION_CONTEXT() REPRESENTATION_CONTEXT('2D SPACE',''
  ) );
#1880 = ORIENTED_EDGE('',*,*,#1881,.F.);
#1881 = EDGE_CURVE('',#1882,#1861,#1884,.T.);
#1882 = VERTEX_POINT('',#1883);
#1883 = CARTESIAN_POINT('',(-30.,9.75,11.5));
#1884 = SURFACE_CURVE('',#1885,(#1889,#1895),.PCURVE_S1.);
#1885 = LINE('',#1886,#1887);
#1886 = CARTESIAN_POINT('',(-30.,-13.5,11.5));
#1887 = VECTOR('',#1888,1.);
#1888 = DIRECTION('',(0.,-1.,0.));
#1889 = PCURVE('',#209,#1890);
#1890 = DEFINITIONAL_REPRESENTATION('',(#1891),#1894);
#1891 = B_SPLINE_CURVE_WITH_KNOTS('',1,(#1892,#1893),.UNSPECIFIED.,.F.,
  .F.,(2,2),(-23.5,-3.5),.PIECEWISE_BEZIER_KNOTS.);
#1892 = CARTESIAN_POINT('',(3.75,20.));
#1893 = CARTESIAN_POINT('',(3.75,0.));
#1894 = ( GEOMETRIC_REPRESENTATION_CONTEXT(2) 
PARAMETRIC_REPRESENTATION_CONTEXT() REPRESENTATION_CONTEXT('2D SPACE',''
  ) );
#1895 = PCURVE('',#1896,#1901);
#1896 = PLANE('',#1897);
#1897 = AXIS2_PLACEMENT_3D('',#1898,#1899,#1900);
#1898 = CARTESIAN_POINT('',(-30.,-17.,3.));
#1899 = DIRECTION('',(1.,0.,0.));
#1900 = DIRECTION('',(0.,0.,1.));
#1901 = DEFINITIONAL_REPRESENTATION('',(#1902),#1905);
#1902 = B_SPLINE_CURVE_WITH_KNOTS('',1,(#1903,#1904),.UNSPECIFIED.,.F.,
  .F.,(2,2),(-23.5,-3.5),.PIECEWISE_BEZIER_KNOTS.);
#1903 = CARTESIAN_POINT('',(8.5,-27.));
#1904 = CARTESIAN_POINT('',(8.5,-7.));
#1905 = ( GEOMETRIC_REPRESENTATION_CONTEXT(2) 
PARAMETRIC_REPRESENTATION_CONTEXT() REPRESENTATION_CONTEXT('2D SPACE',''
  ) );
#1906 = ORIENTED_EDGE('',*,*,#1907,.T.);
#1907 = EDGE_CURVE('',#1882,#1908,#1910,.T.);
#1908 = VERTEX_POINT('',#1909);
#1909 = CARTESIAN_POINT('',(-30.5,9.75,11.5));
#1910 = SURFACE_CURVE('',#1911,(#1915,#1921),.PCURVE_S1.);
#1911 = LINE('',#1912,#1913);
#1912 = CARTESIAN_POINT('',(-32.125,9.75,11.5));
#1913 = VECTOR('',#1914,1.);
#1914 = DIRECTION('',(-1.,0.,0.));
#1915 = PCURVE('',#209,#1916);
#1916 = DEFINITIONAL_REPRESENTATION('',(#1917),#1920);
#1917 = B_SPLINE_CURVE_WITH_KNOTS('',1,(#1918,#1919),.UNSPECIFIED.,.F.,
  .F.,(2,2),(-2.125,-1.625),.PIECEWISE_BEZIER_KNOTS.);
#1918 = CARTESIAN_POINT('',(3.75,19.75));
#1919 = CARTESIAN_POINT('',(3.25,19.75));
#1920 = ( GEOMETRIC_REPRESENTATION_CONTEXT(2) 
PARAMETRIC_REPRESENTATION_CONTEXT() REPRESENTATION_CONTEXT('2D SPACE',''
  ) );
#1921 = PCURVE('',#881,#1922);
#1922 = DEFINITIONAL_REPRESENTATION('',(#1923),#1926);
#1923 = B_SPLINE_CURVE_WITH_KNOTS('',1,(#1924,#1925),.UNSPECIFIED.,.F.,
  .F.,(2,2),(-2.125,-1.625),.PIECEWISE_BEZIER_KNOTS.);
#1924 = CARTESIAN_POINT('',(8.5,0.5));
#1925 = CARTESIAN_POINT('',(8.5,0.));
#1926 = ( GEOMETRIC_REPRESENTATION_CONTEXT(2) 
PARAMETRIC_REPRESENTATION_CONTEXT() REPRESENTATION_CONTEXT('2D SPACE',''
  ) );
#1927 = ORIENTED_EDGE('',*,*,#1928,.T.);
#1928 = EDGE_CURVE('',#1908,#1745,#1929,.T.);
#1929 = SURFACE_CURVE('',#1930,(#1934,#1940),.PCURVE_S1.);
#1930 = LINE('',#1931,#1932);
#1931 = CARTESIAN_POINT('',(-30.5,-0.125,11.5));
#1932 = VECTOR('',#1933,1.);
#1933 = DIRECTION('',(0.,1.,0.));
#1934 = PCURVE('',#209,#1935);
#1935 = DEFINITIONAL_REPRESENTATION('',(#1936),#1939);
#1936 = B_SPLINE_CURVE_WITH_KNOTS('',1,(#1937,#1938),.UNSPECIFIED.,.F.,
  .F.,(2,2),(9.875,10.125),.PIECEWISE_BEZIER_KNOTS.);
#1937 = CARTESIAN_POINT('',(3.25,19.75));
#1938 = CARTESIAN_POINT('',(3.25,20.));
#1939 = ( GEOMETRIC_REPRESENTATION_CONTEXT(2) 
PARAMETRIC_REPRESENTATION_CONTEXT() REPRESENTATION_CONTEXT('2D SPACE',''
  ) );
#1940 = PCURVE('',#1728,#1941);
#1941 = DEFINITIONAL_REPRESENTATION('',(#1942),#1945);
#1942 = B_SPLINE_CURVE_WITH_KNOTS('',1,(#1943,#1944),.UNSPECIFIED.,.F.,
  .F.,(2,2),(9.875,10.125),.PIECEWISE_BEZIER_KNOTS.);
#1943 = CARTESIAN_POINT('',(8.5,0.));
#1944 = CARTESIAN_POINT('',(8.5,-0.25));
#1945 = ( GEOMETRIC_REPRESENTATION_CONTEXT(2) 
PARAMETRIC_REPRESENTATION_CONTEXT() REPRESENTATION_CONTEXT('2D SPACE',''
  ) );
#1946 = ADVANCED_FACE('',(#1947),#263,.T.);
#1947 = FACE_BOUND('',#1948,.T.);
#1948 = EDGE_LOOP('',(#1949,#1972,#1973,#1996,#2022,#2043,#2064,#2085));
#1949 = ORIENTED_EDGE('',*,*,#1950,.F.);
#1950 = EDGE_CURVE('',#247,#1951,#1953,.T.);
#1951 = VERTEX_POINT('',#1952);
#1952 = CARTESIAN_POINT('',(-30.5,10.,14.));
#1953 = SURFACE_CURVE('',#1954,(#1958,#1965),.PCURVE_S1.);
#1954 = LINE('',#1955,#1956);
#1955 = CARTESIAN_POINT('',(-33.75,10.,14.));
#1956 = VECTOR('',#1957,1.);
#1957 = DIRECTION('',(1.,0.,0.));
#1958 = PCURVE('',#263,#1959);
#1959 = DEFINITIONAL_REPRESENTATION('',(#1960),#1964);
#1960 = LINE('',#1961,#1962);
#1961 = CARTESIAN_POINT('',(0.,20.));
#1962 = VECTOR('',#1963,1.);
#1963 = DIRECTION('',(1.,0.));
#1964 = ( GEOMETRIC_REPRESENTATION_CONTEXT(2) 
PARAMETRIC_REPRESENTATION_CONTEXT() REPRESENTATION_CONTEXT('2D SPACE',''
  ) );
#1965 = PCURVE('',#339,#1966);
#1966 = DEFINITIONAL_REPRESENTATION('',(#1967),#1971);
#1967 = LINE('',#1968,#1969);
#1968 = CARTESIAN_POINT('',(0.,0.));
#1969 = VECTOR('',#1970,1.);
#1970 = DIRECTION('',(0.,1.));
#1971 = ( GEOMETRIC_REPRESENTATION_CONTEXT(2) 
PARAMETRIC_REPRESENTATION_CONTEXT() REPRESENTATION_CONTEXT('2D SPACE',''
  ) );
#1972 = ORIENTED_EDGE('',*,*,#246,.T.);
#1973 = ORIENTED_EDGE('',*,*,#1974,.T.);
#1974 = EDGE_CURVE('',#249,#1975,#1977,.T.);
#1975 = VERTEX_POINT('',#1976);
#1976 = CARTESIAN_POINT('',(-30.5,-10.,14.));
#1977 = SURFACE_CURVE('',#1978,(#1982,#1989),.PCURVE_S1.);
#1978 = LINE('',#1979,#1980);
#1979 = CARTESIAN_POINT('',(-33.75,-10.,14.));
#1980 = VECTOR('',#1981,1.);
#1981 = DIRECTION('',(1.,0.,0.));
#1982 = PCURVE('',#263,#1983);
#1983 = DEFINITIONAL_REPRESENTATION('',(#1984),#1988);
#1984 = LINE('',#1985,#1986);
#1985 = CARTESIAN_POINT('',(0.,0.));
#1986 = VECTOR('',#1987,1.);
#1987 = DIRECTION('',(1.,0.));
#1988 = ( GEOMETRIC_REPRESENTATION_CONTEXT(2) 
PARAMETRIC_REPRESENTATION_CONTEXT() REPRESENTATION_CONTEXT('2D SPACE',''
  ) );
#1989 = PCURVE('',#289,#1990);
#1990 = DEFINITIONAL_REPRESENTATION('',(#1991),#1995);
#1991 = LINE('',#1992,#1993);
#1992 = CARTESIAN_POINT('',(0.,0.));
#1993 = VECTOR('',#1994,1.);
#1994 = DIRECTION('',(0.,1.));
#1995 = ( GEOMETRIC_REPRESENTATION_CONTEXT(2) 
PARAMETRIC_REPRESENTATION_CONTEXT() REPRESENTATION_CONTEXT('2D SPACE',''
  ) );
#1996 = ORIENTED_EDGE('',*,*,#1997,.T.);
#1997 = EDGE_CURVE('',#1975,#1998,#2000,.T.);
#1998 = VERTEX_POINT('',#1999);
#1999 = CARTESIAN_POINT('',(-30.5,-9.75,14.));
#2000 = SURFACE_CURVE('',#2001,(#2005,#2011),.PCURVE_S1.);
#2001 = LINE('',#2002,#2003);
#2002 = CARTESIAN_POINT('',(-30.5,-13.875,14.));
#2003 = VECTOR('',#2004,1.);
#2004 = DIRECTION('',(0.,1.,0.));
#2005 = PCURVE('',#263,#2006);
#2006 = DEFINITIONAL_REPRESENTATION('',(#2007),#2010);
#2007 = B_SPLINE_CURVE_WITH_KNOTS('',1,(#2008,#2009),.UNSPECIFIED.,.F.,
  .F.,(2,2),(3.875,4.125),.PIECEWISE_BEZIER_KNOTS.);
#2008 = CARTESIAN_POINT('',(3.25,0.));
#2009 = CARTESIAN_POINT('',(3.25,0.25));
#2010 = ( GEOMETRIC_REPRESENTATION_CONTEXT(2) 
PARAMETRIC_REPRESENTATION_CONTEXT() REPRESENTATION_CONTEXT('2D SPACE',''
  ) );
#2011 = PCURVE('',#2012,#2017);
#2012 = PLANE('',#2013);
#2013 = AXIS2_PLACEMENT_3D('',#2014,#2015,#2016);
#2014 = CARTESIAN_POINT('',(-30.5,-17.75,3.));
#2015 = DIRECTION('',(1.,0.,0.));
#2016 = DIRECTION('',(0.,0.,1.));
#2017 = DEFINITIONAL_REPRESENTATION('',(#2018),#2021);
#2018 = B_SPLINE_CURVE_WITH_KNOTS('',1,(#2019,#2020),.UNSPECIFIED.,.F.,
  .F.,(2,2),(3.875,4.125),.PIECEWISE_BEZIER_KNOTS.);
#2019 = CARTESIAN_POINT('',(11.,-7.75));
#2020 = CARTESIAN_POINT('',(11.,-8.));
#2021 = ( GEOMETRIC_REPRESENTATION_CONTEXT(2) 
PARAMETRIC_REPRESENTATION_CONTEXT() REPRESENTATION_CONTEXT('2D SPACE',''
  ) );
#2022 = ORIENTED_EDGE('',*,*,#2023,.F.);
#2023 = EDGE_CURVE('',#2024,#1998,#2026,.T.);
#2024 = VERTEX_POINT('',#2025);
#2025 = CARTESIAN_POINT('',(-30.,-9.75,14.));
#2026 = SURFACE_CURVE('',#2027,(#2031,#2037),.PCURVE_S1.);
#2027 = LINE('',#2028,#2029);
#2028 = CARTESIAN_POINT('',(-32.125,-9.75,14.));
#2029 = VECTOR('',#2030,1.);
#2030 = DIRECTION('',(-1.,0.,0.));
#2031 = PCURVE('',#263,#2032);
#2032 = DEFINITIONAL_REPRESENTATION('',(#2033),#2036);
#2033 = B_SPLINE_CURVE_WITH_KNOTS('',1,(#2034,#2035),.UNSPECIFIED.,.F.,
  .F.,(2,2),(-2.125,-1.625),.PIECEWISE_BEZIER_KNOTS.);
#2034 = CARTESIAN_POINT('',(3.75,0.25));
#2035 = CARTESIAN_POINT('',(3.25,0.25));
#2036 = ( GEOMETRIC_REPRESENTATION_CONTEXT(2) 
PARAMETRIC_REPRESENTATION_CONTEXT() REPRESENTATION_CONTEXT('2D SPACE',''
  ) );
#2037 = PCURVE('',#825,#2038);
#2038 = DEFINITIONAL_REPRESENTATION('',(#2039),#2042);
#2039 = B_SPLINE_CURVE_WITH_KNOTS('',1,(#2040,#2041),.UNSPECIFIED.,.F.,
  .F.,(2,2),(-2.125,-1.625),.PIECEWISE_BEZIER_KNOTS.);
#2040 = CARTESIAN_POINT('',(11.,0.5));
#2041 = CARTESIAN_POINT('',(11.,0.));
#2042 = ( GEOMETRIC_REPRESENTATION_CONTEXT(2) 
PARAMETRIC_REPRESENTATION_CONTEXT() REPRESENTATION_CONTEXT('2D SPACE',''
  ) );
#2043 = ORIENTED_EDGE('',*,*,#2044,.F.);
#2044 = EDGE_CURVE('',#2045,#2024,#2047,.T.);
#2045 = VERTEX_POINT('',#2046);
#2046 = CARTESIAN_POINT('',(-30.,9.75,14.));
#2047 = SURFACE_CURVE('',#2048,(#2052,#2058),.PCURVE_S1.);
#2048 = LINE('',#2049,#2050);
#2049 = CARTESIAN_POINT('',(-30.,-13.5,14.));
#2050 = VECTOR('',#2051,1.);
#2051 = DIRECTION('',(0.,-1.,0.));
#2052 = PCURVE('',#263,#2053);
#2053 = DEFINITIONAL_REPRESENTATION('',(#2054),#2057);
#2054 = B_SPLINE_CURVE_WITH_KNOTS('',1,(#2055,#2056),.UNSPECIFIED.,.F.,
  .F.,(2,2),(-23.5,-3.5),.PIECEWISE_BEZIER_KNOTS.);
#2055 = CARTESIAN_POINT('',(3.75,20.));
#2056 = CARTESIAN_POINT('',(3.75,0.));
#2057 = ( GEOMETRIC_REPRESENTATION_CONTEXT(2) 
PARAMETRIC_REPRESENTATION_CONTEXT() REPRESENTATION_CONTEXT('2D SPACE',''
  ) );
#2058 = PCURVE('',#1896,#2059);
#2059 = DEFINITIONAL_REPRESENTATION('',(#2060),#2063);
#2060 = B_SPLINE_CURVE_WITH_KNOTS('',1,(#2061,#2062),.UNSPECIFIED.,.F.,
  .F.,(2,2),(-23.5,-3.5),.PIECEWISE_BEZIER_KNOTS.);
#2061 = CARTESIAN_POINT('',(11.,-27.));
#2062 = CARTESIAN_POINT('',(11.,-7.));
#2063 = ( GEOMETRIC_REPRESENTATION_CONTEXT(2) 
PARAMETRIC_REPRESENTATION_CONTEXT() REPRESENTATION_CONTEXT('2D SPACE',''
  ) );
#2064 = ORIENTED_EDGE('',*,*,#2065,.T.);
#2065 = EDGE_CURVE('',#2045,#2066,#2068,.T.);
#2066 = VERTEX_POINT('',#2067);
#2067 = CARTESIAN_POINT('',(-30.5,9.75,14.));
#2068 = SURFACE_CURVE('',#2069,(#2073,#2079),.PCURVE_S1.);
#2069 = LINE('',#2070,#2071);
#2070 = CARTESIAN_POINT('',(-32.125,9.75,14.));
#2071 = VECTOR('',#2072,1.);
#2072 = DIRECTION('',(-1.,0.,0.));
#2073 = PCURVE('',#263,#2074);
#2074 = DEFINITIONAL_REPRESENTATION('',(#2075),#2078);
#2075 = B_SPLINE_CURVE_WITH_KNOTS('',1,(#2076,#2077),.UNSPECIFIED.,.F.,
  .F.,(2,2),(-2.125,-1.625),.PIECEWISE_BEZIER_KNOTS.);
#2076 = CARTESIAN_POINT('',(3.75,19.75));
#2077 = CARTESIAN_POINT('',(3.25,19.75));
#2078 = ( GEOMETRIC_REPRESENTATION_CONTEXT(2) 
PARAMETRIC_REPRESENTATION_CONTEXT() REPRESENTATION_CONTEXT('2D SPACE',''
  ) );
#2079 = PCURVE('',#881,#2080);
#2080 = DEFINITIONAL_REPRESENTATION('',(#2081),#2084);
#2081 = B_SPLINE_CURVE_WITH_KNOTS('',1,(#2082,#2083),.UNSPECIFIED.,.F.,
  .F.,(2,2),(-2.125,-1.625),.PIECEWISE_BEZIER_KNOTS.);
#2082 = CARTESIAN_POINT('',(11.,0.5));
#2083 = CARTESIAN_POINT('',(11.,0.));
#2084 = ( GEOMETRIC_REPRESENTATION_CONTEXT(2) 
PARAMETRIC_REPRESENTATION_CONTEXT() REPRESENTATION_CONTEXT('2D SPACE',''
  ) );
#2085 = ORIENTED_EDGE('',*,*,#2086,.T.);
#2086 = EDGE_CURVE('',#2066,#1951,#2087,.T.);
#2087 = SURFACE_CURVE('',#2088,(#2092,#2098),.PCURVE_S1.);
#2088 = LINE('',#2089,#2090);
#2089 = CARTESIAN_POINT('',(-30.5,-0.125,14.));
#2090 = VECTOR('',#2091,1.);
#2091 = DIRECTION('',(0.,1.,0.));
#2092 = PCURVE('',#263,#2093);
#2093 = DEFINITIONAL_REPRESENTATION('',(#2094),#2097);
#2094 = B_SPLINE_CURVE_WITH_KNOTS('',1,(#2095,#2096),.UNSPECIFIED.,.F.,
  .F.,(2,2),(9.875,10.125),.PIECEWISE_BEZIER_KNOTS.);
#2095 = CARTESIAN_POINT('',(3.25,19.75));
#2096 = CARTESIAN_POINT('',(3.25,20.));
#2097 = ( GEOMETRIC_REPRESENTATION_CONTEXT(2) 
PARAMETRIC_REPRESENTATION_CONTEXT() REPRESENTATION_CONTEXT('2D SPACE',''
  ) );
#2098 = PCURVE('',#2099,#2104);
#2099 = PLANE('',#2100);
#2100 = AXIS2_PLACEMENT_3D('',#2101,#2102,#2103);
#2101 = CARTESIAN_POINT('',(-30.5,9.75,3.));
#2102 = DIRECTION('',(1.,0.,0.));
#2103 = DIRECTION('',(0.,0.,1.));
#2104 = DEFINITIONAL_REPRESENTATION('',(#2105),#2108);
#2105 = B_SPLINE_CURVE_WITH_KNOTS('',1,(#2106,#2107),.UNSPECIFIED.,.F.,
  .F.,(2,2),(9.875,10.125),.PIECEWISE_BEZIER_KNOTS.);
#2106 = CARTESIAN_POINT('',(11.,0.));
#2107 = CARTESIAN_POINT('',(11.,-0.25));
#2108 = ( GEOMETRIC_REPRESENTATION_CONTEXT(2) 
PARAMETRIC_REPRESENTATION_CONTEXT() REPRESENTATION_CONTEXT('2D SPACE',''
  ) );
#2109 = ADVANCED_FACE('',(#2110),#339,.F.);
#2110 = FACE_BOUND('',#2111,.F.);
#2111 = EDGE_LOOP('',(#2112,#2113,#2114,#2137));
#2112 = ORIENTED_EDGE('',*,*,#1950,.F.);
#2113 = ORIENTED_EDGE('',*,*,#326,.T.);
#2114 = ORIENTED_EDGE('',*,*,#2115,.T.);
#2115 = EDGE_CURVE('',#301,#2116,#2118,.T.);
#2116 = VERTEX_POINT('',#2117);
#2117 = CARTESIAN_POINT('',(-30.5,10.,16.5));
#2118 = SURFACE_CURVE('',#2119,(#2123,#2130),.PCURVE_S1.);
#2119 = LINE('',#2120,#2121);
#2120 = CARTESIAN_POINT('',(-33.75,10.,16.5));
#2121 = VECTOR('',#2122,1.);
#2122 = DIRECTION('',(1.,0.,0.));
#2123 = PCURVE('',#339,#2124);
#2124 = DEFINITIONAL_REPRESENTATION('',(#2125),#2129);
#2125 = LINE('',#2126,#2127);
#2126 = CARTESIAN_POINT('',(2.5,0.));
#2127 = VECTOR('',#2128,1.);
#2128 = DIRECTION('',(0.,1.));
#2129 = ( GEOMETRIC_REPRESENTATION_CONTEXT(2) 
PARAMETRIC_REPRESENTATION_CONTEXT() REPRESENTATION_CONTEXT('2D SPACE',''
  ) );
#2130 = PCURVE('',#315,#2131);
#2131 = DEFINITIONAL_REPRESENTATION('',(#2132),#2136);
#2132 = LINE('',#2133,#2134);
#2133 = CARTESIAN_POINT('',(0.,20.));
#2134 = VECTOR('',#2135,1.);
#2135 = DIRECTION('',(1.,0.));
#2136 = ( GEOMETRIC_REPRESENTATION_CONTEXT(2) 
PARAMETRIC_REPRESENTATION_CONTEXT() REPRESENTATION_CONTEXT('2D SPACE',''
  ) );
#2137 = ORIENTED_EDGE('',*,*,#2138,.T.);
#2138 = EDGE_CURVE('',#2116,#1951,#2139,.T.);
#2139 = SURFACE_CURVE('',#2140,(#2144,#2150),.PCURVE_S1.);
#2140 = LINE('',#2141,#2142);
#2141 = CARTESIAN_POINT('',(-30.5,10.,8.5));
#2142 = VECTOR('',#2143,1.);
#2143 = DIRECTION('',(0.,0.,-1.));
#2144 = PCURVE('',#339,#2145);
#2145 = DEFINITIONAL_REPRESENTATION('',(#2146),#2149);
#2146 = B_SPLINE_CURVE_WITH_KNOTS('',1,(#2147,#2148),.UNSPECIFIED.,.F.,
  .F.,(2,2),(-8.,-5.5),.PIECEWISE_BEZIER_KNOTS.);
#2147 = CARTESIAN_POINT('',(2.5,3.25));
#2148 = CARTESIAN_POINT('',(0.,3.25));
#2149 = ( GEOMETRIC_REPRESENTATION_CONTEXT(2) 
PARAMETRIC_REPRESENTATION_CONTEXT() REPRESENTATION_CONTEXT('2D SPACE',''
  ) );
#2150 = PCURVE('',#2099,#2151);
#2151 = DEFINITIONAL_REPRESENTATION('',(#2152),#2155);
#2152 = B_SPLINE_CURVE_WITH_KNOTS('',1,(#2153,#2154),.UNSPECIFIED.,.F.,
  .F.,(2,2),(-8.,-5.5),.PIECEWISE_BEZIER_KNOTS.);
#2153 = CARTESIAN_POINT('',(13.5,-0.25));
#2154 = CARTESIAN_POINT('',(11.,-0.25));
#2155 = ( GEOMETRIC_REPRESENTATION_CONTEXT(2) 
PARAMETRIC_REPRESENTATION_CONTEXT() REPRESENTATION_CONTEXT('2D SPACE',''
  ) );
#2156 = ADVANCED_FACE('',(#2157),#289,.T.);
#2157 = FACE_BOUND('',#2158,.T.);
#2158 = EDGE_LOOP('',(#2159,#2160,#2161,#2184));
#2159 = ORIENTED_EDGE('',*,*,#1974,.F.);
#2160 = ORIENTED_EDGE('',*,*,#274,.T.);
#2161 = ORIENTED_EDGE('',*,*,#2162,.T.);
#2162 = EDGE_CURVE('',#275,#2163,#2165,.T.);
#2163 = VERTEX_POINT('',#2164);
#2164 = CARTESIAN_POINT('',(-30.5,-10.,16.5));
#2165 = SURFACE_CURVE('',#2166,(#2170,#2177),.PCURVE_S1.);
#2166 = LINE('',#2167,#2168);
#2167 = CARTESIAN_POINT('',(-33.75,-10.,16.5));
#2168 = VECTOR('',#2169,1.);
#2169 = DIRECTION('',(1.,0.,0.));
#2170 = PCURVE('',#289,#2171);
#2171 = DEFINITIONAL_REPRESENTATION('',(#2172),#2176);
#2172 = LINE('',#2173,#2174);
#2173 = CARTESIAN_POINT('',(2.5,0.));
#2174 = VECTOR('',#2175,1.);
#2175 = DIRECTION('',(0.,1.));
#2176 = ( GEOMETRIC_REPRESENTATION_CONTEXT(2) 
PARAMETRIC_REPRESENTATION_CONTEXT() REPRESENTATION_CONTEXT('2D SPACE',''
  ) );
#2177 = PCURVE('',#315,#2178);
#2178 = DEFINITIONAL_REPRESENTATION('',(#2179),#2183);
#2179 = LINE('',#2180,#2181);
#2180 = CARTESIAN_POINT('',(0.,0.));
#2181 = VECTOR('',#2182,1.);
#2182 = DIRECTION('',(1.,0.));
#2183 = ( GEOMETRIC_REPRESENTATION_CONTEXT(2) 
PARAMETRIC_REPRESENTATION_CONTEXT() REPRESENTATION_CONTEXT('2D SPACE',''
  ) );
#2184 = ORIENTED_EDGE('',*,*,#2185,.T.);
#2185 = EDGE_CURVE('',#2163,#1975,#2186,.T.);
#2186 = SURFACE_CURVE('',#2187,(#2191,#2197),.PCURVE_S1.);
#2187 = LINE('',#2188,#2189);
#2188 = CARTESIAN_POINT('',(-30.5,-10.,8.5));
#2189 = VECTOR('',#2190,1.);
#2190 = DIRECTION('',(0.,0.,-1.));
#2191 = PCURVE('',#289,#2192);
#2192 = DEFINITIONAL_REPRESENTATION('',(#2193),#2196);
#2193 = B_SPLINE_CURVE_WITH_KNOTS('',1,(#2194,#2195),.UNSPECIFIED.,.F.,
  .F.,(2,2),(-8.,-5.5),.PIECEWISE_BEZIER_KNOTS.);
#2194 = CARTESIAN_POINT('',(2.5,3.25));
#2195 = CARTESIAN_POINT('',(0.,3.25));
#2196 = ( GEOMETRIC_REPRESENTATION_CONTEXT(2) 
PARAMETRIC_REPRESENTATION_CONTEXT() REPRESENTATION_CONTEXT('2D SPACE',''
  ) );
#2197 = PCURVE('',#2012,#2198);
#2198 = DEFINITIONAL_REPRESENTATION('',(#2199),#2202);
#2199 = B_SPLINE_CURVE_WITH_KNOTS('',1,(#2200,#2201),.UNSPECIFIED.,.F.,
  .F.,(2,2),(-8.,-5.5),.PIECEWISE_BEZIER_KNOTS.);
#2200 = CARTESIAN_POINT('',(13.5,-7.75));
#2201 = CARTESIAN_POINT('',(11.,-7.75));
#2202 = ( GEOMETRIC_REPRESENTATION_CONTEXT(2) 
PARAMETRIC_REPRESENTATION_CONTEXT() REPRESENTATION_CONTEXT('2D SPACE',''
  ) );
#2203 = ADVANCED_FACE('',(#2204),#315,.F.);
#2204 = FACE_BOUND('',#2205,.F.);
#2205 = EDGE_LOOP('',(#2206,#2207,#2208,#2209,#2230,#2251,#2277,#2298));
#2206 = ORIENTED_EDGE('',*,*,#2115,.F.);
#2207 = ORIENTED_EDGE('',*,*,#300,.T.);
#2208 = ORIENTED_EDGE('',*,*,#2162,.T.);
#2209 = ORIENTED_EDGE('',*,*,#2210,.T.);
#2210 = EDGE_CURVE('',#2163,#2211,#2213,.T.);
#2211 = VERTEX_POINT('',#2212);
#2212 = CARTESIAN_POINT('',(-30.5,-9.75,16.5));
#2213 = SURFACE_CURVE('',#2214,(#2218,#2224),.PCURVE_S1.);
#2214 = LINE('',#2215,#2216);
#2215 = CARTESIAN_POINT('',(-30.5,-13.875,16.5));
#2216 = VECTOR('',#2217,1.);
#2217 = DIRECTION('',(0.,1.,0.));
#2218 = PCURVE('',#315,#2219);
#2219 = DEFINITIONAL_REPRESENTATION('',(#2220),#2223);
#2220 = B_SPLINE_CURVE_WITH_KNOTS('',1,(#2221,#2222),.UNSPECIFIED.,.F.,
  .F.,(2,2),(3.875,4.125),.PIECEWISE_BEZIER_KNOTS.);
#2221 = CARTESIAN_POINT('',(3.25,0.));
#2222 = CARTESIAN_POINT('',(3.25,0.25));
#2223 = ( GEOMETRIC_REPRESENTATION_CONTEXT(2) 
PARAMETRIC_REPRESENTATION_CONTEXT() REPRESENTATION_CONTEXT('2D SPACE',''
  ) );
#2224 = PCURVE('',#2012,#2225);
#2225 = DEFINITIONAL_REPRESENTATION('',(#2226),#2229);
#2226 = B_SPLINE_CURVE_WITH_KNOTS('',1,(#2227,#2228),.UNSPECIFIED.,.F.,
  .F.,(2,2),(3.875,4.125),.PIECEWISE_BEZIER_KNOTS.);
#2227 = CARTESIAN_POINT('',(13.5,-7.75));
#2228 = CARTESIAN_POINT('',(13.5,-8.));
#2229 = ( GEOMETRIC_REPRESENTATION_CONTEXT(2) 
PARAMETRIC_REPRESENTATION_CONTEXT() REPRESENTATION_CONTEXT('2D SPACE',''
  ) );
#2230 = ORIENTED_EDGE('',*,*,#2231,.F.);
#2231 = EDGE_CURVE('',#2232,#2211,#2234,.T.);
#2232 = VERTEX_POINT('',#2233);
#2233 = CARTESIAN_POINT('',(-30.,-9.75,16.5));
#2234 = SURFACE_CURVE('',#2235,(#2239,#2245),.PCURVE_S1.);
#2235 = LINE('',#2236,#2237);
#2236 = CARTESIAN_POINT('',(-32.125,-9.75,16.5));
#2237 = VECTOR('',#2238,1.);
#2238 = DIRECTION('',(-1.,0.,0.));
#2239 = PCURVE('',#315,#2240);
#2240 = DEFINITIONAL_REPRESENTATION('',(#2241),#2244);
#2241 = B_SPLINE_CURVE_WITH_KNOTS('',1,(#2242,#2243),.UNSPECIFIED.,.F.,
  .F.,(2,2),(-2.125,-1.625),.PIECEWISE_BEZIER_KNOTS.);
#2242 = CARTESIAN_POINT('',(3.75,0.25));
#2243 = CARTESIAN_POINT('',(3.25,0.25));
#2244 = ( GEOMETRIC_REPRESENTATION_CONTEXT(2) 
PARAMETRIC_REPRESENTATION_CONTEXT() REPRESENTATION_CONTEXT('2D SPACE',''
  ) );
#2245 = PCURVE('',#825,#2246);
#2246 = DEFINITIONAL_REPRESENTATION('',(#2247),#2250);
#2247 = B_SPLINE_CURVE_WITH_KNOTS('',1,(#2248,#2249),.UNSPECIFIED.,.F.,
  .F.,(2,2),(-2.125,-1.625),.PIECEWISE_BEZIER_KNOTS.);
#2248 = CARTESIAN_POINT('',(13.5,0.5));
#2249 = CARTESIAN_POINT('',(13.5,0.));
#2250 = ( GEOMETRIC_REPRESENTATION_CONTEXT(2) 
PARAMETRIC_REPRESENTATION_CONTEXT() REPRESENTATION_CONTEXT('2D SPACE',''
  ) );
#2251 = ORIENTED_EDGE('',*,*,#2252,.F.);
#2252 = EDGE_CURVE('',#2253,#2232,#2255,.T.);
#2253 = VERTEX_POINT('',#2254);
#2254 = CARTESIAN_POINT('',(-30.,9.75,16.5));
#2255 = SURFACE_CURVE('',#2256,(#2260,#2266),.PCURVE_S1.);
#2256 = LINE('',#2257,#2258);
#2257 = CARTESIAN_POINT('',(-30.,-13.5,16.5));
#2258 = VECTOR('',#2259,1.);
#2259 = DIRECTION('',(0.,-1.,0.));
#2260 = PCURVE('',#315,#2261);
#2261 = DEFINITIONAL_REPRESENTATION('',(#2262),#2265);
#2262 = B_SPLINE_CURVE_WITH_KNOTS('',1,(#2263,#2264),.UNSPECIFIED.,.F.,
  .F.,(2,2),(-23.5,-3.5),.PIECEWISE_BEZIER_KNOTS.);
#2263 = CARTESIAN_POINT('',(3.75,20.));
#2264 = CARTESIAN_POINT('',(3.75,0.));
#2265 = ( GEOMETRIC_REPRESENTATION_CONTEXT(2) 
PARAMETRIC_REPRESENTATION_CONTEXT() REPRESENTATION_CONTEXT('2D SPACE',''
  ) );
#2266 = PCURVE('',#2267,#2272);
#2267 = PLANE('',#2268);
#2268 = AXIS2_PLACEMENT_3D('',#2269,#2270,#2271);
#2269 = CARTESIAN_POINT('',(-30.,-17.,3.));
#2270 = DIRECTION('',(1.,0.,0.));
#2271 = DIRECTION('',(0.,0.,1.));
#2272 = DEFINITIONAL_REPRESENTATION('',(#2273),#2276);
#2273 = B_SPLINE_CURVE_WITH_KNOTS('',1,(#2274,#2275),.UNSPECIFIED.,.F.,
  .F.,(2,2),(-23.5,-3.5),.PIECEWISE_BEZIER_KNOTS.);
#2274 = CARTESIAN_POINT('',(13.5,-27.));
#2275 = CARTESIAN_POINT('',(13.5,-7.));
#2276 = ( GEOMETRIC_REPRESENTATION_CONTEXT(2) 
PARAMETRIC_REPRESENTATION_CONTEXT() REPRESENTATION_CONTEXT('2D SPACE',''
  ) );
#2277 = ORIENTED_EDGE('',*,*,#2278,.T.);
#2278 = EDGE_CURVE('',#2253,#2279,#2281,.T.);
#2279 = VERTEX_POINT('',#2280);
#2280 = CARTESIAN_POINT('',(-30.5,9.75,16.5));
#2281 = SURFACE_CURVE('',#2282,(#2286,#2292),.PCURVE_S1.);
#2282 = LINE('',#2283,#2284);
#2283 = CARTESIAN_POINT('',(-32.125,9.75,16.5));
#2284 = VECTOR('',#2285,1.);
#2285 = DIRECTION('',(-1.,0.,0.));
#2286 = PCURVE('',#315,#2287);
#2287 = DEFINITIONAL_REPRESENTATION('',(#2288),#2291);
#2288 = B_SPLINE_CURVE_WITH_KNOTS('',1,(#2289,#2290),.UNSPECIFIED.,.F.,
  .F.,(2,2),(-2.125,-1.625),.PIECEWISE_BEZIER_KNOTS.);
#2289 = CARTESIAN_POINT('',(3.75,19.75));
#2290 = CARTESIAN_POINT('',(3.25,19.75));
#2291 = ( GEOMETRIC_REPRESENTATION_CONTEXT(2) 
PARAMETRIC_REPRESENTATION_CONTEXT() REPRESENTATION_CONTEXT('2D SPACE',''
  ) );
#2292 = PCURVE('',#881,#2293);
#2293 = DEFINITIONAL_REPRESENTATION('',(#2294),#2297);
#2294 = B_SPLINE_CURVE_WITH_KNOTS('',1,(#2295,#2296),.UNSPECIFIED.,.F.,
  .F.,(2,2),(-2.125,-1.625),.PIECEWISE_BEZIER_KNOTS.);
#2295 = CARTESIAN_POINT('',(13.5,0.5));
#2296 = CARTESIAN_POINT('',(13.5,0.));
#2297 = ( GEOMETRIC_REPRESENTATION_CONTEXT(2) 
PARAMETRIC_REPRESENTATION_CONTEXT() REPRESENTATION_CONTEXT('2D SPACE',''
  ) );
#2298 = ORIENTED_EDGE('',*,*,#2299,.T.);
#2299 = EDGE_CURVE('',#2279,#2116,#2300,.T.);
#2300 = SURFACE_CURVE('',#2301,(#2305,#2311),.PCURVE_S1.);
#2301 = LINE('',#2302,#2303);
#2302 = CARTESIAN_POINT('',(-30.5,-0.125,16.5));
#2303 = VECTOR('',#2304,1.);
#2304 = DIRECTION('',(0.,1.,0.));
#2305 = PCURVE('',#315,#2306);
#2306 = DEFINITIONAL_REPRESENTATION('',(#2307),#2310);
#2307 = B_SPLINE_CURVE_WITH_KNOTS('',1,(#2308,#2309),.UNSPECIFIED.,.F.,
  .F.,(2,2),(9.875,10.125),.PIECEWISE_BEZIER_KNOTS.);
#2308 = CARTESIAN_POINT('',(3.25,19.75));
#2309 = CARTESIAN_POINT('',(3.25,20.));
#2310 = ( GEOMETRIC_REPRESENTATION_CONTEXT(2) 
PARAMETRIC_REPRESENTATION_CONTEXT() REPRESENTATION_CONTEXT('2D SPACE',''
  ) );
#2311 = PCURVE('',#2099,#2312);
#2312 = DEFINITIONAL_REPRESENTATION('',(#2313),#2316);
#2313 = B_SPLINE_CURVE_WITH_KNOTS('',1,(#2314,#2315),.UNSPECIFIED.,.F.,
  .F.,(2,2),(9.875,10.125),.PIECEWISE_BEZIER_KNOTS.);
#2314 = CARTESIAN_POINT('',(13.5,0.));
#2315 = CARTESIAN_POINT('',(13.5,-0.25));
#2316 = ( GEOMETRIC_REPRESENTATION_CONTEXT(2) 
PARAMETRIC_REPRESENTATION_CONTEXT() REPRESENTATION_CONTEXT('2D SPACE',''
  ) );
#2317 = ADVANCED_FACE('',(#2318),#369,.T.);
#2318 = FACE_BOUND('',#2319,.T.);
#2319 = EDGE_LOOP('',(#2320,#2343,#2344,#2367,#2393,#2414,#2435,#2456));
#2320 = ORIENTED_EDGE('',*,*,#2321,.F.);
#2321 = EDGE_CURVE('',#353,#2322,#2324,.T.);
#2322 = VERTEX_POINT('',#2323);
#2323 = CARTESIAN_POINT('',(-30.5,10.,19.));
#2324 = SURFACE_CURVE('',#2325,(#2329,#2336),.PCURVE_S1.);
#2325 = LINE('',#2326,#2327);
#2326 = CARTESIAN_POINT('',(-33.75,10.,19.));
#2327 = VECTOR('',#2328,1.);
#2328 = DIRECTION('',(1.,0.,0.));
#2329 = PCURVE('',#369,#2330);
#2330 = DEFINITIONAL_REPRESENTATION('',(#2331),#2335);
#2331 = LINE('',#2332,#2333);
#2332 = CARTESIAN_POINT('',(0.,20.));
#2333 = VECTOR('',#2334,1.);
#2334 = DIRECTION('',(1.,0.));
#2335 = ( GEOMETRIC_REPRESENTATION_CONTEXT(2) 
PARAMETRIC_REPRESENTATION_CONTEXT() REPRESENTATION_CONTEXT('2D SPACE',''
  ) );
#2336 = PCURVE('',#445,#2337);
#2337 = DEFINITIONAL_REPRESENTATION('',(#2338),#2342);
#2338 = LINE('',#2339,#2340);
#2339 = CARTESIAN_POINT('',(0.,0.));
#2340 = VECTOR('',#2341,1.);
#2341 = DIRECTION('',(0.,1.));
#2342 = ( GEOMETRIC_REPRESENTATION_CONTEXT(2) 
PARAMETRIC_REPRESENTATION_CONTEXT() REPRESENTATION_CONTEXT('2D SPACE',''
  ) );
#2343 = ORIENTED_EDGE('',*,*,#352,.T.);
#2344 = ORIENTED_EDGE('',*,*,#2345,.T.);
#2345 = EDGE_CURVE('',#355,#2346,#2348,.T.);
#2346 = VERTEX_POINT('',#2347);
#2347 = CARTESIAN_POINT('',(-30.5,-10.,19.));
#2348 = SURFACE_CURVE('',#2349,(#2353,#2360),.PCURVE_S1.);
#2349 = LINE('',#2350,#2351);
#2350 = CARTESIAN_POINT('',(-33.75,-10.,19.));
#2351 = VECTOR('',#2352,1.);
#2352 = DIRECTION('',(1.,0.,0.));
#2353 = PCURVE('',#369,#2354);
#2354 = DEFINITIONAL_REPRESENTATION('',(#2355),#2359);
#2355 = LINE('',#2356,#2357);
#2356 = CARTESIAN_POINT('',(0.,0.));
#2357 = VECTOR('',#2358,1.);
#2358 = DIRECTION('',(1.,0.));
#2359 = ( GEOMETRIC_REPRESENTATION_CONTEXT(2) 
PARAMETRIC_REPRESENTATION_CONTEXT() REPRESENTATION_CONTEXT('2D SPACE',''
  ) );
#2360 = PCURVE('',#395,#2361);
#2361 = DEFINITIONAL_REPRESENTATION('',(#2362),#2366);
#2362 = LINE('',#2363,#2364);
#2363 = CARTESIAN_POINT('',(0.,0.));
#2364 = VECTOR('',#2365,1.);
#2365 = DIRECTION('',(0.,1.));
#2366 = ( GEOMETRIC_REPRESENTATION_CONTEXT(2) 
PARAMETRIC_REPRESENTATION_CONTEXT() REPRESENTATION_CONTEXT('2D SPACE',''
  ) );
#2367 = ORIENTED_EDGE('',*,*,#2368,.T.);
#2368 = EDGE_CURVE('',#2346,#2369,#2371,.T.);
#2369 = VERTEX_POINT('',#2370);
#2370 = CARTESIAN_POINT('',(-30.5,-9.75,19.));
#2371 = SURFACE_CURVE('',#2372,(#2376,#2382),.PCURVE_S1.);
#2372 = LINE('',#2373,#2374);
#2373 = CARTESIAN_POINT('',(-30.5,-13.875,19.));
#2374 = VECTOR('',#2375,1.);
#2375 = DIRECTION('',(0.,1.,0.));
#2376 = PCURVE('',#369,#2377);
#2377 = DEFINITIONAL_REPRESENTATION('',(#2378),#2381);
#2378 = B_SPLINE_CURVE_WITH_KNOTS('',1,(#2379,#2380),.UNSPECIFIED.,.F.,
  .F.,(2,2),(3.875,4.125),.PIECEWISE_BEZIER_KNOTS.);
#2379 = CARTESIAN_POINT('',(3.25,0.));
#2380 = CARTESIAN_POINT('',(3.25,0.25));
#2381 = ( GEOMETRIC_REPRESENTATION_CONTEXT(2) 
PARAMETRIC_REPRESENTATION_CONTEXT() REPRESENTATION_CONTEXT('2D SPACE',''
  ) );
#2382 = PCURVE('',#2383,#2388);
#2383 = PLANE('',#2384);
#2384 = AXIS2_PLACEMENT_3D('',#2385,#2386,#2387);
#2385 = CARTESIAN_POINT('',(-30.5,-17.75,3.));
#2386 = DIRECTION('',(1.,0.,0.));
#2387 = DIRECTION('',(0.,0.,1.));
#2388 = DEFINITIONAL_REPRESENTATION('',(#2389),#2392);
#2389 = B_SPLINE_CURVE_WITH_KNOTS('',1,(#2390,#2391),.UNSPECIFIED.,.F.,
  .F.,(2,2),(3.875,4.125),.PIECEWISE_BEZIER_KNOTS.);
#2390 = CARTESIAN_POINT('',(16.,-7.75));
#2391 = CARTESIAN_POINT('',(16.,-8.));
#2392 = ( GEOMETRIC_REPRESENTATION_CONTEXT(2) 
PARAMETRIC_REPRESENTATION_CONTEXT() REPRESENTATION_CONTEXT('2D SPACE',''
  ) );
#2393 = ORIENTED_EDGE('',*,*,#2394,.F.);
#2394 = EDGE_CURVE('',#2395,#2369,#2397,.T.);
#2395 = VERTEX_POINT('',#2396);
#2396 = CARTESIAN_POINT('',(-30.,-9.75,19.));
#2397 = SURFACE_CURVE('',#2398,(#2402,#2408),.PCURVE_S1.);
#2398 = LINE('',#2399,#2400);
#2399 = CARTESIAN_POINT('',(-32.125,-9.75,19.));
#2400 = VECTOR('',#2401,1.);
#2401 = DIRECTION('',(-1.,0.,0.));
#2402 = PCURVE('',#369,#2403);
#2403 = DEFINITIONAL_REPRESENTATION('',(#2404),#2407);
#2404 = B_SPLINE_CURVE_WITH_KNOTS('',1,(#2405,#2406),.UNSPECIFIED.,.F.,
  .F.,(2,2),(-2.125,-1.625),.PIECEWISE_BEZIER_KNOTS.);
#2405 = CARTESIAN_POINT('',(3.75,0.25));
#2406 = CARTESIAN_POINT('',(3.25,0.25));
#2407 = ( GEOMETRIC_REPRESENTATION_CONTEXT(2) 
PARAMETRIC_REPRESENTATION_CONTEXT() REPRESENTATION_CONTEXT('2D SPACE',''
  ) );
#2408 = PCURVE('',#825,#2409);
#2409 = DEFINITIONAL_REPRESENTATION('',(#2410),#2413);
#2410 = B_SPLINE_CURVE_WITH_KNOTS('',1,(#2411,#2412),.UNSPECIFIED.,.F.,
  .F.,(2,2),(-2.125,-1.625),.PIECEWISE_BEZIER_KNOTS.);
#2411 = CARTESIAN_POINT('',(16.,0.5));
#2412 = CARTESIAN_POINT('',(16.,0.));
#2413 = ( GEOMETRIC_REPRESENTATION_CONTEXT(2) 
PARAMETRIC_REPRESENTATION_CONTEXT() REPRESENTATION_CONTEXT('2D SPACE',''
  ) );
#2414 = ORIENTED_EDGE('',*,*,#2415,.F.);
#2415 = EDGE_CURVE('',#2416,#2395,#2418,.T.);
#2416 = VERTEX_POINT('',#2417);
#2417 = CARTESIAN_POINT('',(-30.,9.75,19.));
#2418 = SURFACE_CURVE('',#2419,(#2423,#2429),.PCURVE_S1.);
#2419 = LINE('',#2420,#2421);
#2420 = CARTESIAN_POINT('',(-30.,-13.5,19.));
#2421 = VECTOR('',#2422,1.);
#2422 = DIRECTION('',(0.,-1.,0.));
#2423 = PCURVE('',#369,#2424);
#2424 = DEFINITIONAL_REPRESENTATION('',(#2425),#2428);
#2425 = B_SPLINE_CURVE_WITH_KNOTS('',1,(#2426,#2427),.UNSPECIFIED.,.F.,
  .F.,(2,2),(-23.5,-3.5),.PIECEWISE_BEZIER_KNOTS.);
#2426 = CARTESIAN_POINT('',(3.75,20.));
#2427 = CARTESIAN_POINT('',(3.75,0.));
#2428 = ( GEOMETRIC_REPRESENTATION_CONTEXT(2) 
PARAMETRIC_REPRESENTATION_CONTEXT() REPRESENTATION_CONTEXT('2D SPACE',''
  ) );
#2429 = PCURVE('',#2267,#2430);
#2430 = DEFINITIONAL_REPRESENTATION('',(#2431),#2434);
#2431 = B_SPLINE_CURVE_WITH_KNOTS('',1,(#2432,#2433),.UNSPECIFIED.,.F.,
  .F.,(2,2),(-23.5,-3.5),.PIECEWISE_BEZIER_KNOTS.);
#2432 = CARTESIAN_POINT('',(16.,-27.));
#2433 = CARTESIAN_POINT('',(16.,-7.));
#2434 = ( GEOMETRIC_REPRESENTATION_CONTEXT(2) 
PARAMETRIC_REPRESENTATION_CONTEXT() REPRESENTATION_CONTEXT('2D SPACE',''
  ) );
#2435 = ORIENTED_EDGE('',*,*,#2436,.T.);
#2436 = EDGE_CURVE('',#2416,#2437,#2439,.T.);
#2437 = VERTEX_POINT('',#2438);
#2438 = CARTESIAN_POINT('',(-30.5,9.75,19.));
#2439 = SURFACE_CURVE('',#2440,(#2444,#2450),.PCURVE_S1.);
#2440 = LINE('',#2441,#2442);
#2441 = CARTESIAN_POINT('',(-32.125,9.75,19.));
#2442 = VECTOR('',#2443,1.);
#2443 = DIRECTION('',(-1.,0.,0.));
#2444 = PCURVE('',#369,#2445);
#2445 = DEFINITIONAL_REPRESENTATION('',(#2446),#2449);
#2446 = B_SPLINE_CURVE_WITH_KNOTS('',1,(#2447,#2448),.UNSPECIFIED.,.F.,
  .F.,(2,2),(-2.125,-1.625),.PIECEWISE_BEZIER_KNOTS.);
#2447 = CARTESIAN_POINT('',(3.75,19.75));
#2448 = CARTESIAN_POINT('',(3.25,19.75));
#2449 = ( GEOMETRIC_REPRESENTATION_CONTEXT(2) 
PARAMETRIC_REPRESENTATION_CONTEXT() REPRESENTATION_CONTEXT('2D SPACE',''
  ) );
#2450 = PCURVE('',#881,#2451);
#2451 = DEFINITIONAL_REPRESENTATION('',(#2452),#2455);
#2452 = B_SPLINE_CURVE_WITH_KNOTS('',1,(#2453,#2454),.UNSPECIFIED.,.F.,
  .F.,(2,2),(-2.125,-1.625),.PIECEWISE_BEZIER_KNOTS.);
#2453 = CARTESIAN_POINT('',(16.,0.5));
#2454 = CARTESIAN_POINT('',(16.,0.));
#2455 = ( GEOMETRIC_REPRESENTATION_CONTEXT(2) 
PARAMETRIC_REPRESENTATION_CONTEXT() REPRESENTATION_CONTEXT('2D SPACE',''
  ) );
#2456 = ORIENTED_EDGE('',*,*,#2457,.T.);
#2457 = EDGE_CURVE('',#2437,#2322,#2458,.T.);
#2458 = SURFACE_CURVE('',#2459,(#2463,#2469),.PCURVE_S1.);
#2459 = LINE('',#2460,#2461);
#2460 = CARTESIAN_POINT('',(-30.5,-0.125,19.));
#2461 = VECTOR('',#2462,1.);
#2462 = DIRECTION('',(0.,1.,0.));
#2463 = PCURVE('',#369,#2464);
#2464 = DEFINITIONAL_REPRESENTATION('',(#2465),#2468);
#2465 = B_SPLINE_CURVE_WITH_KNOTS('',1,(#2466,#2467),.UNSPECIFIED.,.F.,
  .F.,(2,2),(9.875,10.125),.PIECEWISE_BEZIER_KNOTS.);
#2466 = CARTESIAN_POINT('',(3.25,19.75));
#2467 = CARTESIAN_POINT('',(3.25,20.));
#2468 = ( GEOMETRIC_REPRESENTATION_CONTEXT(2) 
PARAMETRIC_REPRESENTATION_CONTEXT() REPRESENTATION_CONTEXT('2D SPACE',''
  ) );
#2469 = PCURVE('',#2470,#2475);
#2470 = PLANE('',#2471);
#2471 = AXIS2_PLACEMENT_3D('',#2472,#2473,#2474);
#2472 = CARTESIAN_POINT('',(-30.5,9.75,3.));
#2473 = DIRECTION('',(1.,0.,0.));
#2474 = DIRECTION('',(0.,0.,1.));
#2475 = DEFINITIONAL_REPRESENTATION('',(#2476),#2479);
#2476 = B_SPLINE_CURVE_WITH_KNOTS('',1,(#2477,#2478),.UNSPECIFIED.,.F.,
  .F.,(2,2),(9.875,10.125),.PIECEWISE_BEZIER_KNOTS.);
#2477 = CARTESIAN_POINT('',(16.,0.));
#2478 = CARTESIAN_POINT('',(16.,-0.25));
#2479 = ( GEOMETRIC_REPRESENTATION_CONTEXT(2) 
PARAMETRIC_REPRESENTATION_CONTEXT() REPRESENTATION_CONTEXT('2D SPACE',''
  ) );
#2480 = ADVANCED_FACE('',(#2481),#445,.F.);
#2481 = FACE_BOUND('',#2482,.F.);
#2482 = EDGE_LOOP('',(#2483,#2484,#2485,#2508));
#2483 = ORIENTED_EDGE('',*,*,#2321,.F.);
#2484 = ORIENTED_EDGE('',*,*,#432,.T.);
#2485 = ORIENTED_EDGE('',*,*,#2486,.T.);
#2486 = EDGE_CURVE('',#407,#2487,#2489,.T.);
#2487 = VERTEX_POINT('',#2488);
#2488 = CARTESIAN_POINT('',(-30.5,10.,21.5));
#2489 = SURFACE_CURVE('',#2490,(#2494,#2501),.PCURVE_S1.);
#2490 = LINE('',#2491,#2492);
#2491 = CARTESIAN_POINT('',(-33.75,10.,21.5));
#2492 = VECTOR('',#2493,1.);
#2493 = DIRECTION('',(1.,0.,0.));
#2494 = PCURVE('',#445,#2495);
#2495 = DEFINITIONAL_REPRESENTATION('',(#2496),#2500);
#2496 = LINE('',#2497,#2498);
#2497 = CARTESIAN_POINT('',(2.5,0.));
#2498 = VECTOR('',#2499,1.);
#2499 = DIRECTION('',(0.,1.));
#2500 = ( GEOMETRIC_REPRESENTATION_CONTEXT(2) 
PARAMETRIC_REPRESENTATION_CONTEXT() REPRESENTATION_CONTEXT('2D SPACE',''
  ) );
#2501 = PCURVE('',#421,#2502);
#2502 = DEFINITIONAL_REPRESENTATION('',(#2503),#2507);
#2503 = LINE('',#2504,#2505);
#2504 = CARTESIAN_POINT('',(0.,20.));
#2505 = VECTOR('',#2506,1.);
#2506 = DIRECTION('',(1.,0.));
#2507 = ( GEOMETRIC_REPRESENTATION_CONTEXT(2) 
PARAMETRIC_REPRESENTATION_CONTEXT() REPRESENTATION_CONTEXT('2D SPACE',''
  ) );
#2508 = ORIENTED_EDGE('',*,*,#2509,.T.);
#2509 = EDGE_CURVE('',#2487,#2322,#2510,.T.);
#2510 = SURFACE_CURVE('',#2511,(#2515,#2521),.PCURVE_S1.);
#2511 = LINE('',#2512,#2513);
#2512 = CARTESIAN_POINT('',(-30.5,10.,11.));
#2513 = VECTOR('',#2514,1.);
#2514 = DIRECTION('',(0.,0.,-1.));
#2515 = PCURVE('',#445,#2516);
#2516 = DEFINITIONAL_REPRESENTATION('',(#2517),#2520);
#2517 = B_SPLINE_CURVE_WITH_KNOTS('',1,(#2518,#2519),.UNSPECIFIED.,.F.,
  .F.,(2,2),(-10.5,-8.),.PIECEWISE_BEZIER_KNOTS.);
#2518 = CARTESIAN_POINT('',(2.5,3.25));
#2519 = CARTESIAN_POINT('',(0.,3.25));
#2520 = ( GEOMETRIC_REPRESENTATION_CONTEXT(2) 
PARAMETRIC_REPRESENTATION_CONTEXT() REPRESENTATION_CONTEXT('2D SPACE',''
  ) );
#2521 = PCURVE('',#2470,#2522);
#2522 = DEFINITIONAL_REPRESENTATION('',(#2523),#2526);
#2523 = B_SPLINE_CURVE_WITH_KNOTS('',1,(#2524,#2525),.UNSPECIFIED.,.F.,
  .F.,(2,2),(-10.5,-8.),.PIECEWISE_BEZIER_KNOTS.);
#2524 = CARTESIAN_POINT('',(18.5,-0.25));
#2525 = CARTESIAN_POINT('',(16.,-0.25));
#2526 = ( GEOMETRIC_REPRESENTATION_CONTEXT(2) 
PARAMETRIC_REPRESENTATION_CONTEXT() REPRESENTATION_CONTEXT('2D SPACE',''
  ) );
#2527 = ADVANCED_FACE('',(#2528),#421,.F.);
#2528 = FACE_BOUND('',#2529,.F.);
#2529 = EDGE_LOOP('',(#2530,#2531,#2532,#2555,#2576,#2597,#2618,#2639));
#2530 = ORIENTED_EDGE('',*,*,#2486,.F.);
#2531 = ORIENTED_EDGE('',*,*,#406,.T.);
#2532 = ORIENTED_EDGE('',*,*,#2533,.T.);
#2533 = EDGE_CURVE('',#381,#2534,#2536,.T.);
#2534 = VERTEX_POINT('',#2535);
#2535 = CARTESIAN_POINT('',(-30.5,-10.,21.5));
#2536 = SURFACE_CURVE('',#2537,(#2541,#2548),.PCURVE_S1.);
#2537 = LINE('',#2538,#2539);
#2538 = CARTESIAN_POINT('',(-33.75,-10.,21.5));
#2539 = VECTOR('',#2540,1.);
#2540 = DIRECTION('',(1.,0.,0.));
#2541 = PCURVE('',#421,#2542);
#2542 = DEFINITIONAL_REPRESENTATION('',(#2543),#2547);
#2543 = LINE('',#2544,#2545);
#2544 = CARTESIAN_POINT('',(0.,0.));
#2545 = VECTOR('',#2546,1.);
#2546 = DIRECTION('',(1.,0.));
#2547 = ( GEOMETRIC_REPRESENTATION_CONTEXT(2) 
PARAMETRIC_REPRESENTATION_CONTEXT() REPRESENTATION_CONTEXT('2D SPACE',''
  ) );
#2548 = PCURVE('',#395,#2549);
#2549 = DEFINITIONAL_REPRESENTATION('',(#2550),#2554);
#2550 = LINE('',#2551,#2552);
#2551 = CARTESIAN_POINT('',(2.5,0.));
#2552 = VECTOR('',#2553,1.);
#2553 = DIRECTION('',(0.,1.));
#2554 = ( GEOMETRIC_REPRESENTATION_CONTEXT(2) 
PARAMETRIC_REPRESENTATION_CONTEXT() REPRESENTATION_CONTEXT('2D SPACE',''
  ) );
#2555 = ORIENTED_EDGE('',*,*,#2556,.T.);
#2556 = EDGE_CURVE('',#2534,#2557,#2559,.T.);
#2557 = VERTEX_POINT('',#2558);
#2558 = CARTESIAN_POINT('',(-30.5,-9.75,21.5));
#2559 = SURFACE_CURVE('',#2560,(#2564,#2570),.PCURVE_S1.);
#2560 = LINE('',#2561,#2562);
#2561 = CARTESIAN_POINT('',(-30.5,-13.875,21.5));
#2562 = VECTOR('',#2563,1.);
#2563 = DIRECTION('',(0.,1.,0.));
#2564 = PCURVE('',#421,#2565);
#2565 = DEFINITIONAL_REPRESENTATION('',(#2566),#2569);
#2566 = B_SPLINE_CURVE_WITH_KNOTS('',1,(#2567,#2568),.UNSPECIFIED.,.F.,
  .F.,(2,2),(3.875,4.125),.PIECEWISE_BEZIER_KNOTS.);
#2567 = CARTESIAN_POINT('',(3.25,0.));
#2568 = CARTESIAN_POINT('',(3.25,0.25));
#2569 = ( GEOMETRIC_REPRESENTATION_CONTEXT(2) 
PARAMETRIC_REPRESENTATION_CONTEXT() REPRESENTATION_CONTEXT('2D SPACE',''
  ) );
#2570 = PCURVE('',#2383,#2571);
#2571 = DEFINITIONAL_REPRESENTATION('',(#2572),#2575);
#2572 = B_SPLINE_CURVE_WITH_KNOTS('',1,(#2573,#2574),.UNSPECIFIED.,.F.,
  .F.,(2,2),(3.875,4.125),.PIECEWISE_BEZIER_KNOTS.);
#2573 = CARTESIAN_POINT('',(18.5,-7.75));
#2574 = CARTESIAN_POINT('',(18.5,-8.));
#2575 = ( GEOMETRIC_REPRESENTATION_CONTEXT(2) 
PARAMETRIC_REPRESENTATION_CONTEXT() REPRESENTATION_CONTEXT('2D SPACE',''
  ) );
#2576 = ORIENTED_EDGE('',*,*,#2577,.F.);
#2577 = EDGE_CURVE('',#2578,#2557,#2580,.T.);
#2578 = VERTEX_POINT('',#2579);
#2579 = CARTESIAN_POINT('',(-30.,-9.75,21.5));
#2580 = SURFACE_CURVE('',#2581,(#2585,#2591),.PCURVE_S1.);
#2581 = LINE('',#2582,#2583);
#2582 = CARTESIAN_POINT('',(-32.125,-9.75,21.5));
#2583 = VECTOR('',#2584,1.);
#2584 = DIRECTION('',(-1.,0.,0.));
#2585 = PCURVE('',#421,#2586);
#2586 = DEFINITIONAL_REPRESENTATION('',(#2587),#2590);
#2587 = B_SPLINE_CURVE_WITH_KNOTS('',1,(#2588,#2589),.UNSPECIFIED.,.F.,
  .F.,(2,2),(-2.125,-1.625),.PIECEWISE_BEZIER_KNOTS.);
#2588 = CARTESIAN_POINT('',(3.75,0.25));
#2589 = CARTESIAN_POINT('',(3.25,0.25));
#2590 = ( GEOMETRIC_REPRESENTATION_CONTEXT(2) 
PARAMETRIC_REPRESENTATION_CONTEXT() REPRESENTATION_CONTEXT('2D SPACE',''
  ) );
#2591 = PCURVE('',#825,#2592);
#2592 = DEFINITIONAL_REPRESENTATION('',(#2593),#2596);
#2593 = B_SPLINE_CURVE_WITH_KNOTS('',1,(#2594,#2595),.UNSPECIFIED.,.F.,
  .F.,(2,2),(-2.125,-1.625),.PIECEWISE_BEZIER_KNOTS.);
#2594 = CARTESIAN_POINT('',(18.5,0.5));
#2595 = CARTESIAN_POINT('',(18.5,0.));
#2596 = ( GEOMETRIC_REPRESENTATION_CONTEXT(2) 
PARAMETRIC_REPRESENTATION_CONTEXT() REPRESENTATION_CONTEXT('2D SPACE',''
  ) );
#2597 = ORIENTED_EDGE('',*,*,#2598,.F.);
#2598 = EDGE_CURVE('',#2599,#2578,#2601,.T.);
#2599 = VERTEX_POINT('',#2600);
#2600 = CARTESIAN_POINT('',(-30.,9.75,21.5));
#2601 = SURFACE_CURVE('',#2602,(#2606,#2612),.PCURVE_S1.);
#2602 = LINE('',#2603,#2604);
#2603 = CARTESIAN_POINT('',(-30.,-13.5,21.5));
#2604 = VECTOR('',#2605,1.);
#2605 = DIRECTION('',(0.,-1.,0.));
#2606 = PCURVE('',#421,#2607);
#2607 = DEFINITIONAL_REPRESENTATION('',(#2608),#2611);
#2608 = B_SPLINE_CURVE_WITH_KNOTS('',1,(#2609,#2610),.UNSPECIFIED.,.F.,
  .F.,(2,2),(-23.5,-3.5),.PIECEWISE_BEZIER_KNOTS.);
#2609 = CARTESIAN_POINT('',(3.75,20.));
#2610 = CARTESIAN_POINT('',(3.75,0.));
#2611 = ( GEOMETRIC_REPRESENTATION_CONTEXT(2) 
PARAMETRIC_REPRESENTATION_CONTEXT() REPRESENTATION_CONTEXT('2D SPACE',''
  ) );
#2612 = PCURVE('',#853,#2613);
#2613 = DEFINITIONAL_REPRESENTATION('',(#2614),#2617);
#2614 = B_SPLINE_CURVE_WITH_KNOTS('',1,(#2615,#2616),.UNSPECIFIED.,.F.,
  .F.,(2,2),(-23.5,-3.5),.PIECEWISE_BEZIER_KNOTS.);
#2615 = CARTESIAN_POINT('',(18.5,-27.));
#2616 = CARTESIAN_POINT('',(18.5,-7.));
#2617 = ( GEOMETRIC_REPRESENTATION_CONTEXT(2) 
PARAMETRIC_REPRESENTATION_CONTEXT() REPRESENTATION_CONTEXT('2D SPACE',''
  ) );
#2618 = ORIENTED_EDGE('',*,*,#2619,.T.);
#2619 = EDGE_CURVE('',#2599,#2620,#2622,.T.);
#2620 = VERTEX_POINT('',#2621);
#2621 = CARTESIAN_POINT('',(-30.5,9.75,21.5));
#2622 = SURFACE_CURVE('',#2623,(#2627,#2633),.PCURVE_S1.);
#2623 = LINE('',#2624,#2625);
#2624 = CARTESIAN_POINT('',(-32.125,9.75,21.5));
#2625 = VECTOR('',#2626,1.);
#2626 = DIRECTION('',(-1.,0.,0.));
#2627 = PCURVE('',#421,#2628);
#2628 = DEFINITIONAL_REPRESENTATION('',(#2629),#2632);
#2629 = B_SPLINE_CURVE_WITH_KNOTS('',1,(#2630,#2631),.UNSPECIFIED.,.F.,
  .F.,(2,2),(-2.125,-1.625),.PIECEWISE_BEZIER_KNOTS.);
#2630 = CARTESIAN_POINT('',(3.75,19.75));
#2631 = CARTESIAN_POINT('',(3.25,19.75));
#2632 = ( GEOMETRIC_REPRESENTATION_CONTEXT(2) 
PARAMETRIC_REPRESENTATION_CONTEXT() REPRESENTATION_CONTEXT('2D SPACE',''
  ) );
#2633 = PCURVE('',#881,#2634);
#2634 = DEFINITIONAL_REPRESENTATION('',(#2635),#2638);
#2635 = B_SPLINE_CURVE_WITH_KNOTS('',1,(#2636,#2637),.UNSPECIFIED.,.F.,
  .F.,(2,2),(-2.125,-1.625),.PIECEWISE_BEZIER_KNOTS.);
#2636 = CARTESIAN_POINT('',(18.5,0.5));
#2637 = CARTESIAN_POINT('',(18.5,0.));
#2638 = ( GEOMETRIC_REPRESENTATION_CONTEXT(2) 
PARAMETRIC_REPRESENTATION_CONTEXT() REPRESENTATION_CONTEXT('2D SPACE',''
  ) );
#2639 = ORIENTED_EDGE('',*,*,#2640,.T.);
#2640 = EDGE_CURVE('',#2620,#2487,#2641,.T.);
#2641 = SURFACE_CURVE('',#2642,(#2646,#2652),.PCURVE_S1.);
#2642 = LINE('',#2643,#2644);
#2643 = CARTESIAN_POINT('',(-30.5,-0.125,21.5));
#2644 = VECTOR('',#2645,1.);
#2645 = DIRECTION('',(0.,1.,0.));
#2646 = PCURVE('',#421,#2647);
#2647 = DEFINITIONAL_REPRESENTATION('',(#2648),#2651);
#2648 = B_SPLINE_CURVE_WITH_KNOTS('',1,(#2649,#2650),.UNSPECIFIED.,.F.,
  .F.,(2,2),(9.875,10.125),.PIECEWISE_BEZIER_KNOTS.);
#2649 = CARTESIAN_POINT('',(3.25,19.75));
#2650 = CARTESIAN_POINT('',(3.25,20.));
#2651 = ( GEOMETRIC_REPRESENTATION_CONTEXT(2) 
PARAMETRIC_REPRESENTATION_CONTEXT() REPRESENTATION_CONTEXT('2D SPACE',''
  ) );
#2652 = PCURVE('',#2470,#2653);
#2653 = DEFINITIONAL_REPRESENTATION('',(#2654),#2657);
#2654 = B_SPLINE_CURVE_WITH_KNOTS('',1,(#2655,#2656),.UNSPECIFIED.,.F.,
  .F.,(2,2),(9.875,10.125),.PIECEWISE_BEZIER_KNOTS.);
#2655 = CARTESIAN_POINT('',(18.5,0.));
#2656 = CARTESIAN_POINT('',(18.5,-0.25));
#2657 = ( GEOMETRIC_REPRESENTATION_CONTEXT(2) 
PARAMETRIC_REPRESENTATION_CONTEXT() REPRESENTATION_CONTEXT('2D SPACE',''
  ) );
#2658 = ADVANCED_FACE('',(#2659),#395,.T.);
#2659 = FACE_BOUND('',#2660,.T.);
#2660 = EDGE_LOOP('',(#2661,#2662,#2663,#2664));
#2661 = ORIENTED_EDGE('',*,*,#2345,.F.);
#2662 = ORIENTED_EDGE('',*,*,#380,.T.);
#2663 = ORIENTED_EDGE('',*,*,#2533,.T.);
#2664 = ORIENTED_EDGE('',*,*,#2665,.T.);
#2665 = EDGE_CURVE('',#2534,#2346,#2666,.T.);
#2666 = SURFACE_CURVE('',#2667,(#2671,#2677),.PCURVE_S1.);
#2667 = LINE('',#2668,#2669);
#2668 = CARTESIAN_POINT('',(-30.5,-10.,11.));
#2669 = VECTOR('',#2670,1.);
#2670 = DIRECTION('',(0.,0.,-1.));
#2671 = PCURVE('',#395,#2672);
#2672 = DEFINITIONAL_REPRESENTATION('',(#2673),#2676);
#2673 = B_SPLINE_CURVE_WITH_KNOTS('',1,(#2674,#2675),.UNSPECIFIED.,.F.,
  .F.,(2,2),(-10.5,-8.),.PIECEWISE_BEZIER_KNOTS.);
#2674 = CARTESIAN_POINT('',(2.5,3.25));
#2675 = CARTESIAN_POINT('',(0.,3.25));
#2676 = ( GEOMETRIC_REPRESENTATION_CONTEXT(2) 
PARAMETRIC_REPRESENTATION_CONTEXT() REPRESENTATION_CONTEXT('2D SPACE',''
  ) );
#2677 = PCURVE('',#2383,#2678);
#2678 = DEFINITIONAL_REPRESENTATION('',(#2679),#2682);
#2679 = B_SPLINE_CURVE_WITH_KNOTS('',1,(#2680,#2681),.UNSPECIFIED.,.F.,
  .F.,(2,2),(-10.5,-8.),.PIECEWISE_BEZIER_KNOTS.);
#2680 = CARTESIAN_POINT('',(18.5,-7.75));
#2681 = CARTESIAN_POINT('',(16.,-7.75));
#2682 = ( GEOMETRIC_REPRESENTATION_CONTEXT(2) 
PARAMETRIC_REPRESENTATION_CONTEXT() REPRESENTATION_CONTEXT('2D SPACE',''
  ) );
#2683 = ADVANCED_FACE('',(#2684,#2710,#2816,#2922,#3028,#3134,#3240),
  #500,.F.);
#2684 = FACE_BOUND('',#2685,.F.);
#2685 = EDGE_LOOP('',(#2686,#2687,#2688,#2689));
#2686 = ORIENTED_EDGE('',*,*,#1451,.F.);
#2687 = ORIENTED_EDGE('',*,*,#1369,.T.);
#2688 = ORIENTED_EDGE('',*,*,#484,.T.);
#2689 = ORIENTED_EDGE('',*,*,#2690,.F.);
#2690 = EDGE_CURVE('',#1452,#485,#2691,.T.);
#2691 = SURFACE_CURVE('',#2692,(#2696,#2703),.PCURVE_S1.);
#2692 = LINE('',#2693,#2694);
#2693 = CARTESIAN_POINT('',(29.5,-19.5,0.));
#2694 = VECTOR('',#2695,1.);
#2695 = DIRECTION('',(0.,0.,1.));
#2696 = PCURVE('',#500,#2697);
#2697 = DEFINITIONAL_REPRESENTATION('',(#2698),#2702);
#2698 = LINE('',#2699,#2700);
#2699 = CARTESIAN_POINT('',(0.,62.));
#2700 = VECTOR('',#2701,1.);
#2701 = DIRECTION('',(1.,0.));
#2702 = ( GEOMETRIC_REPRESENTATION_CONTEXT(2) 
PARAMETRIC_REPRESENTATION_CONTEXT() REPRESENTATION_CONTEXT('2D SPACE',''
  ) );
#2703 = PCURVE('',#533,#2704);
#2704 = DEFINITIONAL_REPRESENTATION('',(#2705),#2709);
#2705 = LINE('',#2706,#2707);
#2706 = CARTESIAN_POINT('',(-1.570796326795,0.));
#2707 = VECTOR('',#2708,1.);
#2708 = DIRECTION('',(-0.,1.));
#2709 = ( GEOMETRIC_REPRESENTATION_CONTEXT(2) 
PARAMETRIC_REPRESENTATION_CONTEXT() REPRESENTATION_CONTEXT('2D SPACE',''
  ) );
#2710 = FACE_BOUND('',#2711,.F.);
#2711 = EDGE_LOOP('',(#2712,#2740,#2766,#2792));
#2712 = ORIENTED_EDGE('',*,*,#2713,.F.);
#2713 = EDGE_CURVE('',#2714,#2716,#2718,.T.);
#2714 = VERTEX_POINT('',#2715);
#2715 = CARTESIAN_POINT('',(-21.,-19.5,11.5));
#2716 = VERTEX_POINT('',#2717);
#2717 = CARTESIAN_POINT('',(-13.,-19.5,11.5));
#2718 = SURFACE_CURVE('',#2719,(#2723,#2729),.PCURVE_S1.);
#2719 = LINE('',#2720,#2721);
#2720 = CARTESIAN_POINT('',(-26.75,-19.5,11.5));
#2721 = VECTOR('',#2722,1.);
#2722 = DIRECTION('',(1.,0.,0.));
#2723 = PCURVE('',#500,#2724);
#2724 = DEFINITIONAL_REPRESENTATION('',(#2725),#2728);
#2725 = B_SPLINE_CURVE_WITH_KNOTS('',1,(#2726,#2727),.UNSPECIFIED.,.F.,
  .F.,(2,2),(5.75,13.75),.PIECEWISE_BEZIER_KNOTS.);
#2726 = CARTESIAN_POINT('',(11.5,11.5));
#2727 = CARTESIAN_POINT('',(11.5,19.5));
#2728 = ( GEOMETRIC_REPRESENTATION_CONTEXT(2) 
PARAMETRIC_REPRESENTATION_CONTEXT() REPRESENTATION_CONTEXT('2D SPACE',''
  ) );
#2729 = PCURVE('',#2730,#2735);
#2730 = PLANE('',#2731);
#2731 = AXIS2_PLACEMENT_3D('',#2732,#2733,#2734);
#2732 = CARTESIAN_POINT('',(-21.,-20.75,11.5));
#2733 = DIRECTION('',(0.,0.,1.));
#2734 = DIRECTION('',(1.,0.,0.));
#2735 = DEFINITIONAL_REPRESENTATION('',(#2736),#2739);
#2736 = B_SPLINE_CURVE_WITH_KNOTS('',1,(#2737,#2738),.UNSPECIFIED.,.F.,
  .F.,(2,2),(5.75,13.75),.PIECEWISE_BEZIER_KNOTS.);
#2737 = CARTESIAN_POINT('',(0.,1.25));
#2738 = CARTESIAN_POINT('',(8.,1.25));
#2739 = ( GEOMETRIC_REPRESENTATION_CONTEXT(2) 
PARAMETRIC_REPRESENTATION_CONTEXT() REPRESENTATION_CONTEXT('2D SPACE',''
  ) );
#2740 = ORIENTED_EDGE('',*,*,#2741,.T.);
#2741 = EDGE_CURVE('',#2714,#2742,#2744,.T.);
#2742 = VERTEX_POINT('',#2743);
#2743 = CARTESIAN_POINT('',(-21.,-19.5,9.));
#2744 = SURFACE_CURVE('',#2745,(#2749,#2755),.PCURVE_S1.);
#2745 = LINE('',#2746,#2747);
#2746 = CARTESIAN_POINT('',(-21.,-19.5,4.5));
#2747 = VECTOR('',#2748,1.);
#2748 = DIRECTION('',(0.,0.,-1.));
#2749 = PCURVE('',#500,#2750);
#2750 = DEFINITIONAL_REPRESENTATION('',(#2751),#2754);
#2751 = B_SPLINE_CURVE_WITH_KNOTS('',1,(#2752,#2753),.UNSPECIFIED.,.F.,
  .F.,(2,2),(-7.,-4.5),.PIECEWISE_BEZIER_KNOTS.);
#2752 = CARTESIAN_POINT('',(11.5,11.5));
#2753 = CARTESIAN_POINT('',(9.,11.5));
#2754 = ( GEOMETRIC_REPRESENTATION_CONTEXT(2) 
PARAMETRIC_REPRESENTATION_CONTEXT() REPRESENTATION_CONTEXT('2D SPACE',''
  ) );
#2755 = PCURVE('',#2756,#2761);
#2756 = PLANE('',#2757);
#2757 = AXIS2_PLACEMENT_3D('',#2758,#2759,#2760);
#2758 = CARTESIAN_POINT('',(-21.,-20.75,9.));
#2759 = DIRECTION('',(1.,0.,0.));
#2760 = DIRECTION('',(0.,0.,1.));
#2761 = DEFINITIONAL_REPRESENTATION('',(#2762),#2765);
#2762 = B_SPLINE_CURVE_WITH_KNOTS('',1,(#2763,#2764),.UNSPECIFIED.,.F.,
  .F.,(2,2),(-7.,-4.5),.PIECEWISE_BEZIER_KNOTS.);
#2763 = CARTESIAN_POINT('',(2.5,-1.25));
#2764 = CARTESIAN_POINT('',(0.,-1.25));
#2765 = ( GEOMETRIC_REPRESENTATION_CONTEXT(2) 
PARAMETRIC_REPRESENTATION_CONTEXT() REPRESENTATION_CONTEXT('2D SPACE',''
  ) );
#2766 = ORIENTED_EDGE('',*,*,#2767,.T.);
#2767 = EDGE_CURVE('',#2742,#2768,#2770,.T.);
#2768 = VERTEX_POINT('',#2769);
#2769 = CARTESIAN_POINT('',(-13.,-19.5,9.));
#2770 = SURFACE_CURVE('',#2771,(#2775,#2781),.PCURVE_S1.);
#2771 = LINE('',#2772,#2773);
#2772 = CARTESIAN_POINT('',(-26.75,-19.5,9.));
#2773 = VECTOR('',#2774,1.);
#2774 = DIRECTION('',(1.,0.,0.));
#2775 = PCURVE('',#500,#2776);
#2776 = DEFINITIONAL_REPRESENTATION('',(#2777),#2780);
#2777 = B_SPLINE_CURVE_WITH_KNOTS('',1,(#2778,#2779),.UNSPECIFIED.,.F.,
  .F.,(2,2),(5.75,13.75),.PIECEWISE_BEZIER_KNOTS.);
#2778 = CARTESIAN_POINT('',(9.,11.5));
#2779 = CARTESIAN_POINT('',(9.,19.5));
#2780 = ( GEOMETRIC_REPRESENTATION_CONTEXT(2) 
PARAMETRIC_REPRESENTATION_CONTEXT() REPRESENTATION_CONTEXT('2D SPACE',''
  ) );
#2781 = PCURVE('',#2782,#2787);
#2782 = PLANE('',#2783);
#2783 = AXIS2_PLACEMENT_3D('',#2784,#2785,#2786);
#2784 = CARTESIAN_POINT('',(-21.,-20.75,9.));
#2785 = DIRECTION('',(0.,0.,1.));
#2786 = DIRECTION('',(1.,0.,0.));
#2787 = DEFINITIONAL_REPRESENTATION('',(#2788),#2791);
#2788 = B_SPLINE_CURVE_WITH_KNOTS('',1,(#2789,#2790),.UNSPECIFIED.,.F.,
  .F.,(2,2),(5.75,13.75),.PIECEWISE_BEZIER_KNOTS.);
#2789 = CARTESIAN_POINT('',(0.,1.25));
#2790 = CARTESIAN_POINT('',(8.,1.25));
#2791 = ( GEOMETRIC_REPRESENTATION_CONTEXT(2) 
PARAMETRIC_REPRESENTATION_CONTEXT() REPRESENTATION_CONTEXT('2D SPACE',''
  ) );
#2792 = ORIENTED_EDGE('',*,*,#2793,.F.);
#2793 = EDGE_CURVE('',#2716,#2768,#2794,.T.);
#2794 = SURFACE_CURVE('',#2795,(#2799,#2805),.PCURVE_S1.);
#2795 = LINE('',#2796,#2797);
#2796 = CARTESIAN_POINT('',(-13.,-19.5,4.5));
#2797 = VECTOR('',#2798,1.);
#2798 = DIRECTION('',(0.,0.,-1.));
#2799 = PCURVE('',#500,#2800);
#2800 = DEFINITIONAL_REPRESENTATION('',(#2801),#2804);
#2801 = B_SPLINE_CURVE_WITH_KNOTS('',1,(#2802,#2803),.UNSPECIFIED.,.F.,
  .F.,(2,2),(-7.,-4.5),.PIECEWISE_BEZIER_KNOTS.);
#2802 = CARTESIAN_POINT('',(11.5,19.5));
#2803 = CARTESIAN_POINT('',(9.,19.5));
#2804 = ( GEOMETRIC_REPRESENTATION_CONTEXT(2) 
PARAMETRIC_REPRESENTATION_CONTEXT() REPRESENTATION_CONTEXT('2D SPACE',''
  ) );
#2805 = PCURVE('',#2806,#2811);
#2806 = PLANE('',#2807);
#2807 = AXIS2_PLACEMENT_3D('',#2808,#2809,#2810);
#2808 = CARTESIAN_POINT('',(-13.,-20.75,9.));
#2809 = DIRECTION('',(1.,0.,0.));
#2810 = DIRECTION('',(0.,0.,1.));
#2811 = DEFINITIONAL_REPRESENTATION('',(#2812),#2815);
#2812 = B_SPLINE_CURVE_WITH_KNOTS('',1,(#2813,#2814),.UNSPECIFIED.,.F.,
  .F.,(2,2),(-7.,-4.5),.PIECEWISE_BEZIER_KNOTS.);
#2813 = CARTESIAN_POINT('',(2.5,-1.25));
#2814 = CARTESIAN_POINT('',(0.,-1.25));
#2815 = ( GEOMETRIC_REPRESENTATION_CONTEXT(2) 
PARAMETRIC_REPRESENTATION_CONTEXT() REPRESENTATION_CONTEXT('2D SPACE',''
  ) );
#2816 = FACE_BOUND('',#2817,.F.);
#2817 = EDGE_LOOP('',(#2818,#2846,#2872,#2898));
#2818 = ORIENTED_EDGE('',*,*,#2819,.F.);
#2819 = EDGE_CURVE('',#2820,#2822,#2824,.T.);
#2820 = VERTEX_POINT('',#2821);
#2821 = CARTESIAN_POINT('',(-21.,-19.5,16.5));
#2822 = VERTEX_POINT('',#2823);
#2823 = CARTESIAN_POINT('',(-13.,-19.5,16.5));
#2824 = SURFACE_CURVE('',#2825,(#2829,#2835),.PCURVE_S1.);
#2825 = LINE('',#2826,#2827);
#2826 = CARTESIAN_POINT('',(-26.75,-19.5,16.5));
#2827 = VECTOR('',#2828,1.);
#2828 = DIRECTION('',(1.,0.,0.));
#2829 = PCURVE('',#500,#2830);
#2830 = DEFINITIONAL_REPRESENTATION('',(#2831),#2834);
#2831 = B_SPLINE_CURVE_WITH_KNOTS('',1,(#2832,#2833),.UNSPECIFIED.,.F.,
  .F.,(2,2),(5.75,13.75),.PIECEWISE_BEZIER_KNOTS.);
#2832 = CARTESIAN_POINT('',(16.5,11.5));
#2833 = CARTESIAN_POINT('',(16.5,19.5));
#2834 = ( GEOMETRIC_REPRESENTATION_CONTEXT(2) 
PARAMETRIC_REPRESENTATION_CONTEXT() REPRESENTATION_CONTEXT('2D SPACE',''
  ) );
#2835 = PCURVE('',#2836,#2841);
#2836 = PLANE('',#2837);
#2837 = AXIS2_PLACEMENT_3D('',#2838,#2839,#2840);
#2838 = CARTESIAN_POINT('',(-21.,-20.75,16.5));
#2839 = DIRECTION('',(0.,0.,1.));
#2840 = DIRECTION('',(1.,0.,0.));
#2841 = DEFINITIONAL_REPRESENTATION('',(#2842),#2845);
#2842 = B_SPLINE_CURVE_WITH_KNOTS('',1,(#2843,#2844),.UNSPECIFIED.,.F.,
  .F.,(2,2),(5.75,13.75),.PIECEWISE_BEZIER_KNOTS.);
#2843 = CARTESIAN_POINT('',(0.,1.25));
#2844 = CARTESIAN_POINT('',(8.,1.25));
#2845 = ( GEOMETRIC_REPRESENTATION_CONTEXT(2) 
PARAMETRIC_REPRESENTATION_CONTEXT() REPRESENTATION_CONTEXT('2D SPACE',''
  ) );
#2846 = ORIENTED_EDGE('',*,*,#2847,.T.);
#2847 = EDGE_CURVE('',#2820,#2848,#2850,.T.);
#2848 = VERTEX_POINT('',#2849);
#2849 = CARTESIAN_POINT('',(-21.,-19.5,14.));
#2850 = SURFACE_CURVE('',#2851,(#2855,#2861),.PCURVE_S1.);
#2851 = LINE('',#2852,#2853);
#2852 = CARTESIAN_POINT('',(-21.,-19.5,7.));
#2853 = VECTOR('',#2854,1.);
#2854 = DIRECTION('',(0.,0.,-1.));
#2855 = PCURVE('',#500,#2856);
#2856 = DEFINITIONAL_REPRESENTATION('',(#2857),#2860);
#2857 = B_SPLINE_CURVE_WITH_KNOTS('',1,(#2858,#2859),.UNSPECIFIED.,.F.,
  .F.,(2,2),(-9.5,-7.),.PIECEWISE_BEZIER_KNOTS.);
#2858 = CARTESIAN_POINT('',(16.5,11.5));
#2859 = CARTESIAN_POINT('',(14.,11.5));
#2860 = ( GEOMETRIC_REPRESENTATION_CONTEXT(2) 
PARAMETRIC_REPRESENTATION_CONTEXT() REPRESENTATION_CONTEXT('2D SPACE',''
  ) );
#2861 = PCURVE('',#2862,#2867);
#2862 = PLANE('',#2863);
#2863 = AXIS2_PLACEMENT_3D('',#2864,#2865,#2866);
#2864 = CARTESIAN_POINT('',(-21.,-20.75,14.));
#2865 = DIRECTION('',(1.,0.,0.));
#2866 = DIRECTION('',(0.,0.,1.));
#2867 = DEFINITIONAL_REPRESENTATION('',(#2868),#2871);
#2868 = B_SPLINE_CURVE_WITH_KNOTS('',1,(#2869,#2870),.UNSPECIFIED.,.F.,
  .F.,(2,2),(-9.5,-7.),.PIECEWISE_BEZIER_KNOTS.);
#2869 = CARTESIAN_POINT('',(2.5,-1.25));
#2870 = CARTESIAN_POINT('',(0.,-1.25));
#2871 = ( GEOMETRIC_REPRESENTATION_CONTEXT(2) 
PARAMETRIC_REPRESENTATION_CONTEXT() REPRESENTATION_CONTEXT('2D SPACE',''
  ) );
#2872 = ORIENTED_EDGE('',*,*,#2873,.T.);
#2873 = EDGE_CURVE('',#2848,#2874,#2876,.T.);
#2874 = VERTEX_POINT('',#2875);
#2875 = CARTESIAN_POINT('',(-13.,-19.5,14.));
#2876 = SURFACE_CURVE('',#2877,(#2881,#2887),.PCURVE_S1.);
#2877 = LINE('',#2878,#2879);
#2878 = CARTESIAN_POINT('',(-26.75,-19.5,14.));
#2879 = VECTOR('',#2880,1.);
#2880 = DIRECTION('',(1.,0.,0.));
#2881 = PCURVE('',#500,#2882);
#2882 = DEFINITIONAL_REPRESENTATION('',(#2883),#2886);
#2883 = B_SPLINE_CURVE_WITH_KNOTS('',1,(#2884,#2885),.UNSPECIFIED.,.F.,
  .F.,(2,2),(5.75,13.75),.PIECEWISE_BEZIER_KNOTS.);
#2884 = CARTESIAN_POINT('',(14.,11.5));
#2885 = CARTESIAN_POINT('',(14.,19.5));
#2886 = ( GEOMETRIC_REPRESENTATION_CONTEXT(2) 
PARAMETRIC_REPRESENTATION_CONTEXT() REPRESENTATION_CONTEXT('2D SPACE',''
  ) );
#2887 = PCURVE('',#2888,#2893);
#2888 = PLANE('',#2889);
#2889 = AXIS2_PLACEMENT_3D('',#2890,#2891,#2892);
#2890 = CARTESIAN_POINT('',(-21.,-20.75,14.));
#2891 = DIRECTION('',(0.,0.,1.));
#2892 = DIRECTION('',(1.,0.,0.));
#2893 = DEFINITIONAL_REPRESENTATION('',(#2894),#2897);
#2894 = B_SPLINE_CURVE_WITH_KNOTS('',1,(#2895,#2896),.UNSPECIFIED.,.F.,
  .F.,(2,2),(5.75,13.75),.PIECEWISE_BEZIER_KNOTS.);
#2895 = CARTESIAN_POINT('',(0.,1.25));
#2896 = CARTESIAN_POINT('',(8.,1.25));
#2897 = ( GEOMETRIC_REPRESENTATION_CONTEXT(2) 
PARAMETRIC_REPRESENTATION_CONTEXT() REPRESENTATION_CONTEXT('2D SPACE',''
  ) );
#2898 = ORIENTED_EDGE('',*,*,#2899,.F.);
#2899 = EDGE_CURVE('',#2822,#2874,#2900,.T.);
#2900 = SURFACE_CURVE('',#2901,(#2905,#2911),.PCURVE_S1.);
#2901 = LINE('',#2902,#2903);
#2902 = CARTESIAN_POINT('',(-13.,-19.5,7.));
#2903 = VECTOR('',#2904,1.);
#2904 = DIRECTION('',(0.,0.,-1.));
#2905 = PCURVE('',#500,#2906);
#2906 = DEFINITIONAL_REPRESENTATION('',(#2907),#2910);
#2907 = B_SPLINE_CURVE_WITH_KNOTS('',1,(#2908,#2909),.UNSPECIFIED.,.F.,
  .F.,(2,2),(-9.5,-7.),.PIECEWISE_BEZIER_KNOTS.);
#2908 = CARTESIAN_POINT('',(16.5,19.5));
#2909 = CARTESIAN_POINT('',(14.,19.5));
#2910 = ( GEOMETRIC_REPRESENTATION_CONTEXT(2) 
PARAMETRIC_REPRESENTATION_CONTEXT() REPRESENTATION_CONTEXT('2D SPACE',''
  ) );
#2911 = PCURVE('',#2912,#2917);
#2912 = PLANE('',#2913);
#2913 = AXIS2_PLACEMENT_3D('',#2914,#2915,#2916);
#2914 = CARTESIAN_POINT('',(-13.,-20.75,14.));
#2915 = DIRECTION('',(1.,0.,0.));
#2916 = DIRECTION('',(0.,0.,1.));
#2917 = DEFINITIONAL_REPRESENTATION('',(#2918),#2921);
#2918 = B_SPLINE_CURVE_WITH_KNOTS('',1,(#2919,#2920),.UNSPECIFIED.,.F.,
  .F.,(2,2),(-9.5,-7.),.PIECEWISE_BEZIER_KNOTS.);
#2919 = CARTESIAN_POINT('',(2.5,-1.25));
#2920 = CARTESIAN_POINT('',(0.,-1.25));
#2921 = ( GEOMETRIC_REPRESENTATION_CONTEXT(2) 
PARAMETRIC_REPRESENTATION_CONTEXT() REPRESENTATION_CONTEXT('2D SPACE',''
  ) );
#2922 = FACE_BOUND('',#2923,.F.);
#2923 = EDGE_LOOP('',(#2924,#2952,#2978,#3004));
#2924 = ORIENTED_EDGE('',*,*,#2925,.F.);
#2925 = EDGE_CURVE('',#2926,#2928,#2930,.T.);
#2926 = VERTEX_POINT('',#2927);
#2927 = CARTESIAN_POINT('',(-21.,-19.5,21.5));
#2928 = VERTEX_POINT('',#2929);
#2929 = CARTESIAN_POINT('',(-13.,-19.5,21.5));
#2930 = SURFACE_CURVE('',#2931,(#2935,#2941),.PCURVE_S1.);
#2931 = LINE('',#2932,#2933);
#2932 = CARTESIAN_POINT('',(-26.75,-19.5,21.5));
#2933 = VECTOR('',#2934,1.);
#2934 = DIRECTION('',(1.,0.,0.));
#2935 = PCURVE('',#500,#2936);
#2936 = DEFINITIONAL_REPRESENTATION('',(#2937),#2940);
#2937 = B_SPLINE_CURVE_WITH_KNOTS('',1,(#2938,#2939),.UNSPECIFIED.,.F.,
  .F.,(2,2),(5.75,13.75),.PIECEWISE_BEZIER_KNOTS.);
#2938 = CARTESIAN_POINT('',(21.5,11.5));
#2939 = CARTESIAN_POINT('',(21.5,19.5));
#2940 = ( GEOMETRIC_REPRESENTATION_CONTEXT(2) 
PARAMETRIC_REPRESENTATION_CONTEXT() REPRESENTATION_CONTEXT('2D SPACE',''
  ) );
#2941 = PCURVE('',#2942,#2947);
#2942 = PLANE('',#2943);
#2943 = AXIS2_PLACEMENT_3D('',#2944,#2945,#2946);
#2944 = CARTESIAN_POINT('',(-21.,-20.75,21.5));
#2945 = DIRECTION('',(0.,0.,1.));
#2946 = DIRECTION('',(1.,0.,0.));
#2947 = DEFINITIONAL_REPRESENTATION('',(#2948),#2951);
#2948 = B_SPLINE_CURVE_WITH_KNOTS('',1,(#2949,#2950),.UNSPECIFIED.,.F.,
  .F.,(2,2),(5.75,13.75),.PIECEWISE_BEZIER_KNOTS.);
#2949 = CARTESIAN_POINT('',(0.,1.25));
#2950 = CARTESIAN_POINT('',(8.,1.25));
#2951 = ( GEOMETRIC_REPRESENTATION_CONTEXT(2) 
PARAMETRIC_REPRESENTATION_CONTEXT() REPRESENTATION_CONTEXT('2D SPACE',''
  ) );
#2952 = ORIENTED_EDGE('',*,*,#2953,.T.);
#2953 = EDGE_CURVE('',#2926,#2954,#2956,.T.);
#2954 = VERTEX_POINT('',#2955);
#2955 = CARTESIAN_POINT('',(-21.,-19.5,19.));
#2956 = SURFACE_CURVE('',#2957,(#2961,#2967),.PCURVE_S1.);
#2957 = LINE('',#2958,#2959);
#2958 = CARTESIAN_POINT('',(-21.,-19.5,9.5));
#2959 = VECTOR('',#2960,1.);
#2960 = DIRECTION('',(0.,0.,-1.));
#2961 = PCURVE('',#500,#2962);
#2962 = DEFINITIONAL_REPRESENTATION('',(#2963),#2966);
#2963 = B_SPLINE_CURVE_WITH_KNOTS('',1,(#2964,#2965),.UNSPECIFIED.,.F.,
  .F.,(2,2),(-12.,-9.5),.PIECEWISE_BEZIER_KNOTS.);
#2964 = CARTESIAN_POINT('',(21.5,11.5));
#2965 = CARTESIAN_POINT('',(19.,11.5));
#2966 = ( GEOMETRIC_REPRESENTATION_CONTEXT(2) 
PARAMETRIC_REPRESENTATION_CONTEXT() REPRESENTATION_CONTEXT('2D SPACE',''
  ) );
#2967 = PCURVE('',#2968,#2973);
#2968 = PLANE('',#2969);
#2969 = AXIS2_PLACEMENT_3D('',#2970,#2971,#2972);
#2970 = CARTESIAN_POINT('',(-21.,-20.75,19.));
#2971 = DIRECTION('',(1.,0.,0.));
#2972 = DIRECTION('',(0.,0.,1.));
#2973 = DEFINITIONAL_REPRESENTATION('',(#2974),#2977);
#2974 = B_SPLINE_CURVE_WITH_KNOTS('',1,(#2975,#2976),.UNSPECIFIED.,.F.,
  .F.,(2,2),(-12.,-9.5),.PIECEWISE_BEZIER_KNOTS.);
#2975 = CARTESIAN_POINT('',(2.5,-1.25));
#2976 = CARTESIAN_POINT('',(0.,-1.25));
#2977 = ( GEOMETRIC_REPRESENTATION_CONTEXT(2) 
PARAMETRIC_REPRESENTATION_CONTEXT() REPRESENTATION_CONTEXT('2D SPACE',''
  ) );
#2978 = ORIENTED_EDGE('',*,*,#2979,.T.);
#2979 = EDGE_CURVE('',#2954,#2980,#2982,.T.);
#2980 = VERTEX_POINT('',#2981);
#2981 = CARTESIAN_POINT('',(-13.,-19.5,19.));
#2982 = SURFACE_CURVE('',#2983,(#2987,#2993),.PCURVE_S1.);
#2983 = LINE('',#2984,#2985);
#2984 = CARTESIAN_POINT('',(-26.75,-19.5,19.));
#2985 = VECTOR('',#2986,1.);
#2986 = DIRECTION('',(1.,0.,0.));
#2987 = PCURVE('',#500,#2988);
#2988 = DEFINITIONAL_REPRESENTATION('',(#2989),#2992);
#2989 = B_SPLINE_CURVE_WITH_KNOTS('',1,(#2990,#2991),.UNSPECIFIED.,.F.,
  .F.,(2,2),(5.75,13.75),.PIECEWISE_BEZIER_KNOTS.);
#2990 = CARTESIAN_POINT('',(19.,11.5));
#2991 = CARTESIAN_POINT('',(19.,19.5));
#2992 = ( GEOMETRIC_REPRESENTATION_CONTEXT(2) 
PARAMETRIC_REPRESENTATION_CONTEXT() REPRESENTATION_CONTEXT('2D SPACE',''
  ) );
#2993 = PCURVE('',#2994,#2999);
#2994 = PLANE('',#2995);
#2995 = AXIS2_PLACEMENT_3D('',#2996,#2997,#2998);
#2996 = CARTESIAN_POINT('',(-21.,-20.75,19.));
#2997 = DIRECTION('',(0.,0.,1.));
#2998 = DIRECTION('',(1.,0.,0.));
#2999 = DEFINITIONAL_REPRESENTATION('',(#3000),#3003);
#3000 = B_SPLINE_CURVE_WITH_KNOTS('',1,(#3001,#3002),.UNSPECIFIED.,.F.,
  .F.,(2,2),(5.75,13.75),.PIECEWISE_BEZIER_KNOTS.);
#3001 = CARTESIAN_POINT('',(0.,1.25));
#3002 = CARTESIAN_POINT('',(8.,1.25));
#3003 = ( GEOMETRIC_REPRESENTATION_CONTEXT(2) 
PARAMETRIC_REPRESENTATION_CONTEXT() REPRESENTATION_CONTEXT('2D SPACE',''
  ) );
#3004 = ORIENTED_EDGE('',*,*,#3005,.F.);
#3005 = EDGE_CURVE('',#2928,#2980,#3006,.T.);
#3006 = SURFACE_CURVE('',#3007,(#3011,#3017),.PCURVE_S1.);
#3007 = LINE('',#3008,#3009);
#3008 = CARTESIAN_POINT('',(-13.,-19.5,9.5));
#3009 = VECTOR('',#3010,1.);
#3010 = DIRECTION('',(0.,0.,-1.));
#3011 = PCURVE('',#500,#3012);
#3012 = DEFINITIONAL_REPRESENTATION('',(#3013),#3016);
#3013 = B_SPLINE_CURVE_WITH_KNOTS('',1,(#3014,#3015),.UNSPECIFIED.,.F.,
  .F.,(2,2),(-12.,-9.5),.PIECEWISE_BEZIER_KNOTS.);
#3014 = CARTESIAN_POINT('',(21.5,19.5));
#3015 = CARTESIAN_POINT('',(19.,19.5));
#3016 = ( GEOMETRIC_REPRESENTATION_CONTEXT(2) 
PARAMETRIC_REPRESENTATION_CONTEXT() REPRESENTATION_CONTEXT('2D SPACE',''
  ) );
#3017 = PCURVE('',#3018,#3023);
#3018 = PLANE('',#3019);
#3019 = AXIS2_PLACEMENT_3D('',#3020,#3021,#3022);
#3020 = CARTESIAN_POINT('',(-13.,-20.75,19.));
#3021 = DIRECTION('',(1.,0.,0.));
#3022 = DIRECTION('',(0.,0.,1.));
#3023 = DEFINITIONAL_REPRESENTATION('',(#3024),#3027);
#3024 = B_SPLINE_CURVE_WITH_KNOTS('',1,(#3025,#3026),.UNSPECIFIED.,.F.,
  .F.,(2,2),(-12.,-9.5),.PIECEWISE_BEZIER_KNOTS.);
#3025 = CARTESIAN_POINT('',(2.5,-1.25));
#3026 = CARTESIAN_POINT('',(0.,-1.25));
#3027 = ( GEOMETRIC_REPRESENTATION_CONTEXT(2) 
PARAMETRIC_REPRESENTATION_CONTEXT() REPRESENTATION_CONTEXT('2D SPACE',''
  ) );
#3028 = FACE_BOUND('',#3029,.F.);
#3029 = EDGE_LOOP('',(#3030,#3058,#3084,#3110));
#3030 = ORIENTED_EDGE('',*,*,#3031,.F.);
#3031 = EDGE_CURVE('',#3032,#3034,#3036,.T.);
#3032 = VERTEX_POINT('',#3033);
#3033 = CARTESIAN_POINT('',(3.,-19.5,10.5));
#3034 = VERTEX_POINT('',#3035);
#3035 = CARTESIAN_POINT('',(19.,-19.5,10.5));
#3036 = SURFACE_CURVE('',#3037,(#3041,#3047),.PCURVE_S1.);
#3037 = LINE('',#3038,#3039);
#3038 = CARTESIAN_POINT('',(-14.75,-19.5,10.5));
#3039 = VECTOR('',#3040,1.);
#3040 = DIRECTION('',(1.,0.,0.));
#3041 = PCURVE('',#500,#3042);
#3042 = DEFINITIONAL_REPRESENTATION('',(#3043),#3046);
#3043 = B_SPLINE_CURVE_WITH_KNOTS('',1,(#3044,#3045),.UNSPECIFIED.,.F.,
  .F.,(2,2),(17.75,33.75),.PIECEWISE_BEZIER_KNOTS.);
#3044 = CARTESIAN_POINT('',(10.5,35.5));
#3045 = CARTESIAN_POINT('',(10.5,51.5));
#3046 = ( GEOMETRIC_REPRESENTATION_CONTEXT(2) 
PARAMETRIC_REPRESENTATION_CONTEXT() REPRESENTATION_CONTEXT('2D SPACE',''
  ) );
#3047 = PCURVE('',#3048,#3053);
#3048 = PLANE('',#3049);
#3049 = AXIS2_PLACEMENT_3D('',#3050,#3051,#3052);
#3050 = CARTESIAN_POINT('',(3.,-20.75,10.5));
#3051 = DIRECTION('',(0.,0.,1.));
#3052 = DIRECTION('',(1.,0.,0.));
#3053 = DEFINITIONAL_REPRESENTATION('',(#3054),#3057);
#3054 = B_SPLINE_CURVE_WITH_KNOTS('',1,(#3055,#3056),.UNSPECIFIED.,.F.,
  .F.,(2,2),(17.75,33.75),.PIECEWISE_BEZIER_KNOTS.);
#3055 = CARTESIAN_POINT('',(0.,1.25));
#3056 = CARTESIAN_POINT('',(16.,1.25));
#3057 = ( GEOMETRIC_REPRESENTATION_CONTEXT(2) 
PARAMETRIC_REPRESENTATION_CONTEXT() REPRESENTATION_CONTEXT('2D SPACE',''
  ) );
#3058 = ORIENTED_EDGE('',*,*,#3059,.T.);
#3059 = EDGE_CURVE('',#3032,#3060,#3062,.T.);
#3060 = VERTEX_POINT('',#3061);
#3061 = CARTESIAN_POINT('',(3.,-19.5,8.));
#3062 = SURFACE_CURVE('',#3063,(#3067,#3073),.PCURVE_S1.);
#3063 = LINE('',#3064,#3065);
#3064 = CARTESIAN_POINT('',(3.,-19.5,4.));
#3065 = VECTOR('',#3066,1.);
#3066 = DIRECTION('',(0.,0.,-1.));
#3067 = PCURVE('',#500,#3068);
#3068 = DEFINITIONAL_REPRESENTATION('',(#3069),#3072);
#3069 = B_SPLINE_CURVE_WITH_KNOTS('',1,(#3070,#3071),.UNSPECIFIED.,.F.,
  .F.,(2,2),(-6.5,-4.),.PIECEWISE_BEZIER_KNOTS.);
#3070 = CARTESIAN_POINT('',(10.5,35.5));
#3071 = CARTESIAN_POINT('',(8.,35.5));
#3072 = ( GEOMETRIC_REPRESENTATION_CONTEXT(2) 
PARAMETRIC_REPRESENTATION_CONTEXT() REPRESENTATION_CONTEXT('2D SPACE',''
  ) );
#3073 = PCURVE('',#3074,#3079);
#3074 = PLANE('',#3075);
#3075 = AXIS2_PLACEMENT_3D('',#3076,#3077,#3078);
#3076 = CARTESIAN_POINT('',(3.,-20.75,8.));
#3077 = DIRECTION('',(1.,0.,0.));
#3078 = DIRECTION('',(0.,0.,1.));
#3079 = DEFINITIONAL_REPRESENTATION('',(#3080),#3083);
#3080 = B_SPLINE_CURVE_WITH_KNOTS('',1,(#3081,#3082),.UNSPECIFIED.,.F.,
  .F.,(2,2),(-6.5,-4.),.PIECEWISE_BEZIER_KNOTS.);
#3081 = CARTESIAN_POINT('',(2.5,-1.25));
#3082 = CARTESIAN_POINT('',(0.,-1.25));
#3083 = ( GEOMETRIC_REPRESENTATION_CONTEXT(2) 
PARAMETRIC_REPRESENTATION_CONTEXT() REPRESENTATION_CONTEXT('2D SPACE',''
  ) );
#3084 = ORIENTED_EDGE('',*,*,#3085,.T.);
#3085 = EDGE_CURVE('',#3060,#3086,#3088,.T.);
#3086 = VERTEX_POINT('',#3087);
#3087 = CARTESIAN_POINT('',(19.,-19.5,8.));
#3088 = SURFACE_CURVE('',#3089,(#3093,#3099),.PCURVE_S1.);
#3089 = LINE('',#3090,#3091);
#3090 = CARTESIAN_POINT('',(-14.75,-19.5,8.));
#3091 = VECTOR('',#3092,1.);
#3092 = DIRECTION('',(1.,0.,0.));
#3093 = PCURVE('',#500,#3094);
#3094 = DEFINITIONAL_REPRESENTATION('',(#3095),#3098);
#3095 = B_SPLINE_CURVE_WITH_KNOTS('',1,(#3096,#3097),.UNSPECIFIED.,.F.,
  .F.,(2,2),(17.75,33.75),.PIECEWISE_BEZIER_KNOTS.);
#3096 = CARTESIAN_POINT('',(8.,35.5));
#3097 = CARTESIAN_POINT('',(8.,51.5));
#3098 = ( GEOMETRIC_REPRESENTATION_CONTEXT(2) 
PARAMETRIC_REPRESENTATION_CONTEXT() REPRESENTATION_CONTEXT('2D SPACE',''
  ) );
#3099 = PCURVE('',#3100,#3105);
#3100 = PLANE('',#3101);
#3101 = AXIS2_PLACEMENT_3D('',#3102,#3103,#3104);
#3102 = CARTESIAN_POINT('',(3.,-20.75,8.));
#3103 = DIRECTION('',(0.,0.,1.));
#3104 = DIRECTION('',(1.,0.,0.));
#3105 = DEFINITIONAL_REPRESENTATION('',(#3106),#3109);
#3106 = B_SPLINE_CURVE_WITH_KNOTS('',1,(#3107,#3108),.UNSPECIFIED.,.F.,
  .F.,(2,2),(17.75,33.75),.PIECEWISE_BEZIER_KNOTS.);
#3107 = CARTESIAN_POINT('',(0.,1.25));
#3108 = CARTESIAN_POINT('',(16.,1.25));
#3109 = ( GEOMETRIC_REPRESENTATION_CONTEXT(2) 
PARAMETRIC_REPRESENTATION_CONTEXT() REPRESENTATION_CONTEXT('2D SPACE',''
  ) );
#3110 = ORIENTED_EDGE('',*,*,#3111,.F.);
#3111 = EDGE_CURVE('',#3034,#3086,#3112,.T.);
#3112 = SURFACE_CURVE('',#3113,(#3117,#3123),.PCURVE_S1.);
#3113 = LINE('',#3114,#3115);
#3114 = CARTESIAN_POINT('',(19.,-19.5,4.));
#3115 = VECTOR('',#3116,1.);
#3116 = DIRECTION('',(0.,0.,-1.));
#3117 = PCURVE('',#500,#3118);
#3118 = DEFINITIONAL_REPRESENTATION('',(#3119),#3122);
#3119 = B_SPLINE_CURVE_WITH_KNOTS('',1,(#3120,#3121),.UNSPECIFIED.,.F.,
  .F.,(2,2),(-6.5,-4.),.PIECEWISE_BEZIER_KNOTS.);
#3120 = CARTESIAN_POINT('',(10.5,51.5));
#3121 = CARTESIAN_POINT('',(8.,51.5));
#3122 = ( GEOMETRIC_REPRESENTATION_CONTEXT(2) 
PARAMETRIC_REPRESENTATION_CONTEXT() REPRESENTATION_CONTEXT('2D SPACE',''
  ) );
#3123 = PCURVE('',#3124,#3129);
#3124 = PLANE('',#3125);
#3125 = AXIS2_PLACEMENT_3D('',#3126,#3127,#3128);
#3126 = CARTESIAN_POINT('',(19.,-20.75,8.));
#3127 = DIRECTION('',(1.,0.,0.));
#3128 = DIRECTION('',(0.,0.,1.));
#3129 = DEFINITIONAL_REPRESENTATION('',(#3130),#3133);
#3130 = B_SPLINE_CURVE_WITH_KNOTS('',1,(#3131,#3132),.UNSPECIFIED.,.F.,
  .F.,(2,2),(-6.5,-4.),.PIECEWISE_BEZIER_KNOTS.);
#3131 = CARTESIAN_POINT('',(2.5,-1.25));
#3132 = CARTESIAN_POINT('',(0.,-1.25));
#3133 = ( GEOMETRIC_REPRESENTATION_CONTEXT(2) 
PARAMETRIC_REPRESENTATION_CONTEXT() REPRESENTATION_CONTEXT('2D SPACE',''
  ) );
#3134 = FACE_BOUND('',#3135,.F.);
#3135 = EDGE_LOOP('',(#3136,#3164,#3190,#3216));
#3136 = ORIENTED_EDGE('',*,*,#3137,.F.);
#3137 = EDGE_CURVE('',#3138,#3140,#3142,.T.);
#3138 = VERTEX_POINT('',#3139);
#3139 = CARTESIAN_POINT('',(3.,-19.5,18.5));
#3140 = VERTEX_POINT('',#3141);
#3141 = CARTESIAN_POINT('',(19.,-19.5,18.5));
#3142 = SURFACE_CURVE('',#3143,(#3147,#3153),.PCURVE_S1.);
#3143 = LINE('',#3144,#3145);
#3144 = CARTESIAN_POINT('',(-14.75,-19.5,18.5));
#3145 = VECTOR('',#3146,1.);
#3146 = DIRECTION('',(1.,0.,0.));
#3147 = PCURVE('',#500,#3148);
#3148 = DEFINITIONAL_REPRESENTATION('',(#3149),#3152);
#3149 = B_SPLINE_CURVE_WITH_KNOTS('',1,(#3150,#3151),.UNSPECIFIED.,.F.,
  .F.,(2,2),(17.75,33.75),.PIECEWISE_BEZIER_KNOTS.);
#3150 = CARTESIAN_POINT('',(18.5,35.5));
#3151 = CARTESIAN_POINT('',(18.5,51.5));
#3152 = ( GEOMETRIC_REPRESENTATION_CONTEXT(2) 
PARAMETRIC_REPRESENTATION_CONTEXT() REPRESENTATION_CONTEXT('2D SPACE',''
  ) );
#3153 = PCURVE('',#3154,#3159);
#3154 = PLANE('',#3155);
#3155 = AXIS2_PLACEMENT_3D('',#3156,#3157,#3158);
#3156 = CARTESIAN_POINT('',(3.,-20.75,18.5));
#3157 = DIRECTION('',(0.,0.,1.));
#3158 = DIRECTION('',(1.,0.,0.));
#3159 = DEFINITIONAL_REPRESENTATION('',(#3160),#3163);
#3160 = B_SPLINE_CURVE_WITH_KNOTS('',1,(#3161,#3162),.UNSPECIFIED.,.F.,
  .F.,(2,2),(17.75,33.75),.PIECEWISE_BEZIER_KNOTS.);
#3161 = CARTESIAN_POINT('',(0.,1.25));
#3162 = CARTESIAN_POINT('',(16.,1.25));
#3163 = ( GEOMETRIC_REPRESENTATION_CONTEXT(2) 
PARAMETRIC_REPRESENTATION_CONTEXT() REPRESENTATION_CONTEXT('2D SPACE',''
  ) );
#3164 = ORIENTED_EDGE('',*,*,#3165,.T.);
#3165 = EDGE_CURVE('',#3138,#3166,#3168,.T.);
#3166 = VERTEX_POINT('',#3167);
#3167 = CARTESIAN_POINT('',(3.,-19.5,16.));
#3168 = SURFACE_CURVE('',#3169,(#3173,#3179),.PCURVE_S1.);
#3169 = LINE('',#3170,#3171);
#3170 = CARTESIAN_POINT('',(3.,-19.5,8.));
#3171 = VECTOR('',#3172,1.);
#3172 = DIRECTION('',(0.,0.,-1.));
#3173 = PCURVE('',#500,#3174);
#3174 = DEFINITIONAL_REPRESENTATION('',(#3175),#3178);
#3175 = B_SPLINE_CURVE_WITH_KNOTS('',1,(#3176,#3177),.UNSPECIFIED.,.F.,
  .F.,(2,2),(-10.5,-8.),.PIECEWISE_BEZIER_KNOTS.);
#3176 = CARTESIAN_POINT('',(18.5,35.5));
#3177 = CARTESIAN_POINT('',(16.,35.5));
#3178 = ( GEOMETRIC_REPRESENTATION_CONTEXT(2) 
PARAMETRIC_REPRESENTATION_CONTEXT() REPRESENTATION_CONTEXT('2D SPACE',''
  ) );
#3179 = PCURVE('',#3180,#3185);
#3180 = PLANE('',#3181);
#3181 = AXIS2_PLACEMENT_3D('',#3182,#3183,#3184);
#3182 = CARTESIAN_POINT('',(3.,-20.75,16.));
#3183 = DIRECTION('',(1.,0.,0.));
#3184 = DIRECTION('',(0.,0.,1.));
#3185 = DEFINITIONAL_REPRESENTATION('',(#3186),#3189);
#3186 = B_SPLINE_CURVE_WITH_KNOTS('',1,(#3187,#3188),.UNSPECIFIED.,.F.,
  .F.,(2,2),(-10.5,-8.),.PIECEWISE_BEZIER_KNOTS.);
#3187 = CARTESIAN_POINT('',(2.5,-1.25));
#3188 = CARTESIAN_POINT('',(0.,-1.25));
#3189 = ( GEOMETRIC_REPRESENTATION_CONTEXT(2) 
PARAMETRIC_REPRESENTATION_CONTEXT() REPRESENTATION_CONTEXT('2D SPACE',''
  ) );
#3190 = ORIENTED_EDGE('',*,*,#3191,.T.);
#3191 = EDGE_CURVE('',#3166,#3192,#3194,.T.);
#3192 = VERTEX_POINT('',#3193);
#3193 = CARTESIAN_POINT('',(19.,-19.5,16.));
#3194 = SURFACE_CURVE('',#3195,(#3199,#3205),.PCURVE_S1.);
#3195 = LINE('',#3196,#3197);
#3196 = CARTESIAN_POINT('',(-14.75,-19.5,16.));
#3197 = VECTOR('',#3198,1.);
#3198 = DIRECTION('',(1.,0.,0.));
#3199 = PCURVE('',#500,#3200);
#3200 = DEFINITIONAL_REPRESENTATION('',(#3201),#3204);
#3201 = B_SPLINE_CURVE_WITH_KNOTS('',1,(#3202,#3203),.UNSPECIFIED.,.F.,
  .F.,(2,2),(17.75,33.75),.PIECEWISE_BEZIER_KNOTS.);
#3202 = CARTESIAN_POINT('',(16.,35.5));
#3203 = CARTESIAN_POINT('',(16.,51.5));
#3204 = ( GEOMETRIC_REPRESENTATION_CONTEXT(2) 
PARAMETRIC_REPRESENTATION_CONTEXT() REPRESENTATION_CONTEXT('2D SPACE',''
  ) );
#3205 = PCURVE('',#3206,#3211);
#3206 = PLANE('',#3207);
#3207 = AXIS2_PLACEMENT_3D('',#3208,#3209,#3210);
#3208 = CARTESIAN_POINT('',(3.,-20.75,16.));
#3209 = DIRECTION('',(0.,0.,1.));
#3210 = DIRECTION('',(1.,0.,0.));
#3211 = DEFINITIONAL_REPRESENTATION('',(#3212),#3215);
#3212 = B_SPLINE_CURVE_WITH_KNOTS('',1,(#3213,#3214),.UNSPECIFIED.,.F.,
  .F.,(2,2),(17.75,33.75),.PIECEWISE_BEZIER_KNOTS.);
#3213 = CARTESIAN_POINT('',(0.,1.25));
#3214 = CARTESIAN_POINT('',(16.,1.25));
#3215 = ( GEOMETRIC_REPRESENTATION_CONTEXT(2) 
PARAMETRIC_REPRESENTATION_CONTEXT() REPRESENTATION_CONTEXT('2D SPACE',''
  ) );
#3216 = ORIENTED_EDGE('',*,*,#3217,.F.);
#3217 = EDGE_CURVE('',#3140,#3192,#3218,.T.);
#3218 = SURFACE_CURVE('',#3219,(#3223,#3229),.PCURVE_S1.);
#3219 = LINE('',#3220,#3221);
#3220 = CARTESIAN_POINT('',(19.,-19.5,8.));
#3221 = VECTOR('',#3222,1.);
#3222 = DIRECTION('',(0.,0.,-1.));
#3223 = PCURVE('',#500,#3224);
#3224 = DEFINITIONAL_REPRESENTATION('',(#3225),#3228);
#3225 = B_SPLINE_CURVE_WITH_KNOTS('',1,(#3226,#3227),.UNSPECIFIED.,.F.,
  .F.,(2,2),(-10.5,-8.),.PIECEWISE_BEZIER_KNOTS.);
#3226 = CARTESIAN_POINT('',(18.5,51.5));
#3227 = CARTESIAN_POINT('',(16.,51.5));
#3228 = ( GEOMETRIC_REPRESENTATION_CONTEXT(2) 
PARAMETRIC_REPRESENTATION_CONTEXT() REPRESENTATION_CONTEXT('2D SPACE',''
  ) );
#3229 = PCURVE('',#3230,#3235);
#3230 = PLANE('',#3231);
#3231 = AXIS2_PLACEMENT_3D('',#3232,#3233,#3234);
#3232 = CARTESIAN_POINT('',(19.,-20.75,16.));
#3233 = DIRECTION('',(1.,0.,0.));
#3234 = DIRECTION('',(0.,0.,1.));
#3235 = DEFINITIONAL_REPRESENTATION('',(#3236),#3239);
#3236 = B_SPLINE_CURVE_WITH_KNOTS('',1,(#3237,#3238),.UNSPECIFIED.,.F.,
  .F.,(2,2),(-10.5,-8.),.PIECEWISE_BEZIER_KNOTS.);
#3237 = CARTESIAN_POINT('',(2.5,-1.25));
#3238 = CARTESIAN_POINT('',(0.,-1.25));
#3239 = ( GEOMETRIC_REPRESENTATION_CONTEXT(2) 
PARAMETRIC_REPRESENTATION_CONTEXT() REPRESENTATION_CONTEXT('2D SPACE',''
  ) );
#3240 = FACE_BOUND('',#3241,.F.);
#3241 = EDGE_LOOP('',(#3242,#3270,#3296,#3322));
#3242 = ORIENTED_EDGE('',*,*,#3243,.F.);
#3243 = EDGE_CURVE('',#3244,#3246,#3248,.T.);
#3244 = VERTEX_POINT('',#3245);
#3245 = CARTESIAN_POINT('',(3.,-19.5,24.5));
#3246 = VERTEX_POINT('',#3247);
#3247 = CARTESIAN_POINT('',(19.,-19.5,24.5));
#3248 = SURFACE_CURVE('',#3249,(#3253,#3259),.PCURVE_S1.);
#3249 = LINE('',#3250,#3251);
#3250 = CARTESIAN_POINT('',(-14.75,-19.5,24.5));
#3251 = VECTOR('',#3252,1.);
#3252 = DIRECTION('',(1.,0.,0.));
#3253 = PCURVE('',#500,#3254);
#3254 = DEFINITIONAL_REPRESENTATION('',(#3255),#3258);
#3255 = B_SPLINE_CURVE_WITH_KNOTS('',1,(#3256,#3257),.UNSPECIFIED.,.F.,
  .F.,(2,2),(17.75,33.75),.PIECEWISE_BEZIER_KNOTS.);
#3256 = CARTESIAN_POINT('',(24.5,35.5));
#3257 = CARTESIAN_POINT('',(24.5,51.5));
#3258 = ( GEOMETRIC_REPRESENTATION_CONTEXT(2) 
PARAMETRIC_REPRESENTATION_CONTEXT() REPRESENTATION_CONTEXT('2D SPACE',''
  ) );
#3259 = PCURVE('',#3260,#3265);
#3260 = PLANE('',#3261);
#3261 = AXIS2_PLACEMENT_3D('',#3262,#3263,#3264);
#3262 = CARTESIAN_POINT('',(3.,-20.75,24.5));
#3263 = DIRECTION('',(0.,0.,1.));
#3264 = DIRECTION('',(1.,0.,0.));
#3265 = DEFINITIONAL_REPRESENTATION('',(#3266),#3269);
#3266 = B_SPLINE_CURVE_WITH_KNOTS('',1,(#3267,#3268),.UNSPECIFIED.,.F.,
  .F.,(2,2),(17.75,33.75),.PIECEWISE_BEZIER_KNOTS.);
#3267 = CARTESIAN_POINT('',(0.,1.25));
#3268 = CARTESIAN_POINT('',(16.,1.25));
#3269 = ( GEOMETRIC_REPRESENTATION_CONTEXT(2) 
PARAMETRIC_REPRESENTATION_CONTEXT() REPRESENTATION_CONTEXT('2D SPACE',''
  ) );
#3270 = ORIENTED_EDGE('',*,*,#3271,.T.);
#3271 = EDGE_CURVE('',#3244,#3272,#3274,.T.);
#3272 = VERTEX_POINT('',#3273);
#3273 = CARTESIAN_POINT('',(3.,-19.5,22.));
#3274 = SURFACE_CURVE('',#3275,(#3279,#3285),.PCURVE_S1.);
#3275 = LINE('',#3276,#3277);
#3276 = CARTESIAN_POINT('',(3.,-19.5,11.));
#3277 = VECTOR('',#3278,1.);
#3278 = DIRECTION('',(0.,0.,-1.));
#3279 = PCURVE('',#500,#3280);
#3280 = DEFINITIONAL_REPRESENTATION('',(#3281),#3284);
#3281 = B_SPLINE_CURVE_WITH_KNOTS('',1,(#3282,#3283),.UNSPECIFIED.,.F.,
  .F.,(2,2),(-13.5,-11.),.PIECEWISE_BEZIER_KNOTS.);
#3282 = CARTESIAN_POINT('',(24.5,35.5));
#3283 = CARTESIAN_POINT('',(22.,35.5));
#3284 = ( GEOMETRIC_REPRESENTATION_CONTEXT(2) 
PARAMETRIC_REPRESENTATION_CONTEXT() REPRESENTATION_CONTEXT('2D SPACE',''
  ) );
#3285 = PCURVE('',#3286,#3291);
#3286 = PLANE('',#3287);
#3287 = AXIS2_PLACEMENT_3D('',#3288,#3289,#3290);
#3288 = CARTESIAN_POINT('',(3.,-20.75,22.));
#3289 = DIRECTION('',(1.,0.,0.));
#3290 = DIRECTION('',(0.,0.,1.));
#3291 = DEFINITIONAL_REPRESENTATION('',(#3292),#3295);
#3292 = B_SPLINE_CURVE_WITH_KNOTS('',1,(#3293,#3294),.UNSPECIFIED.,.F.,
  .F.,(2,2),(-13.5,-11.),.PIECEWISE_BEZIER_KNOTS.);
#3293 = CARTESIAN_POINT('',(2.5,-1.25));
#3294 = CARTESIAN_POINT('',(0.,-1.25));
#3295 = ( GEOMETRIC_REPRESENTATION_CONTEXT(2) 
PARAMETRIC_REPRESENTATION_CONTEXT() REPRESENTATION_CONTEXT('2D SPACE',''
  ) );
#3296 = ORIENTED_EDGE('',*,*,#3297,.T.);
#3297 = EDGE_CURVE('',#3272,#3298,#3300,.T.);
#3298 = VERTEX_POINT('',#3299);
#3299 = CARTESIAN_POINT('',(19.,-19.5,22.));
#3300 = SURFACE_CURVE('',#3301,(#3305,#3311),.PCURVE_S1.);
#3301 = LINE('',#3302,#3303);
#3302 = CARTESIAN_POINT('',(-14.75,-19.5,22.));
#3303 = VECTOR('',#3304,1.);
#3304 = DIRECTION('',(1.,0.,0.));
#3305 = PCURVE('',#500,#3306);
#3306 = DEFINITIONAL_REPRESENTATION('',(#3307),#3310);
#3307 = B_SPLINE_CURVE_WITH_KNOTS('',1,(#3308,#3309),.UNSPECIFIED.,.F.,
  .F.,(2,2),(17.75,33.75),.PIECEWISE_BEZIER_KNOTS.);
#3308 = CARTESIAN_POINT('',(22.,35.5));
#3309 = CARTESIAN_POINT('',(22.,51.5));
#3310 = ( GEOMETRIC_REPRESENTATION_CONTEXT(2) 
PARAMETRIC_REPRESENTATION_CONTEXT() REPRESENTATION_CONTEXT('2D SPACE',''
  ) );
#3311 = PCURVE('',#3312,#3317);
#3312 = PLANE('',#3313);
#3313 = AXIS2_PLACEMENT_3D('',#3314,#3315,#3316);
#3314 = CARTESIAN_POINT('',(3.,-20.75,22.));
#3315 = DIRECTION('',(0.,0.,1.));
#3316 = DIRECTION('',(1.,0.,0.));
#3317 = DEFINITIONAL_REPRESENTATION('',(#3318),#3321);
#3318 = B_SPLINE_CURVE_WITH_KNOTS('',1,(#3319,#3320),.UNSPECIFIED.,.F.,
  .F.,(2,2),(17.75,33.75),.PIECEWISE_BEZIER_KNOTS.);
#3319 = CARTESIAN_POINT('',(0.,1.25));
#3320 = CARTESIAN_POINT('',(16.,1.25));
#3321 = ( GEOMETRIC_REPRESENTATION_CONTEXT(2) 
PARAMETRIC_REPRESENTATION_CONTEXT() REPRESENTATION_CONTEXT('2D SPACE',''
  ) );
#3322 = ORIENTED_EDGE('',*,*,#3323,.F.);
#3323 = EDGE_CURVE('',#3246,#3298,#3324,.T.);
#3324 = SURFACE_CURVE('',#3325,(#3329,#3335),.PCURVE_S1.);
#3325 = LINE('',#3326,#3327);
#3326 = CARTESIAN_POINT('',(19.,-19.5,11.));
#3327 = VECTOR('',#3328,1.);
#3328 = DIRECTION('',(0.,0.,-1.));
#3329 = PCURVE('',#500,#3330);
#3330 = DEFINITIONAL_REPRESENTATION('',(#3331),#3334);
#3331 = B_SPLINE_CURVE_WITH_KNOTS('',1,(#3332,#3333),.UNSPECIFIED.,.F.,
  .F.,(2,2),(-13.5,-11.),.PIECEWISE_BEZIER_KNOTS.);
#3332 = CARTESIAN_POINT('',(24.5,51.5));
#3333 = CARTESIAN_POINT('',(22.,51.5));
#3334 = ( GEOMETRIC_REPRESENTATION_CONTEXT(2) 
PARAMETRIC_REPRESENTATION_CONTEXT() REPRESENTATION_CONTEXT('2D SPACE',''
  ) );
#3335 = PCURVE('',#3336,#3341);
#3336 = PLANE('',#3337);
#3337 = AXIS2_PLACEMENT_3D('',#3338,#3339,#3340);
#3338 = CARTESIAN_POINT('',(19.,-20.75,22.));
#3339 = DIRECTION('',(1.,0.,0.));
#3340 = DIRECTION('',(0.,0.,1.));
#3341 = DEFINITIONAL_REPRESENTATION('',(#3342),#3345);
#3342 = B_SPLINE_CURVE_WITH_KNOTS('',1,(#3343,#3344),.UNSPECIFIED.,.F.,
  .F.,(2,2),(-13.5,-11.),.PIECEWISE_BEZIER_KNOTS.);
#3343 = CARTESIAN_POINT('',(2.5,-1.25));
#3344 = CARTESIAN_POINT('',(0.,-1.25));
#3345 = ( GEOMETRIC_REPRESENTATION_CONTEXT(2) 
PARAMETRIC_REPRESENTATION_CONTEXT() REPRESENTATION_CONTEXT('2D SPACE',''
  ) );
#3346 = ADVANCED_FACE('',(#3347,#3373,#3479,#3585,#3691,#3797,#3903),
  #618,.T.);
#3347 = FACE_BOUND('',#3348,.T.);
#3348 = EDGE_LOOP('',(#3349,#3350,#3351,#3352));
#3349 = ORIENTED_EDGE('',*,*,#1549,.F.);
#3350 = ORIENTED_EDGE('',*,*,#1423,.T.);
#3351 = ORIENTED_EDGE('',*,*,#602,.T.);
#3352 = ORIENTED_EDGE('',*,*,#3353,.F.);
#3353 = EDGE_CURVE('',#1526,#574,#3354,.T.);
#3354 = SURFACE_CURVE('',#3355,(#3359,#3366),.PCURVE_S1.);
#3355 = LINE('',#3356,#3357);
#3356 = CARTESIAN_POINT('',(29.5,19.5,0.));
#3357 = VECTOR('',#3358,1.);
#3358 = DIRECTION('',(0.,0.,1.));
#3359 = PCURVE('',#618,#3360);
#3360 = DEFINITIONAL_REPRESENTATION('',(#3361),#3365);
#3361 = LINE('',#3362,#3363);
#3362 = CARTESIAN_POINT('',(0.,62.));
#3363 = VECTOR('',#3364,1.);
#3364 = DIRECTION('',(1.,0.));
#3365 = ( GEOMETRIC_REPRESENTATION_CONTEXT(2) 
PARAMETRIC_REPRESENTATION_CONTEXT() REPRESENTATION_CONTEXT('2D SPACE',''
  ) );
#3366 = PCURVE('',#590,#3367);
#3367 = DEFINITIONAL_REPRESENTATION('',(#3368),#3372);
#3368 = LINE('',#3369,#3370);
#3369 = CARTESIAN_POINT('',(1.570796326795,0.));
#3370 = VECTOR('',#3371,1.);
#3371 = DIRECTION('',(0.,1.));
#3372 = ( GEOMETRIC_REPRESENTATION_CONTEXT(2) 
PARAMETRIC_REPRESENTATION_CONTEXT() REPRESENTATION_CONTEXT('2D SPACE',''
  ) );
#3373 = FACE_BOUND('',#3374,.T.);
#3374 = EDGE_LOOP('',(#3375,#3403,#3429,#3455));
#3375 = ORIENTED_EDGE('',*,*,#3376,.F.);
#3376 = EDGE_CURVE('',#3377,#3379,#3381,.T.);
#3377 = VERTEX_POINT('',#3378);
#3378 = CARTESIAN_POINT('',(-21.,19.5,11.5));
#3379 = VERTEX_POINT('',#3380);
#3380 = CARTESIAN_POINT('',(-13.,19.5,11.5));
#3381 = SURFACE_CURVE('',#3382,(#3386,#3392),.PCURVE_S1.);
#3382 = LINE('',#3383,#3384);
#3383 = CARTESIAN_POINT('',(-26.75,19.5,11.5));
#3384 = VECTOR('',#3385,1.);
#3385 = DIRECTION('',(1.,0.,0.));
#3386 = PCURVE('',#618,#3387);
#3387 = DEFINITIONAL_REPRESENTATION('',(#3388),#3391);
#3388 = B_SPLINE_CURVE_WITH_KNOTS('',1,(#3389,#3390),.UNSPECIFIED.,.F.,
  .F.,(2,2),(5.75,13.75),.PIECEWISE_BEZIER_KNOTS.);
#3389 = CARTESIAN_POINT('',(11.5,11.5));
#3390 = CARTESIAN_POINT('',(11.5,19.5));
#3391 = ( GEOMETRIC_REPRESENTATION_CONTEXT(2) 
PARAMETRIC_REPRESENTATION_CONTEXT() REPRESENTATION_CONTEXT('2D SPACE',''
  ) );
#3392 = PCURVE('',#3393,#3398);
#3393 = PLANE('',#3394);
#3394 = AXIS2_PLACEMENT_3D('',#3395,#3396,#3397);
#3395 = CARTESIAN_POINT('',(-21.,13.25,11.5));
#3396 = DIRECTION('',(0.,0.,1.));
#3397 = DIRECTION('',(1.,0.,0.));
#3398 = DEFINITIONAL_REPRESENTATION('',(#3399),#3402);
#3399 = B_SPLINE_CURVE_WITH_KNOTS('',1,(#3400,#3401),.UNSPECIFIED.,.F.,
  .F.,(2,2),(5.75,13.75),.PIECEWISE_BEZIER_KNOTS.);
#3400 = CARTESIAN_POINT('',(0.,6.25));
#3401 = CARTESIAN_POINT('',(8.,6.25));
#3402 = ( GEOMETRIC_REPRESENTATION_CONTEXT(2) 
PARAMETRIC_REPRESENTATION_CONTEXT() REPRESENTATION_CONTEXT('2D SPACE',''
  ) );
#3403 = ORIENTED_EDGE('',*,*,#3404,.T.);
#3404 = EDGE_CURVE('',#3377,#3405,#3407,.T.);
#3405 = VERTEX_POINT('',#3406);
#3406 = CARTESIAN_POINT('',(-21.,19.5,9.));
#3407 = SURFACE_CURVE('',#3408,(#3412,#3418),.PCURVE_S1.);
#3408 = LINE('',#3409,#3410);
#3409 = CARTESIAN_POINT('',(-21.,19.5,4.5));
#3410 = VECTOR('',#3411,1.);
#3411 = DIRECTION('',(0.,0.,-1.));
#3412 = PCURVE('',#618,#3413);
#3413 = DEFINITIONAL_REPRESENTATION('',(#3414),#3417);
#3414 = B_SPLINE_CURVE_WITH_KNOTS('',1,(#3415,#3416),.UNSPECIFIED.,.F.,
  .F.,(2,2),(-7.,-4.5),.PIECEWISE_BEZIER_KNOTS.);
#3415 = CARTESIAN_POINT('',(11.5,11.5));
#3416 = CARTESIAN_POINT('',(9.,11.5));
#3417 = ( GEOMETRIC_REPRESENTATION_CONTEXT(2) 
PARAMETRIC_REPRESENTATION_CONTEXT() REPRESENTATION_CONTEXT('2D SPACE',''
  ) );
#3418 = PCURVE('',#3419,#3424);
#3419 = PLANE('',#3420);
#3420 = AXIS2_PLACEMENT_3D('',#3421,#3422,#3423);
#3421 = CARTESIAN_POINT('',(-21.,13.25,9.));
#3422 = DIRECTION('',(1.,0.,0.));
#3423 = DIRECTION('',(0.,0.,1.));
#3424 = DEFINITIONAL_REPRESENTATION('',(#3425),#3428);
#3425 = B_SPLINE_CURVE_WITH_KNOTS('',1,(#3426,#3427),.UNSPECIFIED.,.F.,
  .F.,(2,2),(-7.,-4.5),.PIECEWISE_BEZIER_KNOTS.);
#3426 = CARTESIAN_POINT('',(2.5,-6.25));
#3427 = CARTESIAN_POINT('',(0.,-6.25));
#3428 = ( GEOMETRIC_REPRESENTATION_CONTEXT(2) 
PARAMETRIC_REPRESENTATION_CONTEXT() REPRESENTATION_CONTEXT('2D SPACE',''
  ) );
#3429 = ORIENTED_EDGE('',*,*,#3430,.T.);
#3430 = EDGE_CURVE('',#3405,#3431,#3433,.T.);
#3431 = VERTEX_POINT('',#3432);
#3432 = CARTESIAN_POINT('',(-13.,19.5,9.));
#3433 = SURFACE_CURVE('',#3434,(#3438,#3444),.PCURVE_S1.);
#3434 = LINE('',#3435,#3436);
#3435 = CARTESIAN_POINT('',(-26.75,19.5,9.));
#3436 = VECTOR('',#3437,1.);
#3437 = DIRECTION('',(1.,0.,0.));
#3438 = PCURVE('',#618,#3439);
#3439 = DEFINITIONAL_REPRESENTATION('',(#3440),#3443);
#3440 = B_SPLINE_CURVE_WITH_KNOTS('',1,(#3441,#3442),.UNSPECIFIED.,.F.,
  .F.,(2,2),(5.75,13.75),.PIECEWISE_BEZIER_KNOTS.);
#3441 = CARTESIAN_POINT('',(9.,11.5));
#3442 = CARTESIAN_POINT('',(9.,19.5));
#3443 = ( GEOMETRIC_REPRESENTATION_CONTEXT(2) 
PARAMETRIC_REPRESENTATION_CONTEXT() REPRESENTATION_CONTEXT('2D SPACE',''
  ) );
#3444 = PCURVE('',#3445,#3450);
#3445 = PLANE('',#3446);
#3446 = AXIS2_PLACEMENT_3D('',#3447,#3448,#3449);
#3447 = CARTESIAN_POINT('',(-21.,13.25,9.));
#3448 = DIRECTION('',(0.,0.,1.));
#3449 = DIRECTION('',(1.,0.,0.));
#3450 = DEFINITIONAL_REPRESENTATION('',(#3451),#3454);
#3451 = B_SPLINE_CURVE_WITH_KNOTS('',1,(#3452,#3453),.UNSPECIFIED.,.F.,
  .F.,(2,2),(5.75,13.75),.PIECEWISE_BEZIER_KNOTS.);
#3452 = CARTESIAN_POINT('',(0.,6.25));
#3453 = CARTESIAN_POINT('',(8.,6.25));
#3454 = ( GEOMETRIC_REPRESENTATION_CONTEXT(2) 
PARAMETRIC_REPRESENTATION_CONTEXT() REPRESENTATION_CONTEXT('2D SPACE',''
  ) );
#3455 = ORIENTED_EDGE('',*,*,#3456,.F.);
#3456 = EDGE_CURVE('',#3379,#3431,#3457,.T.);
#3457 = SURFACE_CURVE('',#3458,(#3462,#3468),.PCURVE_S1.);
#3458 = LINE('',#3459,#3460);
#3459 = CARTESIAN_POINT('',(-13.,19.5,4.5));
#3460 = VECTOR('',#3461,1.);
#3461 = DIRECTION('',(0.,0.,-1.));
#3462 = PCURVE('',#618,#3463);
#3463 = DEFINITIONAL_REPRESENTATION('',(#3464),#3467);
#3464 = B_SPLINE_CURVE_WITH_KNOTS('',1,(#3465,#3466),.UNSPECIFIED.,.F.,
  .F.,(2,2),(-7.,-4.5),.PIECEWISE_BEZIER_KNOTS.);
#3465 = CARTESIAN_POINT('',(11.5,19.5));
#3466 = CARTESIAN_POINT('',(9.,19.5));
#3467 = ( GEOMETRIC_REPRESENTATION_CONTEXT(2) 
PARAMETRIC_REPRESENTATION_CONTEXT() REPRESENTATION_CONTEXT('2D SPACE',''
  ) );
#3468 = PCURVE('',#3469,#3474);
#3469 = PLANE('',#3470);
#3470 = AXIS2_PLACEMENT_3D('',#3471,#3472,#3473);
#3471 = CARTESIAN_POINT('',(-13.,13.25,9.));
#3472 = DIRECTION('',(1.,0.,0.));
#3473 = DIRECTION('',(0.,0.,1.));
#3474 = DEFINITIONAL_REPRESENTATION('',(#3475),#3478);
#3475 = B_SPLINE_CURVE_WITH_KNOTS('',1,(#3476,#3477),.UNSPECIFIED.,.F.,
  .F.,(2,2),(-7.,-4.5),.PIECEWISE_BEZIER_KNOTS.);
#3476 = CARTESIAN_POINT('',(2.5,-6.25));
#3477 = CARTESIAN_POINT('',(0.,-6.25));
#3478 = ( GEOMETRIC_REPRESENTATION_CONTEXT(2) 
PARAMETRIC_REPRESENTATION_CONTEXT() REPRESENTATION_CONTEXT('2D SPACE',''
  ) );
#3479 = FACE_BOUND('',#3480,.T.);
#3480 = EDGE_LOOP('',(#3481,#3509,#3535,#3561));
#3481 = ORIENTED_EDGE('',*,*,#3482,.F.);
#3482 = EDGE_CURVE('',#3483,#3485,#3487,.T.);
#3483 = VERTEX_POINT('',#3484);
#3484 = CARTESIAN_POINT('',(-21.,19.5,16.5));
#3485 = VERTEX_POINT('',#3486);
#3486 = CARTESIAN_POINT('',(-13.,19.5,16.5));
#3487 = SURFACE_CURVE('',#3488,(#3492,#3498),.PCURVE_S1.);
#3488 = LINE('',#3489,#3490);
#3489 = CARTESIAN_POINT('',(-26.75,19.5,16.5));
#3490 = VECTOR('',#3491,1.);
#3491 = DIRECTION('',(1.,0.,0.));
#3492 = PCURVE('',#618,#3493);
#3493 = DEFINITIONAL_REPRESENTATION('',(#3494),#3497);
#3494 = B_SPLINE_CURVE_WITH_KNOTS('',1,(#3495,#3496),.UNSPECIFIED.,.F.,
  .F.,(2,2),(5.75,13.75),.PIECEWISE_BEZIER_KNOTS.);
#3495 = CARTESIAN_POINT('',(16.5,11.5));
#3496 = CARTESIAN_POINT('',(16.5,19.5));
#3497 = ( GEOMETRIC_REPRESENTATION_CONTEXT(2) 
PARAMETRIC_REPRESENTATION_CONTEXT() REPRESENTATION_CONTEXT('2D SPACE',''
  ) );
#3498 = PCURVE('',#3499,#3504);
#3499 = PLANE('',#3500);
#3500 = AXIS2_PLACEMENT_3D('',#3501,#3502,#3503);
#3501 = CARTESIAN_POINT('',(-21.,13.25,16.5));
#3502 = DIRECTION('',(0.,0.,1.));
#3503 = DIRECTION('',(1.,0.,0.));
#3504 = DEFINITIONAL_REPRESENTATION('',(#3505),#3508);
#3505 = B_SPLINE_CURVE_WITH_KNOTS('',1,(#3506,#3507),.UNSPECIFIED.,.F.,
  .F.,(2,2),(5.75,13.75),.PIECEWISE_BEZIER_KNOTS.);
#3506 = CARTESIAN_POINT('',(0.,6.25));
#3507 = CARTESIAN_POINT('',(8.,6.25));
#3508 = ( GEOMETRIC_REPRESENTATION_CONTEXT(2) 
PARAMETRIC_REPRESENTATION_CONTEXT() REPRESENTATION_CONTEXT('2D SPACE',''
  ) );
#3509 = ORIENTED_EDGE('',*,*,#3510,.T.);
#3510 = EDGE_CURVE('',#3483,#3511,#3513,.T.);
#3511 = VERTEX_POINT('',#3512);
#3512 = CARTESIAN_POINT('',(-21.,19.5,14.));
#3513 = SURFACE_CURVE('',#3514,(#3518,#3524),.PCURVE_S1.);
#3514 = LINE('',#3515,#3516);
#3515 = CARTESIAN_POINT('',(-21.,19.5,7.));
#3516 = VECTOR('',#3517,1.);
#3517 = DIRECTION('',(0.,0.,-1.));
#3518 = PCURVE('',#618,#3519);
#3519 = DEFINITIONAL_REPRESENTATION('',(#3520),#3523);
#3520 = B_SPLINE_CURVE_WITH_KNOTS('',1,(#3521,#3522),.UNSPECIFIED.,.F.,
  .F.,(2,2),(-9.5,-7.),.PIECEWISE_BEZIER_KNOTS.);
#3521 = CARTESIAN_POINT('',(16.5,11.5));
#3522 = CARTESIAN_POINT('',(14.,11.5));
#3523 = ( GEOMETRIC_REPRESENTATION_CONTEXT(2) 
PARAMETRIC_REPRESENTATION_CONTEXT() REPRESENTATION_CONTEXT('2D SPACE',''
  ) );
#3524 = PCURVE('',#3525,#3530);
#3525 = PLANE('',#3526);
#3526 = AXIS2_PLACEMENT_3D('',#3527,#3528,#3529);
#3527 = CARTESIAN_POINT('',(-21.,13.25,14.));
#3528 = DIRECTION('',(1.,0.,0.));
#3529 = DIRECTION('',(0.,0.,1.));
#3530 = DEFINITIONAL_REPRESENTATION('',(#3531),#3534);
#3531 = B_SPLINE_CURVE_WITH_KNOTS('',1,(#3532,#3533),.UNSPECIFIED.,.F.,
  .F.,(2,2),(-9.5,-7.),.PIECEWISE_BEZIER_KNOTS.);
#3532 = CARTESIAN_POINT('',(2.5,-6.25));
#3533 = CARTESIAN_POINT('',(0.,-6.25));
#3534 = ( GEOMETRIC_REPRESENTATION_CONTEXT(2) 
PARAMETRIC_REPRESENTATION_CONTEXT() REPRESENTATION_CONTEXT('2D SPACE',''
  ) );
#3535 = ORIENTED_EDGE('',*,*,#3536,.T.);
#3536 = EDGE_CURVE('',#3511,#3537,#3539,.T.);
#3537 = VERTEX_POINT('',#3538);
#3538 = CARTESIAN_POINT('',(-13.,19.5,14.));
#3539 = SURFACE_CURVE('',#3540,(#3544,#3550),.PCURVE_S1.);
#3540 = LINE('',#3541,#3542);
#3541 = CARTESIAN_POINT('',(-26.75,19.5,14.));
#3542 = VECTOR('',#3543,1.);
#3543 = DIRECTION('',(1.,0.,0.));
#3544 = PCURVE('',#618,#3545);
#3545 = DEFINITIONAL_REPRESENTATION('',(#3546),#3549);
#3546 = B_SPLINE_CURVE_WITH_KNOTS('',1,(#3547,#3548),.UNSPECIFIED.,.F.,
  .F.,(2,2),(5.75,13.75),.PIECEWISE_BEZIER_KNOTS.);
#3547 = CARTESIAN_POINT('',(14.,11.5));
#3548 = CARTESIAN_POINT('',(14.,19.5));
#3549 = ( GEOMETRIC_REPRESENTATION_CONTEXT(2) 
PARAMETRIC_REPRESENTATION_CONTEXT() REPRESENTATION_CONTEXT('2D SPACE',''
  ) );
#3550 = PCURVE('',#3551,#3556);
#3551 = PLANE('',#3552);
#3552 = AXIS2_PLACEMENT_3D('',#3553,#3554,#3555);
#3553 = CARTESIAN_POINT('',(-21.,13.25,14.));
#3554 = DIRECTION('',(0.,0.,1.));
#3555 = DIRECTION('',(1.,0.,0.));
#3556 = DEFINITIONAL_REPRESENTATION('',(#3557),#3560);
#3557 = B_SPLINE_CURVE_WITH_KNOTS('',1,(#3558,#3559),.UNSPECIFIED.,.F.,
  .F.,(2,2),(5.75,13.75),.PIECEWISE_BEZIER_KNOTS.);
#3558 = CARTESIAN_POINT('',(0.,6.25));
#3559 = CARTESIAN_POINT('',(8.,6.25));
#3560 = ( GEOMETRIC_REPRESENTATION_CONTEXT(2) 
PARAMETRIC_REPRESENTATION_CONTEXT() REPRESENTATION_CONTEXT('2D SPACE',''
  ) );
#3561 = ORIENTED_EDGE('',*,*,#3562,.F.);
#3562 = EDGE_CURVE('',#3485,#3537,#3563,.T.);
#3563 = SURFACE_CURVE('',#3564,(#3568,#3574),.PCURVE_S1.);
#3564 = LINE('',#3565,#3566);
#3565 = CARTESIAN_POINT('',(-13.,19.5,7.));
#3566 = VECTOR('',#3567,1.);
#3567 = DIRECTION('',(0.,0.,-1.));
#3568 = PCURVE('',#618,#3569);
#3569 = DEFINITIONAL_REPRESENTATION('',(#3570),#3573);
#3570 = B_SPLINE_CURVE_WITH_KNOTS('',1,(#3571,#3572),.UNSPECIFIED.,.F.,
  .F.,(2,2),(-9.5,-7.),.PIECEWISE_BEZIER_KNOTS.);
#3571 = CARTESIAN_POINT('',(16.5,19.5));
#3572 = CARTESIAN_POINT('',(14.,19.5));
#3573 = ( GEOMETRIC_REPRESENTATION_CONTEXT(2) 
PARAMETRIC_REPRESENTATION_CONTEXT() REPRESENTATION_CONTEXT('2D SPACE',''
  ) );
#3574 = PCURVE('',#3575,#3580);
#3575 = PLANE('',#3576);
#3576 = AXIS2_PLACEMENT_3D('',#3577,#3578,#3579);
#3577 = CARTESIAN_POINT('',(-13.,13.25,14.));
#3578 = DIRECTION('',(1.,0.,0.));
#3579 = DIRECTION('',(0.,0.,1.));
#3580 = DEFINITIONAL_REPRESENTATION('',(#3581),#3584);
#3581 = B_SPLINE_CURVE_WITH_KNOTS('',1,(#3582,#3583),.UNSPECIFIED.,.F.,
  .F.,(2,2),(-9.5,-7.),.PIECEWISE_BEZIER_KNOTS.);
#3582 = CARTESIAN_POINT('',(2.5,-6.25));
#3583 = CARTESIAN_POINT('',(0.,-6.25));
#3584 = ( GEOMETRIC_REPRESENTATION_CONTEXT(2) 
PARAMETRIC_REPRESENTATION_CONTEXT() REPRESENTATION_CONTEXT('2D SPACE',''
  ) );
#3585 = FACE_BOUND('',#3586,.T.);
#3586 = EDGE_LOOP('',(#3587,#3615,#3641,#3667));
#3587 = ORIENTED_EDGE('',*,*,#3588,.F.);
#3588 = EDGE_CURVE('',#3589,#3591,#3593,.T.);
#3589 = VERTEX_POINT('',#3590);
#3590 = CARTESIAN_POINT('',(-21.,19.5,21.5));
#3591 = VERTEX_POINT('',#3592);
#3592 = CARTESIAN_POINT('',(-13.,19.5,21.5));
#3593 = SURFACE_CURVE('',#3594,(#3598,#3604),.PCURVE_S1.);
#3594 = LINE('',#3595,#3596);
#3595 = CARTESIAN_POINT('',(-26.75,19.5,21.5));
#3596 = VECTOR('',#3597,1.);
#3597 = DIRECTION('',(1.,0.,0.));
#3598 = PCURVE('',#618,#3599);
#3599 = DEFINITIONAL_REPRESENTATION('',(#3600),#3603);
#3600 = B_SPLINE_CURVE_WITH_KNOTS('',1,(#3601,#3602),.UNSPECIFIED.,.F.,
  .F.,(2,2),(5.75,13.75),.PIECEWISE_BEZIER_KNOTS.);
#3601 = CARTESIAN_POINT('',(21.5,11.5));
#3602 = CARTESIAN_POINT('',(21.5,19.5));
#3603 = ( GEOMETRIC_REPRESENTATION_CONTEXT(2) 
PARAMETRIC_REPRESENTATION_CONTEXT() REPRESENTATION_CONTEXT('2D SPACE',''
  ) );
#3604 = PCURVE('',#3605,#3610);
#3605 = PLANE('',#3606);
#3606 = AXIS2_PLACEMENT_3D('',#3607,#3608,#3609);
#3607 = CARTESIAN_POINT('',(-21.,13.25,21.5));
#3608 = DIRECTION('',(0.,0.,1.));
#3609 = DIRECTION('',(1.,0.,0.));
#3610 = DEFINITIONAL_REPRESENTATION('',(#3611),#3614);
#3611 = B_SPLINE_CURVE_WITH_KNOTS('',1,(#3612,#3613),.UNSPECIFIED.,.F.,
  .F.,(2,2),(5.75,13.75),.PIECEWISE_BEZIER_KNOTS.);
#3612 = CARTESIAN_POINT('',(0.,6.25));
#3613 = CARTESIAN_POINT('',(8.,6.25));
#3614 = ( GEOMETRIC_REPRESENTATION_CONTEXT(2) 
PARAMETRIC_REPRESENTATION_CONTEXT() REPRESENTATION_CONTEXT('2D SPACE',''
  ) );
#3615 = ORIENTED_EDGE('',*,*,#3616,.T.);
#3616 = EDGE_CURVE('',#3589,#3617,#3619,.T.);
#3617 = VERTEX_POINT('',#3618);
#3618 = CARTESIAN_POINT('',(-21.,19.5,19.));
#3619 = SURFACE_CURVE('',#3620,(#3624,#3630),.PCURVE_S1.);
#3620 = LINE('',#3621,#3622);
#3621 = CARTESIAN_POINT('',(-21.,19.5,9.5));
#3622 = VECTOR('',#3623,1.);
#3623 = DIRECTION('',(0.,0.,-1.));
#3624 = PCURVE('',#618,#3625);
#3625 = DEFINITIONAL_REPRESENTATION('',(#3626),#3629);
#3626 = B_SPLINE_CURVE_WITH_KNOTS('',1,(#3627,#3628),.UNSPECIFIED.,.F.,
  .F.,(2,2),(-12.,-9.5),.PIECEWISE_BEZIER_KNOTS.);
#3627 = CARTESIAN_POINT('',(21.5,11.5));
#3628 = CARTESIAN_POINT('',(19.,11.5));
#3629 = ( GEOMETRIC_REPRESENTATION_CONTEXT(2) 
PARAMETRIC_REPRESENTATION_CONTEXT() REPRESENTATION_CONTEXT('2D SPACE',''
  ) );
#3630 = PCURVE('',#3631,#3636);
#3631 = PLANE('',#3632);
#3632 = AXIS2_PLACEMENT_3D('',#3633,#3634,#3635);
#3633 = CARTESIAN_POINT('',(-21.,13.25,19.));
#3634 = DIRECTION('',(1.,0.,0.));
#3635 = DIRECTION('',(0.,0.,1.));
#3636 = DEFINITIONAL_REPRESENTATION('',(#3637),#3640);
#3637 = B_SPLINE_CURVE_WITH_KNOTS('',1,(#3638,#3639),.UNSPECIFIED.,.F.,
  .F.,(2,2),(-12.,-9.5),.PIECEWISE_BEZIER_KNOTS.);
#3638 = CARTESIAN_POINT('',(2.5,-6.25));
#3639 = CARTESIAN_POINT('',(0.,-6.25));
#3640 = ( GEOMETRIC_REPRESENTATION_CONTEXT(2) 
PARAMETRIC_REPRESENTATION_CONTEXT() REPRESENTATION_CONTEXT('2D SPACE',''
  ) );
#3641 = ORIENTED_EDGE('',*,*,#3642,.T.);
#3642 = EDGE_CURVE('',#3617,#3643,#3645,.T.);
#3643 = VERTEX_POINT('',#3644);
#3644 = CARTESIAN_POINT('',(-13.,19.5,19.));
#3645 = SURFACE_CURVE('',#3646,(#3650,#3656),.PCURVE_S1.);
#3646 = LINE('',#3647,#3648);
#3647 = CARTESIAN_POINT('',(-26.75,19.5,19.));
#3648 = VECTOR('',#3649,1.);
#3649 = DIRECTION('',(1.,0.,0.));
#3650 = PCURVE('',#618,#3651);
#3651 = DEFINITIONAL_REPRESENTATION('',(#3652),#3655);
#3652 = B_SPLINE_CURVE_WITH_KNOTS('',1,(#3653,#3654),.UNSPECIFIED.,.F.,
  .F.,(2,2),(5.75,13.75),.PIECEWISE_BEZIER_KNOTS.);
#3653 = CARTESIAN_POINT('',(19.,11.5));
#3654 = CARTESIAN_POINT('',(19.,19.5));
#3655 = ( GEOMETRIC_REPRESENTATION_CONTEXT(2) 
PARAMETRIC_REPRESENTATION_CONTEXT() REPRESENTATION_CONTEXT('2D SPACE',''
  ) );
#3656 = PCURVE('',#3657,#3662);
#3657 = PLANE('',#3658);
#3658 = AXIS2_PLACEMENT_3D('',#3659,#3660,#3661);
#3659 = CARTESIAN_POINT('',(-21.,13.25,19.));
#3660 = DIRECTION('',(0.,0.,1.));
#3661 = DIRECTION('',(1.,0.,0.));
#3662 = DEFINITIONAL_REPRESENTATION('',(#3663),#3666);
#3663 = B_SPLINE_CURVE_WITH_KNOTS('',1,(#3664,#3665),.UNSPECIFIED.,.F.,
  .F.,(2,2),(5.75,13.75),.PIECEWISE_BEZIER_KNOTS.);
#3664 = CARTESIAN_POINT('',(0.,6.25));
#3665 = CARTESIAN_POINT('',(8.,6.25));
#3666 = ( GEOMETRIC_REPRESENTATION_CONTEXT(2) 
PARAMETRIC_REPRESENTATION_CONTEXT() REPRESENTATION_CONTEXT('2D SPACE',''
  ) );
#3667 = ORIENTED_EDGE('',*,*,#3668,.F.);
#3668 = EDGE_CURVE('',#3591,#3643,#3669,.T.);
#3669 = SURFACE_CURVE('',#3670,(#3674,#3680),.PCURVE_S1.);
#3670 = LINE('',#3671,#3672);
#3671 = CARTESIAN_POINT('',(-13.,19.5,9.5));
#3672 = VECTOR('',#3673,1.);
#3673 = DIRECTION('',(0.,0.,-1.));
#3674 = PCURVE('',#618,#3675);
#3675 = DEFINITIONAL_REPRESENTATION('',(#3676),#3679);
#3676 = B_SPLINE_CURVE_WITH_KNOTS('',1,(#3677,#3678),.UNSPECIFIED.,.F.,
  .F.,(2,2),(-12.,-9.5),.PIECEWISE_BEZIER_KNOTS.);
#3677 = CARTESIAN_POINT('',(21.5,19.5));
#3678 = CARTESIAN_POINT('',(19.,19.5));
#3679 = ( GEOMETRIC_REPRESENTATION_CONTEXT(2) 
PARAMETRIC_REPRESENTATION_CONTEXT() REPRESENTATION_CONTEXT('2D SPACE',''
  ) );
#3680 = PCURVE('',#3681,#3686);
#3681 = PLANE('',#3682);
#3682 = AXIS2_PLACEMENT_3D('',#3683,#3684,#3685);
#3683 = CARTESIAN_POINT('',(-13.,13.25,19.));
#3684 = DIRECTION('',(1.,0.,0.));
#3685 = DIRECTION('',(0.,0.,1.));
#3686 = DEFINITIONAL_REPRESENTATION('',(#3687),#3690);
#3687 = B_SPLINE_CURVE_WITH_KNOTS('',1,(#3688,#3689),.UNSPECIFIED.,.F.,
  .F.,(2,2),(-12.,-9.5),.PIECEWISE_BEZIER_KNOTS.);
#3688 = CARTESIAN_POINT('',(2.5,-6.25));
#3689 = CARTESIAN_POINT('',(0.,-6.25));
#3690 = ( GEOMETRIC_REPRESENTATION_CONTEXT(2) 
PARAMETRIC_REPRESENTATION_CONTEXT() REPRESENTATION_CONTEXT('2D SPACE',''
  ) );
#3691 = FACE_BOUND('',#3692,.T.);
#3692 = EDGE_LOOP('',(#3693,#3721,#3747,#3773));
#3693 = ORIENTED_EDGE('',*,*,#3694,.F.);
#3694 = EDGE_CURVE('',#3695,#3697,#3699,.T.);
#3695 = VERTEX_POINT('',#3696);
#3696 = CARTESIAN_POINT('',(3.,19.5,10.5));
#3697 = VERTEX_POINT('',#3698);
#3698 = CARTESIAN_POINT('',(19.,19.5,10.5));
#3699 = SURFACE_CURVE('',#3700,(#3704,#3710),.PCURVE_S1.);
#3700 = LINE('',#3701,#3702);
#3701 = CARTESIAN_POINT('',(-14.75,19.5,10.5));
#3702 = VECTOR('',#3703,1.);
#3703 = DIRECTION('',(1.,0.,0.));
#3704 = PCURVE('',#618,#3705);
#3705 = DEFINITIONAL_REPRESENTATION('',(#3706),#3709);
#3706 = B_SPLINE_CURVE_WITH_KNOTS('',1,(#3707,#3708),.UNSPECIFIED.,.F.,
  .F.,(2,2),(17.75,33.75),.PIECEWISE_BEZIER_KNOTS.);
#3707 = CARTESIAN_POINT('',(10.5,35.5));
#3708 = CARTESIAN_POINT('',(10.5,51.5));
#3709 = ( GEOMETRIC_REPRESENTATION_CONTEXT(2) 
PARAMETRIC_REPRESENTATION_CONTEXT() REPRESENTATION_CONTEXT('2D SPACE',''
  ) );
#3710 = PCURVE('',#3711,#3716);
#3711 = PLANE('',#3712);
#3712 = AXIS2_PLACEMENT_3D('',#3713,#3714,#3715);
#3713 = CARTESIAN_POINT('',(3.,13.25,10.5));
#3714 = DIRECTION('',(0.,0.,1.));
#3715 = DIRECTION('',(1.,0.,0.));
#3716 = DEFINITIONAL_REPRESENTATION('',(#3717),#3720);
#3717 = B_SPLINE_CURVE_WITH_KNOTS('',1,(#3718,#3719),.UNSPECIFIED.,.F.,
  .F.,(2,2),(17.75,33.75),.PIECEWISE_BEZIER_KNOTS.);
#3718 = CARTESIAN_POINT('',(0.,6.25));
#3719 = CARTESIAN_POINT('',(16.,6.25));
#3720 = ( GEOMETRIC_REPRESENTATION_CONTEXT(2) 
PARAMETRIC_REPRESENTATION_CONTEXT() REPRESENTATION_CONTEXT('2D SPACE',''
  ) );
#3721 = ORIENTED_EDGE('',*,*,#3722,.T.);
#3722 = EDGE_CURVE('',#3695,#3723,#3725,.T.);
#3723 = VERTEX_POINT('',#3724);
#3724 = CARTESIAN_POINT('',(3.,19.5,8.));
#3725 = SURFACE_CURVE('',#3726,(#3730,#3736),.PCURVE_S1.);
#3726 = LINE('',#3727,#3728);
#3727 = CARTESIAN_POINT('',(3.,19.5,4.));
#3728 = VECTOR('',#3729,1.);
#3729 = DIRECTION('',(0.,0.,-1.));
#3730 = PCURVE('',#618,#3731);
#3731 = DEFINITIONAL_REPRESENTATION('',(#3732),#3735);
#3732 = B_SPLINE_CURVE_WITH_KNOTS('',1,(#3733,#3734),.UNSPECIFIED.,.F.,
  .F.,(2,2),(-6.5,-4.),.PIECEWISE_BEZIER_KNOTS.);
#3733 = CARTESIAN_POINT('',(10.5,35.5));
#3734 = CARTESIAN_POINT('',(8.,35.5));
#3735 = ( GEOMETRIC_REPRESENTATION_CONTEXT(2) 
PARAMETRIC_REPRESENTATION_CONTEXT() REPRESENTATION_CONTEXT('2D SPACE',''
  ) );
#3736 = PCURVE('',#3737,#3742);
#3737 = PLANE('',#3738);
#3738 = AXIS2_PLACEMENT_3D('',#3739,#3740,#3741);
#3739 = CARTESIAN_POINT('',(3.,13.25,8.));
#3740 = DIRECTION('',(1.,0.,0.));
#3741 = DIRECTION('',(0.,0.,1.));
#3742 = DEFINITIONAL_REPRESENTATION('',(#3743),#3746);
#3743 = B_SPLINE_CURVE_WITH_KNOTS('',1,(#3744,#3745),.UNSPECIFIED.,.F.,
  .F.,(2,2),(-6.5,-4.),.PIECEWISE_BEZIER_KNOTS.);
#3744 = CARTESIAN_POINT('',(2.5,-6.25));
#3745 = CARTESIAN_POINT('',(0.,-6.25));
#3746 = ( GEOMETRIC_REPRESENTATION_CONTEXT(2) 
PARAMETRIC_REPRESENTATION_CONTEXT() REPRESENTATION_CONTEXT('2D SPACE',''
  ) );
#3747 = ORIENTED_EDGE('',*,*,#3748,.T.);
#3748 = EDGE_CURVE('',#3723,#3749,#3751,.T.);
#3749 = VERTEX_POINT('',#3750);
#3750 = CARTESIAN_POINT('',(19.,19.5,8.));
#3751 = SURFACE_CURVE('',#3752,(#3756,#3762),.PCURVE_S1.);
#3752 = LINE('',#3753,#3754);
#3753 = CARTESIAN_POINT('',(-14.75,19.5,8.));
#3754 = VECTOR('',#3755,1.);
#3755 = DIRECTION('',(1.,0.,0.));
#3756 = PCURVE('',#618,#3757);
#3757 = DEFINITIONAL_REPRESENTATION('',(#3758),#3761);
#3758 = B_SPLINE_CURVE_WITH_KNOTS('',1,(#3759,#3760),.UNSPECIFIED.,.F.,
  .F.,(2,2),(17.75,33.75),.PIECEWISE_BEZIER_KNOTS.);
#3759 = CARTESIAN_POINT('',(8.,35.5));
#3760 = CARTESIAN_POINT('',(8.,51.5));
#3761 = ( GEOMETRIC_REPRESENTATION_CONTEXT(2) 
PARAMETRIC_REPRESENTATION_CONTEXT() REPRESENTATION_CONTEXT('2D SPACE',''
  ) );
#3762 = PCURVE('',#3763,#3768);
#3763 = PLANE('',#3764);
#3764 = AXIS2_PLACEMENT_3D('',#3765,#3766,#3767);
#3765 = CARTESIAN_POINT('',(3.,13.25,8.));
#3766 = DIRECTION('',(0.,0.,1.));
#3767 = DIRECTION('',(1.,0.,0.));
#3768 = DEFINITIONAL_REPRESENTATION('',(#3769),#3772);
#3769 = B_SPLINE_CURVE_WITH_KNOTS('',1,(#3770,#3771),.UNSPECIFIED.,.F.,
  .F.,(2,2),(17.75,33.75),.PIECEWISE_BEZIER_KNOTS.);
#3770 = CARTESIAN_POINT('',(0.,6.25));
#3771 = CARTESIAN_POINT('',(16.,6.25));
#3772 = ( GEOMETRIC_REPRESENTATION_CONTEXT(2) 
PARAMETRIC_REPRESENTATION_CONTEXT() REPRESENTATION_CONTEXT('2D SPACE',''
  ) );
#3773 = ORIENTED_EDGE('',*,*,#3774,.F.);
#3774 = EDGE_CURVE('',#3697,#3749,#3775,.T.);
#3775 = SURFACE_CURVE('',#3776,(#3780,#3786),.PCURVE_S1.);
#3776 = LINE('',#3777,#3778);
#3777 = CARTESIAN_POINT('',(19.,19.5,4.));
#3778 = VECTOR('',#3779,1.);
#3779 = DIRECTION('',(0.,0.,-1.));
#3780 = PCURVE('',#618,#3781);
#3781 = DEFINITIONAL_REPRESENTATION('',(#3782),#3785);
#3782 = B_SPLINE_CURVE_WITH_KNOTS('',1,(#3783,#3784),.UNSPECIFIED.,.F.,
  .F.,(2,2),(-6.5,-4.),.PIECEWISE_BEZIER_KNOTS.);
#3783 = CARTESIAN_POINT('',(10.5,51.5));
#3784 = CARTESIAN_POINT('',(8.,51.5));
#3785 = ( GEOMETRIC_REPRESENTATION_CONTEXT(2) 
PARAMETRIC_REPRESENTATION_CONTEXT() REPRESENTATION_CONTEXT('2D SPACE',''
  ) );
#3786 = PCURVE('',#3787,#3792);
#3787 = PLANE('',#3788);
#3788 = AXIS2_PLACEMENT_3D('',#3789,#3790,#3791);
#3789 = CARTESIAN_POINT('',(19.,13.25,8.));
#3790 = DIRECTION('',(1.,0.,0.));
#3791 = DIRECTION('',(0.,0.,1.));
#3792 = DEFINITIONAL_REPRESENTATION('',(#3793),#3796);
#3793 = B_SPLINE_CURVE_WITH_KNOTS('',1,(#3794,#3795),.UNSPECIFIED.,.F.,
  .F.,(2,2),(-6.5,-4.),.PIECEWISE_BEZIER_KNOTS.);
#3794 = CARTESIAN_POINT('',(2.5,-6.25));
#3795 = CARTESIAN_POINT('',(0.,-6.25));
#3796 = ( GEOMETRIC_REPRESENTATION_CONTEXT(2) 
PARAMETRIC_REPRESENTATION_CONTEXT() REPRESENTATION_CONTEXT('2D SPACE',''
  ) );
#3797 = FACE_BOUND('',#3798,.T.);
#3798 = EDGE_LOOP('',(#3799,#3827,#3853,#3879));
#3799 = ORIENTED_EDGE('',*,*,#3800,.F.);
#3800 = EDGE_CURVE('',#3801,#3803,#3805,.T.);
#3801 = VERTEX_POINT('',#3802);
#3802 = CARTESIAN_POINT('',(3.,19.5,18.5));
#3803 = VERTEX_POINT('',#3804);
#3804 = CARTESIAN_POINT('',(19.,19.5,18.5));
#3805 = SURFACE_CURVE('',#3806,(#3810,#3816),.PCURVE_S1.);
#3806 = LINE('',#3807,#3808);
#3807 = CARTESIAN_POINT('',(-14.75,19.5,18.5));
#3808 = VECTOR('',#3809,1.);
#3809 = DIRECTION('',(1.,0.,0.));
#3810 = PCURVE('',#618,#3811);
#3811 = DEFINITIONAL_REPRESENTATION('',(#3812),#3815);
#3812 = B_SPLINE_CURVE_WITH_KNOTS('',1,(#3813,#3814),.UNSPECIFIED.,.F.,
  .F.,(2,2),(17.75,33.75),.PIECEWISE_BEZIER_KNOTS.);
#3813 = CARTESIAN_POINT('',(18.5,35.5));
#3814 = CARTESIAN_POINT('',(18.5,51.5));
#3815 = ( GEOMETRIC_REPRESENTATION_CONTEXT(2) 
PARAMETRIC_REPRESENTATION_CONTEXT() REPRESENTATION_CONTEXT('2D SPACE',''
  ) );
#3816 = PCURVE('',#3817,#3822);
#3817 = PLANE('',#3818);
#3818 = AXIS2_PLACEMENT_3D('',#3819,#3820,#3821);
#3819 = CARTESIAN_POINT('',(3.,13.25,18.5));
#3820 = DIRECTION('',(0.,0.,1.));
#3821 = DIRECTION('',(1.,0.,0.));
#3822 = DEFINITIONAL_REPRESENTATION('',(#3823),#3826);
#3823 = B_SPLINE_CURVE_WITH_KNOTS('',1,(#3824,#3825),.UNSPECIFIED.,.F.,
  .F.,(2,2),(17.75,33.75),.PIECEWISE_BEZIER_KNOTS.);
#3824 = CARTESIAN_POINT('',(0.,6.25));
#3825 = CARTESIAN_POINT('',(16.,6.25));
#3826 = ( GEOMETRIC_REPRESENTATION_CONTEXT(2) 
PARAMETRIC_REPRESENTATION_CONTEXT() REPRESENTATION_CONTEXT('2D SPACE',''
  ) );
#3827 = ORIENTED_EDGE('',*,*,#3828,.T.);
#3828 = EDGE_CURVE('',#3801,#3829,#3831,.T.);
#3829 = VERTEX_POINT('',#3830);
#3830 = CARTESIAN_POINT('',(3.,19.5,16.));
#3831 = SURFACE_CURVE('',#3832,(#3836,#3842),.PCURVE_S1.);
#3832 = LINE('',#3833,#3834);
#3833 = CARTESIAN_POINT('',(3.,19.5,8.));
#3834 = VECTOR('',#3835,1.);
#3835 = DIRECTION('',(0.,0.,-1.));
#3836 = PCURVE('',#618,#3837);
#3837 = DEFINITIONAL_REPRESENTATION('',(#3838),#3841);
#3838 = B_SPLINE_CURVE_WITH_KNOTS('',1,(#3839,#3840),.UNSPECIFIED.,.F.,
  .F.,(2,2),(-10.5,-8.),.PIECEWISE_BEZIER_KNOTS.);
#3839 = CARTESIAN_POINT('',(18.5,35.5));
#3840 = CARTESIAN_POINT('',(16.,35.5));
#3841 = ( GEOMETRIC_REPRESENTATION_CONTEXT(2) 
PARAMETRIC_REPRESENTATION_CONTEXT() REPRESENTATION_CONTEXT('2D SPACE',''
  ) );
#3842 = PCURVE('',#3843,#3848);
#3843 = PLANE('',#3844);
#3844 = AXIS2_PLACEMENT_3D('',#3845,#3846,#3847);
#3845 = CARTESIAN_POINT('',(3.,13.25,16.));
#3846 = DIRECTION('',(1.,0.,0.));
#3847 = DIRECTION('',(0.,0.,1.));
#3848 = DEFINITIONAL_REPRESENTATION('',(#3849),#3852);
#3849 = B_SPLINE_CURVE_WITH_KNOTS('',1,(#3850,#3851),.UNSPECIFIED.,.F.,
  .F.,(2,2),(-10.5,-8.),.PIECEWISE_BEZIER_KNOTS.);
#3850 = CARTESIAN_POINT('',(2.5,-6.25));
#3851 = CARTESIAN_POINT('',(0.,-6.25));
#3852 = ( GEOMETRIC_REPRESENTATION_CONTEXT(2) 
PARAMETRIC_REPRESENTATION_CONTEXT() REPRESENTATION_CONTEXT('2D SPACE',''
  ) );
#3853 = ORIENTED_EDGE('',*,*,#3854,.T.);
#3854 = EDGE_CURVE('',#3829,#3855,#3857,.T.);
#3855 = VERTEX_POINT('',#3856);
#3856 = CARTESIAN_POINT('',(19.,19.5,16.));
#3857 = SURFACE_CURVE('',#3858,(#3862,#3868),.PCURVE_S1.);
#3858 = LINE('',#3859,#3860);
#3859 = CARTESIAN_POINT('',(-14.75,19.5,16.));
#3860 = VECTOR('',#3861,1.);
#3861 = DIRECTION('',(1.,0.,0.));
#3862 = PCURVE('',#618,#3863);
#3863 = DEFINITIONAL_REPRESENTATION('',(#3864),#3867);
#3864 = B_SPLINE_CURVE_WITH_KNOTS('',1,(#3865,#3866),.UNSPECIFIED.,.F.,
  .F.,(2,2),(17.75,33.75),.PIECEWISE_BEZIER_KNOTS.);
#3865 = CARTESIAN_POINT('',(16.,35.5));
#3866 = CARTESIAN_POINT('',(16.,51.5));
#3867 = ( GEOMETRIC_REPRESENTATION_CONTEXT(2) 
PARAMETRIC_REPRESENTATION_CONTEXT() REPRESENTATION_CONTEXT('2D SPACE',''
  ) );
#3868 = PCURVE('',#3869,#3874);
#3869 = PLANE('',#3870);
#3870 = AXIS2_PLACEMENT_3D('',#3871,#3872,#3873);
#3871 = CARTESIAN_POINT('',(3.,13.25,16.));
#3872 = DIRECTION('',(0.,0.,1.));
#3873 = DIRECTION('',(1.,0.,0.));
#3874 = DEFINITIONAL_REPRESENTATION('',(#3875),#3878);
#3875 = B_SPLINE_CURVE_WITH_KNOTS('',1,(#3876,#3877),.UNSPECIFIED.,.F.,
  .F.,(2,2),(17.75,33.75),.PIECEWISE_BEZIER_KNOTS.);
#3876 = CARTESIAN_POINT('',(0.,6.25));
#3877 = CARTESIAN_POINT('',(16.,6.25));
#3878 = ( GEOMETRIC_REPRESENTATION_CONTEXT(2) 
PARAMETRIC_REPRESENTATION_CONTEXT() REPRESENTATION_CONTEXT('2D SPACE',''
  ) );
#3879 = ORIENTED_EDGE('',*,*,#3880,.F.);
#3880 = EDGE_CURVE('',#3803,#3855,#3881,.T.);
#3881 = SURFACE_CURVE('',#3882,(#3886,#3892),.PCURVE_S1.);
#3882 = LINE('',#3883,#3884);
#3883 = CARTESIAN_POINT('',(19.,19.5,8.));
#3884 = VECTOR('',#3885,1.);
#3885 = DIRECTION('',(0.,0.,-1.));
#3886 = PCURVE('',#618,#3887);
#3887 = DEFINITIONAL_REPRESENTATION('',(#3888),#3891);
#3888 = B_SPLINE_CURVE_WITH_KNOTS('',1,(#3889,#3890),.UNSPECIFIED.,.F.,
  .F.,(2,2),(-10.5,-8.),.PIECEWISE_BEZIER_KNOTS.);
#3889 = CARTESIAN_POINT('',(18.5,51.5));
#3890 = CARTESIAN_POINT('',(16.,51.5));
#3891 = ( GEOMETRIC_REPRESENTATION_CONTEXT(2) 
PARAMETRIC_REPRESENTATION_CONTEXT() REPRESENTATION_CONTEXT('2D SPACE',''
  ) );
#3892 = PCURVE('',#3893,#3898);
#3893 = PLANE('',#3894);
#3894 = AXIS2_PLACEMENT_3D('',#3895,#3896,#3897);
#3895 = CARTESIAN_POINT('',(19.,13.25,16.));
#3896 = DIRECTION('',(1.,0.,0.));
#3897 = DIRECTION('',(0.,0.,1.));
#3898 = DEFINITIONAL_REPRESENTATION('',(#3899),#3902);
#3899 = B_SPLINE_CURVE_WITH_KNOTS('',1,(#3900,#3901),.UNSPECIFIED.,.F.,
  .F.,(2,2),(-10.5,-8.),.PIECEWISE_BEZIER_KNOTS.);
#3900 = CARTESIAN_POINT('',(2.5,-6.25));
#3901 = CARTESIAN_POINT('',(0.,-6.25));
#3902 = ( GEOMETRIC_REPRESENTATION_CONTEXT(2) 
PARAMETRIC_REPRESENTATION_CONTEXT() REPRESENTATION_CONTEXT('2D SPACE',''
  ) );
#3903 = FACE_BOUND('',#3904,.T.);
#3904 = EDGE_LOOP('',(#3905,#3933,#3959,#3985));
#3905 = ORIENTED_EDGE('',*,*,#3906,.F.);
#3906 = EDGE_CURVE('',#3907,#3909,#3911,.T.);
#3907 = VERTEX_POINT('',#3908);
#3908 = CARTESIAN_POINT('',(3.,19.5,24.5));
#3909 = VERTEX_POINT('',#3910);
#3910 = CARTESIAN_POINT('',(19.,19.5,24.5));
#3911 = SURFACE_CURVE('',#3912,(#3916,#3922),.PCURVE_S1.);
#3912 = LINE('',#3913,#3914);
#3913 = CARTESIAN_POINT('',(-14.75,19.5,24.5));
#3914 = VECTOR('',#3915,1.);
#3915 = DIRECTION('',(1.,0.,0.));
#3916 = PCURVE('',#618,#3917);
#3917 = DEFINITIONAL_REPRESENTATION('',(#3918),#3921);
#3918 = B_SPLINE_CURVE_WITH_KNOTS('',1,(#3919,#3920),.UNSPECIFIED.,.F.,
  .F.,(2,2),(17.75,33.75),.PIECEWISE_BEZIER_KNOTS.);
#3919 = CARTESIAN_POINT('',(24.5,35.5));
#3920 = CARTESIAN_POINT('',(24.5,51.5));
#3921 = ( GEOMETRIC_REPRESENTATION_CONTEXT(2) 
PARAMETRIC_REPRESENTATION_CONTEXT() REPRESENTATION_CONTEXT('2D SPACE',''
  ) );
#3922 = PCURVE('',#3923,#3928);
#3923 = PLANE('',#3924);
#3924 = AXIS2_PLACEMENT_3D('',#3925,#3926,#3927);
#3925 = CARTESIAN_POINT('',(3.,13.25,24.5));
#3926 = DIRECTION('',(0.,0.,1.));
#3927 = DIRECTION('',(1.,0.,0.));
#3928 = DEFINITIONAL_REPRESENTATION('',(#3929),#3932);
#3929 = B_SPLINE_CURVE_WITH_KNOTS('',1,(#3930,#3931),.UNSPECIFIED.,.F.,
  .F.,(2,2),(17.75,33.75),.PIECEWISE_BEZIER_KNOTS.);
#3930 = CARTESIAN_POINT('',(0.,6.25));
#3931 = CARTESIAN_POINT('',(16.,6.25));
#3932 = ( GEOMETRIC_REPRESENTATION_CONTEXT(2) 
PARAMETRIC_REPRESENTATION_CONTEXT() REPRESENTATION_CONTEXT('2D SPACE',''
  ) );
#3933 = ORIENTED_EDGE('',*,*,#3934,.T.);
#3934 = EDGE_CURVE('',#3907,#3935,#3937,.T.);
#3935 = VERTEX_POINT('',#3936);
#3936 = CARTESIAN_POINT('',(3.,19.5,22.));
#3937 = SURFACE_CURVE('',#3938,(#3942,#3948),.PCURVE_S1.);
#3938 = LINE('',#3939,#3940);
#3939 = CARTESIAN_POINT('',(3.,19.5,11.));
#3940 = VECTOR('',#3941,1.);
#3941 = DIRECTION('',(0.,0.,-1.));
#3942 = PCURVE('',#618,#3943);
#3943 = DEFINITIONAL_REPRESENTATION('',(#3944),#3947);
#3944 = B_SPLINE_CURVE_WITH_KNOTS('',1,(#3945,#3946),.UNSPECIFIED.,.F.,
  .F.,(2,2),(-13.5,-11.),.PIECEWISE_BEZIER_KNOTS.);
#3945 = CARTESIAN_POINT('',(24.5,35.5));
#3946 = CARTESIAN_POINT('',(22.,35.5));
#3947 = ( GEOMETRIC_REPRESENTATION_CONTEXT(2) 
PARAMETRIC_REPRESENTATION_CONTEXT() REPRESENTATION_CONTEXT('2D SPACE',''
  ) );
#3948 = PCURVE('',#3949,#3954);
#3949 = PLANE('',#3950);
#3950 = AXIS2_PLACEMENT_3D('',#3951,#3952,#3953);
#3951 = CARTESIAN_POINT('',(3.,13.25,22.));
#3952 = DIRECTION('',(1.,0.,0.));
#3953 = DIRECTION('',(0.,0.,1.));
#3954 = DEFINITIONAL_REPRESENTATION('',(#3955),#3958);
#3955 = B_SPLINE_CURVE_WITH_KNOTS('',1,(#3956,#3957),.UNSPECIFIED.,.F.,
  .F.,(2,2),(-13.5,-11.),.PIECEWISE_BEZIER_KNOTS.);
#3956 = CARTESIAN_POINT('',(2.5,-6.25));
#3957 = CARTESIAN_POINT('',(0.,-6.25));
#3958 = ( GEOMETRIC_REPRESENTATION_CONTEXT(2) 
PARAMETRIC_REPRESENTATION_CONTEXT() REPRESENTATION_CONTEXT('2D SPACE',''
  ) );
#3959 = ORIENTED_EDGE('',*,*,#3960,.T.);
#3960 = EDGE_CURVE('',#3935,#3961,#3963,.T.);
#3961 = VERTEX_POINT('',#3962);
#3962 = CARTESIAN_POINT('',(19.,19.5,22.));
#3963 = SURFACE_CURVE('',#3964,(#3968,#3974),.PCURVE_S1.);
#3964 = LINE('',#3965,#3966);
#3965 = CARTESIAN_POINT('',(-14.75,19.5,22.));
#3966 = VECTOR('',#3967,1.);
#3967 = DIRECTION('',(1.,0.,0.));
#3968 = PCURVE('',#618,#3969);
#3969 = DEFINITIONAL_REPRESENTATION('',(#3970),#3973);
#3970 = B_SPLINE_CURVE_WITH_KNOTS('',1,(#3971,#3972),.UNSPECIFIED.,.F.,
  .F.,(2,2),(17.75,33.75),.PIECEWISE_BEZIER_KNOTS.);
#3971 = CARTESIAN_POINT('',(22.,35.5));
#3972 = CARTESIAN_POINT('',(22.,51.5));
#3973 = ( GEOMETRIC_REPRESENTATION_CONTEXT(2) 
PARAMETRIC_REPRESENTATION_CONTEXT() REPRESENTATION_CONTEXT('2D SPACE',''
  ) );
#3974 = PCURVE('',#3975,#3980);
#3975 = PLANE('',#3976);
#3976 = AXIS2_PLACEMENT_3D('',#3977,#3978,#3979);
#3977 = CARTESIAN_POINT('',(3.,13.25,22.));
#3978 = DIRECTION('',(0.,0.,1.));
#3979 = DIRECTION('',(1.,0.,0.));
#3980 = DEFINITIONAL_REPRESENTATION('',(#3981),#3984);
#3981 = B_SPLINE_CURVE_WITH_KNOTS('',1,(#3982,#3983),.UNSPECIFIED.,.F.,
  .F.,(2,2),(17.75,33.75),.PIECEWISE_BEZIER_KNOTS.);
#3982 = CARTESIAN_POINT('',(0.,6.25));
#3983 = CARTESIAN_POINT('',(16.,6.25));
#3984 = ( GEOMETRIC_REPRESENTATION_CONTEXT(2) 
PARAMETRIC_REPRESENTATION_CONTEXT() REPRESENTATION_CONTEXT('2D SPACE',''
  ) );
#3985 = ORIENTED_EDGE('',*,*,#3986,.F.);
#3986 = EDGE_CURVE('',#3909,#3961,#3987,.T.);
#3987 = SURFACE_CURVE('',#3988,(#3992,#3998),.PCURVE_S1.);
#3988 = LINE('',#3989,#3990);
#3989 = CARTESIAN_POINT('',(19.,19.5,11.));
#3990 = VECTOR('',#3991,1.);
#3991 = DIRECTION('',(0.,0.,-1.));
#3992 = PCURVE('',#618,#3993);
#3993 = DEFINITIONAL_REPRESENTATION('',(#3994),#3997);
#3994 = B_SPLINE_CURVE_WITH_KNOTS('',1,(#3995,#3996),.UNSPECIFIED.,.F.,
  .F.,(2,2),(-13.5,-11.),.PIECEWISE_BEZIER_KNOTS.);
#3995 = CARTESIAN_POINT('',(24.5,51.5));
#3996 = CARTESIAN_POINT('',(22.,51.5));
#3997 = ( GEOMETRIC_REPRESENTATION_CONTEXT(2) 
PARAMETRIC_REPRESENTATION_CONTEXT() REPRESENTATION_CONTEXT('2D SPACE',''
  ) );
#3998 = PCURVE('',#3999,#4004);
#3999 = PLANE('',#4000);
#4000 = AXIS2_PLACEMENT_3D('',#4001,#4002,#4003);
#4001 = CARTESIAN_POINT('',(19.,13.25,22.));
#4002 = DIRECTION('',(1.,0.,0.));
#4003 = DIRECTION('',(0.,0.,1.));
#4004 = DEFINITIONAL_REPRESENTATION('',(#4005),#4008);
#4005 = B_SPLINE_CURVE_WITH_KNOTS('',1,(#4006,#4007),.UNSPECIFIED.,.F.,
  .F.,(2,2),(-13.5,-11.),.PIECEWISE_BEZIER_KNOTS.);
#4006 = CARTESIAN_POINT('',(2.5,-6.25));
#4007 = CARTESIAN_POINT('',(0.,-6.25));
#4008 = ( GEOMETRIC_REPRESENTATION_CONTEXT(2) 
PARAMETRIC_REPRESENTATION_CONTEXT() REPRESENTATION_CONTEXT('2D SPACE',''
  ) );
#4009 = ADVANCED_FACE('',(#4010),#533,.T.);
#4010 = FACE_BOUND('',#4011,.F.);
#4011 = EDGE_LOOP('',(#4012,#4013,#4014,#4015));
#4012 = ORIENTED_EDGE('',*,*,#1474,.T.);
#4013 = ORIENTED_EDGE('',*,*,#2690,.T.);
#4014 = ORIENTED_EDGE('',*,*,#512,.F.);
#4015 = ORIENTED_EDGE('',*,*,#4016,.F.);
#4016 = EDGE_CURVE('',#1475,#513,#4017,.T.);
#4017 = SURFACE_CURVE('',#4018,(#4022,#4029),.PCURVE_S1.);
#4018 = LINE('',#4019,#4020);
#4019 = CARTESIAN_POINT('',(32.5,-16.5,0.));
#4020 = VECTOR('',#4021,1.);
#4021 = DIRECTION('',(0.,0.,1.));
#4022 = PCURVE('',#533,#4023);
#4023 = DEFINITIONAL_REPRESENTATION('',(#4024),#4028);
#4024 = LINE('',#4025,#4026);
#4025 = CARTESIAN_POINT('',(-0.,0.));
#4026 = VECTOR('',#4027,1.);
#4027 = DIRECTION('',(-0.,1.));
#4028 = ( GEOMETRIC_REPRESENTATION_CONTEXT(2) 
PARAMETRIC_REPRESENTATION_CONTEXT() REPRESENTATION_CONTEXT('2D SPACE',''
  ) );
#4029 = PCURVE('',#561,#4030);
#4030 = DEFINITIONAL_REPRESENTATION('',(#4031),#4035);
#4031 = LINE('',#4032,#4033);
#4032 = CARTESIAN_POINT('',(0.,-3.));
#4033 = VECTOR('',#4034,1.);
#4034 = DIRECTION('',(1.,0.));
#4035 = ( GEOMETRIC_REPRESENTATION_CONTEXT(2) 
PARAMETRIC_REPRESENTATION_CONTEXT() REPRESENTATION_CONTEXT('2D SPACE',''
  ) );
#4036 = ADVANCED_FACE('',(#4037),#590,.T.);
#4037 = FACE_BOUND('',#4038,.T.);
#4038 = EDGE_LOOP('',(#4039,#4040,#4041,#4042));
#4039 = ORIENTED_EDGE('',*,*,#1525,.T.);
#4040 = ORIENTED_EDGE('',*,*,#3353,.T.);
#4041 = ORIENTED_EDGE('',*,*,#573,.F.);
#4042 = ORIENTED_EDGE('',*,*,#4043,.F.);
#4043 = EDGE_CURVE('',#1503,#546,#4044,.T.);
#4044 = SURFACE_CURVE('',#4045,(#4049,#4056),.PCURVE_S1.);
#4045 = LINE('',#4046,#4047);
#4046 = CARTESIAN_POINT('',(32.5,16.5,0.));
#4047 = VECTOR('',#4048,1.);
#4048 = DIRECTION('',(0.,0.,1.));
#4049 = PCURVE('',#590,#4050);
#4050 = DEFINITIONAL_REPRESENTATION('',(#4051),#4055);
#4051 = LINE('',#4052,#4053);
#4052 = CARTESIAN_POINT('',(0.,0.));
#4053 = VECTOR('',#4054,1.);
#4054 = DIRECTION('',(0.,1.));
#4055 = ( GEOMETRIC_REPRESENTATION_CONTEXT(2) 
PARAMETRIC_REPRESENTATION_CONTEXT() REPRESENTATION_CONTEXT('2D SPACE',''
  ) );
#4056 = PCURVE('',#561,#4057);
#4057 = DEFINITIONAL_REPRESENTATION('',(#4058),#4062);
#4058 = LINE('',#4059,#4060);
#4059 = CARTESIAN_POINT('',(0.,-36.));
#4060 = VECTOR('',#4061,1.);
#4061 = DIRECTION('',(1.,0.));
#4062 = ( GEOMETRIC_REPRESENTATION_CONTEXT(2) 
PARAMETRIC_REPRESENTATION_CONTEXT() REPRESENTATION_CONTEXT('2D SPACE',''
  ) );
#4063 = ADVANCED_FACE('',(#4064,#4070),#561,.T.);
#4064 = FACE_BOUND('',#4065,.T.);
#4065 = EDGE_LOOP('',(#4066,#4067,#4068,#4069));
#4066 = ORIENTED_EDGE('',*,*,#545,.F.);
#4067 = ORIENTED_EDGE('',*,*,#4016,.F.);
#4068 = ORIENTED_EDGE('',*,*,#1502,.T.);
#4069 = ORIENTED_EDGE('',*,*,#4043,.T.);
#4070 = FACE_BOUND('',#4071,.T.);
#4071 = EDGE_LOOP('',(#4072,#4100,#4126,#4152));
#4072 = ORIENTED_EDGE('',*,*,#4073,.T.);
#4073 = EDGE_CURVE('',#4074,#4076,#4078,.T.);
#4074 = VERTEX_POINT('',#4075);
#4075 = CARTESIAN_POINT('',(32.5,7.5,3.5));
#4076 = VERTEX_POINT('',#4077);
#4077 = CARTESIAN_POINT('',(32.5,-7.5,3.5));
#4078 = SURFACE_CURVE('',#4079,(#4083,#4089),.PCURVE_S1.);
#4079 = LINE('',#4080,#4081);
#4080 = CARTESIAN_POINT('',(32.5,-13.5,3.5));
#4081 = VECTOR('',#4082,1.);
#4082 = DIRECTION('',(0.,-1.,0.));
#4083 = PCURVE('',#561,#4084);
#4084 = DEFINITIONAL_REPRESENTATION('',(#4085),#4088);
#4085 = B_SPLINE_CURVE_WITH_KNOTS('',1,(#4086,#4087),.UNSPECIFIED.,.F.,
  .F.,(2,2),(-21.,-6.),.PIECEWISE_BEZIER_KNOTS.);
#4086 = CARTESIAN_POINT('',(3.5,-27.));
#4087 = CARTESIAN_POINT('',(3.5,-12.));
#4088 = ( GEOMETRIC_REPRESENTATION_CONTEXT(2) 
PARAMETRIC_REPRESENTATION_CONTEXT() REPRESENTATION_CONTEXT('2D SPACE',''
  ) );
#4089 = PCURVE('',#4090,#4095);
#4090 = PLANE('',#4091);
#4091 = AXIS2_PLACEMENT_3D('',#4092,#4093,#4094);
#4092 = CARTESIAN_POINT('',(26.25,-7.5,3.5));
#4093 = DIRECTION('',(0.,0.,1.));
#4094 = DIRECTION('',(1.,0.,0.));
#4095 = DEFINITIONAL_REPRESENTATION('',(#4096),#4099);
#4096 = B_SPLINE_CURVE_WITH_KNOTS('',1,(#4097,#4098),.UNSPECIFIED.,.F.,
  .F.,(2,2),(-21.,-6.),.PIECEWISE_BEZIER_KNOTS.);
#4097 = CARTESIAN_POINT('',(6.25,15.));
#4098 = CARTESIAN_POINT('',(6.25,0.));
#4099 = ( GEOMETRIC_REPRESENTATION_CONTEXT(2) 
PARAMETRIC_REPRESENTATION_CONTEXT() REPRESENTATION_CONTEXT('2D SPACE',''
  ) );
#4100 = ORIENTED_EDGE('',*,*,#4101,.T.);
#4101 = EDGE_CURVE('',#4076,#4102,#4104,.T.);
#4102 = VERTEX_POINT('',#4103);
#4103 = CARTESIAN_POINT('',(32.5,-7.5,12.5));
#4104 = SURFACE_CURVE('',#4105,(#4109,#4115),.PCURVE_S1.);
#4105 = LINE('',#4106,#4107);
#4106 = CARTESIAN_POINT('',(32.5,-7.5,1.75));
#4107 = VECTOR('',#4108,1.);
#4108 = DIRECTION('',(0.,0.,1.));
#4109 = PCURVE('',#561,#4110);
#4110 = DEFINITIONAL_REPRESENTATION('',(#4111),#4114);
#4111 = B_SPLINE_CURVE_WITH_KNOTS('',1,(#4112,#4113),.UNSPECIFIED.,.F.,
  .F.,(2,2),(1.75,10.75),.PIECEWISE_BEZIER_KNOTS.);
#4112 = CARTESIAN_POINT('',(3.5,-12.));
#4113 = CARTESIAN_POINT('',(12.5,-12.));
#4114 = ( GEOMETRIC_REPRESENTATION_CONTEXT(2) 
PARAMETRIC_REPRESENTATION_CONTEXT() REPRESENTATION_CONTEXT('2D SPACE',''
  ) );
#4115 = PCURVE('',#4116,#4121);
#4116 = PLANE('',#4117);
#4117 = AXIS2_PLACEMENT_3D('',#4118,#4119,#4120);
#4118 = CARTESIAN_POINT('',(26.25,-7.5,3.5));
#4119 = DIRECTION('',(0.,1.,0.));
#4120 = DIRECTION('',(0.,0.,1.));
#4121 = DEFINITIONAL_REPRESENTATION('',(#4122),#4125);
#4122 = B_SPLINE_CURVE_WITH_KNOTS('',1,(#4123,#4124),.UNSPECIFIED.,.F.,
  .F.,(2,2),(1.75,10.75),.PIECEWISE_BEZIER_KNOTS.);
#4123 = CARTESIAN_POINT('',(0.,6.25));
#4124 = CARTESIAN_POINT('',(9.,6.25));
#4125 = ( GEOMETRIC_REPRESENTATION_CONTEXT(2) 
PARAMETRIC_REPRESENTATION_CONTEXT() REPRESENTATION_CONTEXT('2D SPACE',''
  ) );
#4126 = ORIENTED_EDGE('',*,*,#4127,.F.);
#4127 = EDGE_CURVE('',#4128,#4102,#4130,.T.);
#4128 = VERTEX_POINT('',#4129);
#4129 = CARTESIAN_POINT('',(32.5,7.5,12.5));
#4130 = SURFACE_CURVE('',#4131,(#4135,#4141),.PCURVE_S1.);
#4131 = LINE('',#4132,#4133);
#4132 = CARTESIAN_POINT('',(32.5,-13.5,12.5));
#4133 = VECTOR('',#4134,1.);
#4134 = DIRECTION('',(0.,-1.,0.));
#4135 = PCURVE('',#561,#4136);
#4136 = DEFINITIONAL_REPRESENTATION('',(#4137),#4140);
#4137 = B_SPLINE_CURVE_WITH_KNOTS('',1,(#4138,#4139),.UNSPECIFIED.,.F.,
  .F.,(2,2),(-21.,-6.),.PIECEWISE_BEZIER_KNOTS.);
#4138 = CARTESIAN_POINT('',(12.5,-27.));
#4139 = CARTESIAN_POINT('',(12.5,-12.));
#4140 = ( GEOMETRIC_REPRESENTATION_CONTEXT(2) 
PARAMETRIC_REPRESENTATION_CONTEXT() REPRESENTATION_CONTEXT('2D SPACE',''
  ) );
#4141 = PCURVE('',#4142,#4147);
#4142 = PLANE('',#4143);
#4143 = AXIS2_PLACEMENT_3D('',#4144,#4145,#4146);
#4144 = CARTESIAN_POINT('',(26.25,-7.5,12.5));
#4145 = DIRECTION('',(0.,0.,1.));
#4146 = DIRECTION('',(1.,0.,0.));
#4147 = DEFINITIONAL_REPRESENTATION('',(#4148),#4151);
#4148 = B_SPLINE_CURVE_WITH_KNOTS('',1,(#4149,#4150),.UNSPECIFIED.,.F.,
  .F.,(2,2),(-21.,-6.),.PIECEWISE_BEZIER_KNOTS.);
#4149 = CARTESIAN_POINT('',(6.25,15.));
#4150 = CARTESIAN_POINT('',(6.25,0.));
#4151 = ( GEOMETRIC_REPRESENTATION_CONTEXT(2) 
PARAMETRIC_REPRESENTATION_CONTEXT() REPRESENTATION_CONTEXT('2D SPACE',''
  ) );
#4152 = ORIENTED_EDGE('',*,*,#4153,.F.);
#4153 = EDGE_CURVE('',#4074,#4128,#4154,.T.);
#4154 = SURFACE_CURVE('',#4155,(#4159,#4165),.PCURVE_S1.);
#4155 = LINE('',#4156,#4157);
#4156 = CARTESIAN_POINT('',(32.5,7.5,1.75));
#4157 = VECTOR('',#4158,1.);
#4158 = DIRECTION('',(0.,0.,1.));
#4159 = PCURVE('',#561,#4160);
#4160 = DEFINITIONAL_REPRESENTATION('',(#4161),#4164);
#4161 = B_SPLINE_CURVE_WITH_KNOTS('',1,(#4162,#4163),.UNSPECIFIED.,.F.,
  .F.,(2,2),(1.75,10.75),.PIECEWISE_BEZIER_KNOTS.);
#4162 = CARTESIAN_POINT('',(3.5,-27.));
#4163 = CARTESIAN_POINT('',(12.5,-27.));
#4164 = ( GEOMETRIC_REPRESENTATION_CONTEXT(2) 
PARAMETRIC_REPRESENTATION_CONTEXT() REPRESENTATION_CONTEXT('2D SPACE',''
  ) );
#4165 = PCURVE('',#4166,#4171);
#4166 = PLANE('',#4167);
#4167 = AXIS2_PLACEMENT_3D('',#4168,#4169,#4170);
#4168 = CARTESIAN_POINT('',(26.25,7.5,3.5));
#4169 = DIRECTION('',(0.,1.,0.));
#4170 = DIRECTION('',(0.,0.,1.));
#4171 = DEFINITIONAL_REPRESENTATION('',(#4172),#4175);
#4172 = B_SPLINE_CURVE_WITH_KNOTS('',1,(#4173,#4174),.UNSPECIFIED.,.F.,
  .F.,(2,2),(1.75,10.75),.PIECEWISE_BEZIER_KNOTS.);
#4173 = CARTESIAN_POINT('',(0.,6.25));
#4174 = CARTESIAN_POINT('',(9.,6.25));
#4175 = ( GEOMETRIC_REPRESENTATION_CONTEXT(2) 
PARAMETRIC_REPRESENTATION_CONTEXT() REPRESENTATION_CONTEXT('2D SPACE',''
  ) );
#4176 = ADVANCED_FACE('',(#4177),#675,.F.);
#4177 = FACE_BOUND('',#4178,.T.);
#4178 = EDGE_LOOP('',(#4179,#4202,#4203,#4204));
#4179 = ORIENTED_EDGE('',*,*,#4180,.T.);
#4180 = EDGE_CURVE('',#4181,#659,#4183,.T.);
#4181 = VERTEX_POINT('',#4182);
#4182 = CARTESIAN_POINT('',(-24.75,-13.75,3.));
#4183 = SEAM_CURVE('',#4184,(#4188,#4195),.PCURVE_S1.);
#4184 = LINE('',#4185,#4186);
#4185 = CARTESIAN_POINT('',(-24.75,-13.75,3.));
#4186 = VECTOR('',#4187,1.);
#4187 = DIRECTION('',(0.,0.,1.));
#4188 = PCURVE('',#675,#4189);
#4189 = DEFINITIONAL_REPRESENTATION('',(#4190),#4194);
#4190 = LINE('',#4191,#4192);
#4191 = CARTESIAN_POINT('',(-0.,0.));
#4192 = VECTOR('',#4193,1.);
#4193 = DIRECTION('',(-0.,-1.));
#4194 = ( GEOMETRIC_REPRESENTATION_CONTEXT(2) 
PARAMETRIC_REPRESENTATION_CONTEXT() REPRESENTATION_CONTEXT('2D SPACE',''
  ) );
#4195 = PCURVE('',#675,#4196);
#4196 = DEFINITIONAL_REPRESENTATION('',(#4197),#4201);
#4197 = LINE('',#4198,#4199);
#4198 = CARTESIAN_POINT('',(-6.28318530718,0.));
#4199 = VECTOR('',#4200,1.);
#4200 = DIRECTION('',(-0.,-1.));
#4201 = ( GEOMETRIC_REPRESENTATION_CONTEXT(2) 
PARAMETRIC_REPRESENTATION_CONTEXT() REPRESENTATION_CONTEXT('2D SPACE',''
  ) );
#4202 = ORIENTED_EDGE('',*,*,#658,.T.);
#4203 = ORIENTED_EDGE('',*,*,#4180,.F.);
#4204 = ORIENTED_EDGE('',*,*,#4205,.F.);
#4205 = EDGE_CURVE('',#4181,#4181,#4206,.T.);
#4206 = SURFACE_CURVE('',#4207,(#4212,#4219),.PCURVE_S1.);
#4207 = CIRCLE('',#4208,1.75);
#4208 = AXIS2_PLACEMENT_3D('',#4209,#4210,#4211);
#4209 = CARTESIAN_POINT('',(-26.5,-13.75,3.));
#4210 = DIRECTION('',(0.,0.,1.));
#4211 = DIRECTION('',(1.,0.,0.));
#4212 = PCURVE('',#675,#4213);
#4213 = DEFINITIONAL_REPRESENTATION('',(#4214),#4218);
#4214 = LINE('',#4215,#4216);
#4215 = CARTESIAN_POINT('',(-0.,0.));
#4216 = VECTOR('',#4217,1.);
#4217 = DIRECTION('',(-1.,0.));
#4218 = ( GEOMETRIC_REPRESENTATION_CONTEXT(2) 
PARAMETRIC_REPRESENTATION_CONTEXT() REPRESENTATION_CONTEXT('2D SPACE',''
  ) );
#4219 = PCURVE('',#4220,#4225);
#4220 = PLANE('',#4221);
#4221 = AXIS2_PLACEMENT_3D('',#4222,#4223,#4224);
#4222 = CARTESIAN_POINT('',(-26.5,-13.75,3.));
#4223 = DIRECTION('',(0.,0.,1.));
#4224 = DIRECTION('',(1.,0.,-0.));
#4225 = DEFINITIONAL_REPRESENTATION('',(#4226),#4230);
#4226 = CIRCLE('',#4227,1.75);
#4227 = AXIS2_PLACEMENT_2D('',#4228,#4229);
#4228 = CARTESIAN_POINT('',(0.,0.));
#4229 = DIRECTION('',(1.,0.));
#4230 = ( GEOMETRIC_REPRESENTATION_CONTEXT(2) 
PARAMETRIC_REPRESENTATION_CONTEXT() REPRESENTATION_CONTEXT('2D SPACE',''
  ) );
#4231 = ADVANCED_FACE('',(#4232),#706,.F.);
#4232 = FACE_BOUND('',#4233,.T.);
#4233 = EDGE_LOOP('',(#4234,#4257,#4258,#4259));
#4234 = ORIENTED_EDGE('',*,*,#4235,.T.);
#4235 = EDGE_CURVE('',#4236,#690,#4238,.T.);
#4236 = VERTEX_POINT('',#4237);
#4237 = CARTESIAN_POINT('',(28.25,-13.75,3.));
#4238 = SEAM_CURVE('',#4239,(#4243,#4250),.PCURVE_S1.);
#4239 = LINE('',#4240,#4241);
#4240 = CARTESIAN_POINT('',(28.25,-13.75,3.));
#4241 = VECTOR('',#4242,1.);
#4242 = DIRECTION('',(0.,0.,1.));
#4243 = PCURVE('',#706,#4244);
#4244 = DEFINITIONAL_REPRESENTATION('',(#4245),#4249);
#4245 = LINE('',#4246,#4247);
#4246 = CARTESIAN_POINT('',(-0.,0.));
#4247 = VECTOR('',#4248,1.);
#4248 = DIRECTION('',(-0.,-1.));
#4249 = ( GEOMETRIC_REPRESENTATION_CONTEXT(2) 
PARAMETRIC_REPRESENTATION_CONTEXT() REPRESENTATION_CONTEXT('2D SPACE',''
  ) );
#4250 = PCURVE('',#706,#4251);
#4251 = DEFINITIONAL_REPRESENTATION('',(#4252),#4256);
#4252 = LINE('',#4253,#4254);
#4253 = CARTESIAN_POINT('',(-6.28318530718,0.));
#4254 = VECTOR('',#4255,1.);
#4255 = DIRECTION('',(-0.,-1.));
#4256 = ( GEOMETRIC_REPRESENTATION_CONTEXT(2) 
PARAMETRIC_REPRESENTATION_CONTEXT() REPRESENTATION_CONTEXT('2D SPACE',''
  ) );
#4257 = ORIENTED_EDGE('',*,*,#689,.T.);
#4258 = ORIENTED_EDGE('',*,*,#4235,.F.);
#4259 = ORIENTED_EDGE('',*,*,#4260,.F.);
#4260 = EDGE_CURVE('',#4236,#4236,#4261,.T.);
#4261 = SURFACE_CURVE('',#4262,(#4267,#4274),.PCURVE_S1.);
#4262 = CIRCLE('',#4263,1.75);
#4263 = AXIS2_PLACEMENT_3D('',#4264,#4265,#4266);
#4264 = CARTESIAN_POINT('',(26.5,-13.75,3.));
#4265 = DIRECTION('',(0.,0.,1.));
#4266 = DIRECTION('',(1.,0.,0.));
#4267 = PCURVE('',#706,#4268);
#4268 = DEFINITIONAL_REPRESENTATION('',(#4269),#4273);
#4269 = LINE('',#4270,#4271);
#4270 = CARTESIAN_POINT('',(-0.,0.));
#4271 = VECTOR('',#4272,1.);
#4272 = DIRECTION('',(-1.,0.));
#4273 = ( GEOMETRIC_REPRESENTATION_CONTEXT(2) 
PARAMETRIC_REPRESENTATION_CONTEXT() REPRESENTATION_CONTEXT('2D SPACE',''
  ) );
#4274 = PCURVE('',#4275,#4280);
#4275 = PLANE('',#4276);
#4276 = AXIS2_PLACEMENT_3D('',#4277,#4278,#4279);
#4277 = CARTESIAN_POINT('',(26.5,-13.75,3.));
#4278 = DIRECTION('',(0.,0.,1.));
#4279 = DIRECTION('',(1.,0.,-0.));
#4280 = DEFINITIONAL_REPRESENTATION('',(#4281),#4285);
#4281 = CIRCLE('',#4282,1.75);
#4282 = AXIS2_PLACEMENT_2D('',#4283,#4284);
#4283 = CARTESIAN_POINT('',(0.,0.));
#4284 = DIRECTION('',(1.,0.));
#4285 = ( GEOMETRIC_REPRESENTATION_CONTEXT(2) 
PARAMETRIC_REPRESENTATION_CONTEXT() REPRESENTATION_CONTEXT('2D SPACE',''
  ) );
#4286 = ADVANCED_FACE('',(#4287),#737,.F.);
#4287 = FACE_BOUND('',#4288,.T.);
#4288 = EDGE_LOOP('',(#4289,#4312,#4313,#4314));
#4289 = ORIENTED_EDGE('',*,*,#4290,.T.);
#4290 = EDGE_CURVE('',#4291,#721,#4293,.T.);
#4291 = VERTEX_POINT('',#4292);
#4292 = CARTESIAN_POINT('',(-24.75,13.75,3.));
#4293 = SEAM_CURVE('',#4294,(#4298,#4305),.PCURVE_S1.);
#4294 = LINE('',#4295,#4296);
#4295 = CARTESIAN_POINT('',(-24.75,13.75,3.));
#4296 = VECTOR('',#4297,1.);
#4297 = DIRECTION('',(0.,0.,1.));
#4298 = PCURVE('',#737,#4299);
#4299 = DEFINITIONAL_REPRESENTATION('',(#4300),#4304);
#4300 = LINE('',#4301,#4302);
#4301 = CARTESIAN_POINT('',(-0.,0.));
#4302 = VECTOR('',#4303,1.);
#4303 = DIRECTION('',(-0.,-1.));
#4304 = ( GEOMETRIC_REPRESENTATION_CONTEXT(2) 
PARAMETRIC_REPRESENTATION_CONTEXT() REPRESENTATION_CONTEXT('2D SPACE',''
  ) );
#4305 = PCURVE('',#737,#4306);
#4306 = DEFINITIONAL_REPRESENTATION('',(#4307),#4311);
#4307 = LINE('',#4308,#4309);
#4308 = CARTESIAN_POINT('',(-6.28318530718,0.));
#4309 = VECTOR('',#4310,1.);
#4310 = DIRECTION('',(-0.,-1.));
#4311 = ( GEOMETRIC_REPRESENTATION_CONTEXT(2) 
PARAMETRIC_REPRESENTATION_CONTEXT() REPRESENTATION_CONTEXT('2D SPACE',''
  ) );
#4312 = ORIENTED_EDGE('',*,*,#720,.T.);
#4313 = ORIENTED_EDGE('',*,*,#4290,.F.);
#4314 = ORIENTED_EDGE('',*,*,#4315,.F.);
#4315 = EDGE_CURVE('',#4291,#4291,#4316,.T.);
#4316 = SURFACE_CURVE('',#4317,(#4322,#4329),.PCURVE_S1.);
#4317 = CIRCLE('',#4318,1.75);
#4318 = AXIS2_PLACEMENT_3D('',#4319,#4320,#4321);
#4319 = CARTESIAN_POINT('',(-26.5,13.75,3.));
#4320 = DIRECTION('',(0.,0.,1.));
#4321 = DIRECTION('',(1.,0.,0.));
#4322 = PCURVE('',#737,#4323);
#4323 = DEFINITIONAL_REPRESENTATION('',(#4324),#4328);
#4324 = LINE('',#4325,#4326);
#4325 = CARTESIAN_POINT('',(-0.,0.));
#4326 = VECTOR('',#4327,1.);
#4327 = DIRECTION('',(-1.,0.));
#4328 = ( GEOMETRIC_REPRESENTATION_CONTEXT(2) 
PARAMETRIC_REPRESENTATION_CONTEXT() REPRESENTATION_CONTEXT('2D SPACE',''
  ) );
#4329 = PCURVE('',#4330,#4335);
#4330 = PLANE('',#4331);
#4331 = AXIS2_PLACEMENT_3D('',#4332,#4333,#4334);
#4332 = CARTESIAN_POINT('',(-26.5,13.75,3.));
#4333 = DIRECTION('',(0.,0.,1.));
#4334 = DIRECTION('',(1.,0.,-0.));
#4335 = DEFINITIONAL_REPRESENTATION('',(#4336),#4340);
#4336 = CIRCLE('',#4337,1.75);
#4337 = AXIS2_PLACEMENT_2D('',#4338,#4339);
#4338 = CARTESIAN_POINT('',(0.,0.));
#4339 = DIRECTION('',(1.,0.));
#4340 = ( GEOMETRIC_REPRESENTATION_CONTEXT(2) 
PARAMETRIC_REPRESENTATION_CONTEXT() REPRESENTATION_CONTEXT('2D SPACE',''
  ) );
#4341 = ADVANCED_FACE('',(#4342,#4415,#4501,#4587),#769,.T.);
#4342 = FACE_BOUND('',#4343,.T.);
#4343 = EDGE_LOOP('',(#4344,#4374,#4393,#4394));
#4344 = ORIENTED_EDGE('',*,*,#4345,.F.);
#4345 = EDGE_CURVE('',#4346,#4348,#4350,.T.);
#4346 = VERTEX_POINT('',#4347);
#4347 = CARTESIAN_POINT('',(-22.5,-17.,3.));
#4348 = VERTEX_POINT('',#4349);
#4349 = CARTESIAN_POINT('',(-8.,-17.,3.));
#4350 = SURFACE_CURVE('',#4351,(#4355,#4362),.PCURVE_S1.);
#4351 = LINE('',#4352,#4353);
#4352 = CARTESIAN_POINT('',(-30.,-17.,3.));
#4353 = VECTOR('',#4354,1.);
#4354 = DIRECTION('',(1.,0.,0.));
#4355 = PCURVE('',#769,#4356);
#4356 = DEFINITIONAL_REPRESENTATION('',(#4357),#4361);
#4357 = LINE('',#4358,#4359);
#4358 = CARTESIAN_POINT('',(0.,0.));
#4359 = VECTOR('',#4360,1.);
#4360 = DIRECTION('',(0.,1.));
#4361 = ( GEOMETRIC_REPRESENTATION_CONTEXT(2) 
PARAMETRIC_REPRESENTATION_CONTEXT() REPRESENTATION_CONTEXT('2D SPACE',''
  ) );
#4362 = PCURVE('',#4363,#4368);
#4363 = PLANE('',#4364);
#4364 = AXIS2_PLACEMENT_3D('',#4365,#4366,#4367);
#4365 = CARTESIAN_POINT('',(-30.,-17.,3.));
#4366 = DIRECTION('',(0.,0.,1.));
#4367 = DIRECTION('',(1.,0.,0.));
#4368 = DEFINITIONAL_REPRESENTATION('',(#4369),#4373);
#4369 = LINE('',#4370,#4371);
#4370 = CARTESIAN_POINT('',(0.,0.));
#4371 = VECTOR('',#4372,1.);
#4372 = DIRECTION('',(1.,0.));
#4373 = ( GEOMETRIC_REPRESENTATION_CONTEXT(2) 
PARAMETRIC_REPRESENTATION_CONTEXT() REPRESENTATION_CONTEXT('2D SPACE',''
  ) );
#4374 = ORIENTED_EDGE('',*,*,#4375,.F.);
#4375 = EDGE_CURVE('',#752,#4346,#4376,.T.);
#4376 = SURFACE_CURVE('',#4377,(#4381,#4387),.PCURVE_S1.);
#4377 = LINE('',#4378,#4379);
#4378 = CARTESIAN_POINT('',(-22.5,-17.,3.));
#4379 = VECTOR('',#4380,1.);
#4380 = DIRECTION('',(0.,0.,-1.));
#4381 = PCURVE('',#769,#4382);
#4382 = DEFINITIONAL_REPRESENTATION('',(#4383),#4386);
#4383 = B_SPLINE_CURVE_WITH_KNOTS('',1,(#4384,#4385),.UNSPECIFIED.,.F.,
  .F.,(2,2),(-24.,0.),.PIECEWISE_BEZIER_KNOTS.);
#4384 = CARTESIAN_POINT('',(24.,7.5));
#4385 = CARTESIAN_POINT('',(0.,7.5));
#4386 = ( GEOMETRIC_REPRESENTATION_CONTEXT(2) 
PARAMETRIC_REPRESENTATION_CONTEXT() REPRESENTATION_CONTEXT('2D SPACE',''
  ) );
#4387 = PCURVE('',#797,#4388);
#4388 = DEFINITIONAL_REPRESENTATION('',(#4389),#4392);
#4389 = B_SPLINE_CURVE_WITH_KNOTS('',1,(#4390,#4391),.UNSPECIFIED.,.F.,
  .F.,(2,2),(-24.,0.),.PIECEWISE_BEZIER_KNOTS.);
#4390 = CARTESIAN_POINT('',(24.,-0.75));
#4391 = CARTESIAN_POINT('',(0.,-0.75));
#4392 = ( GEOMETRIC_REPRESENTATION_CONTEXT(2) 
PARAMETRIC_REPRESENTATION_CONTEXT() REPRESENTATION_CONTEXT('2D SPACE',''
  ) );
#4393 = ORIENTED_EDGE('',*,*,#751,.T.);
#4394 = ORIENTED_EDGE('',*,*,#4395,.F.);
#4395 = EDGE_CURVE('',#4348,#754,#4396,.T.);
#4396 = SURFACE_CURVE('',#4397,(#4401,#4408),.PCURVE_S1.);
#4397 = LINE('',#4398,#4399);
#4398 = CARTESIAN_POINT('',(-8.,-17.,3.));
#4399 = VECTOR('',#4400,1.);
#4400 = DIRECTION('',(0.,0.,1.));
#4401 = PCURVE('',#769,#4402);
#4402 = DEFINITIONAL_REPRESENTATION('',(#4403),#4407);
#4403 = LINE('',#4404,#4405);
#4404 = CARTESIAN_POINT('',(0.,22.));
#4405 = VECTOR('',#4406,1.);
#4406 = DIRECTION('',(1.,0.));
#4407 = ( GEOMETRIC_REPRESENTATION_CONTEXT(2) 
PARAMETRIC_REPRESENTATION_CONTEXT() REPRESENTATION_CONTEXT('2D SPACE',''
  ) );
#4408 = PCURVE('',#1299,#4409);
#4409 = DEFINITIONAL_REPRESENTATION('',(#4410),#4414);
#4410 = LINE('',#4411,#4412);
#4411 = CARTESIAN_POINT('',(0.,0.));
#4412 = VECTOR('',#4413,1.);
#4413 = DIRECTION('',(1.,0.));
#4414 = ( GEOMETRIC_REPRESENTATION_CONTEXT(2) 
PARAMETRIC_REPRESENTATION_CONTEXT() REPRESENTATION_CONTEXT('2D SPACE',''
  ) );
#4415 = FACE_BOUND('',#4416,.T.);
#4416 = EDGE_LOOP('',(#4417,#4440,#4461,#4482));
#4417 = ORIENTED_EDGE('',*,*,#4418,.F.);
#4418 = EDGE_CURVE('',#4419,#4421,#4423,.T.);
#4419 = VERTEX_POINT('',#4420);
#4420 = CARTESIAN_POINT('',(-21.,-17.,11.5));
#4421 = VERTEX_POINT('',#4422);
#4422 = CARTESIAN_POINT('',(-13.,-17.,11.5));
#4423 = SURFACE_CURVE('',#4424,(#4428,#4434),.PCURVE_S1.);
#4424 = LINE('',#4425,#4426);
#4425 = CARTESIAN_POINT('',(-25.5,-17.,11.5));
#4426 = VECTOR('',#4427,1.);
#4427 = DIRECTION('',(1.,0.,0.));
#4428 = PCURVE('',#769,#4429);
#4429 = DEFINITIONAL_REPRESENTATION('',(#4430),#4433);
#4430 = B_SPLINE_CURVE_WITH_KNOTS('',1,(#4431,#4432),.UNSPECIFIED.,.F.,
  .F.,(2,2),(4.5,12.5),.PIECEWISE_BEZIER_KNOTS.);
#4431 = CARTESIAN_POINT('',(8.5,9.));
#4432 = CARTESIAN_POINT('',(8.5,17.));
#4433 = ( GEOMETRIC_REPRESENTATION_CONTEXT(2) 
PARAMETRIC_REPRESENTATION_CONTEXT() REPRESENTATION_CONTEXT('2D SPACE',''
  ) );
#4434 = PCURVE('',#2730,#4435);
#4435 = DEFINITIONAL_REPRESENTATION('',(#4436),#4439);
#4436 = B_SPLINE_CURVE_WITH_KNOTS('',1,(#4437,#4438),.UNSPECIFIED.,.F.,
  .F.,(2,2),(4.5,12.5),.PIECEWISE_BEZIER_KNOTS.);
#4437 = CARTESIAN_POINT('',(0.,3.75));
#4438 = CARTESIAN_POINT('',(8.,3.75));
#4439 = ( GEOMETRIC_REPRESENTATION_CONTEXT(2) 
PARAMETRIC_REPRESENTATION_CONTEXT() REPRESENTATION_CONTEXT('2D SPACE',''
  ) );
#4440 = ORIENTED_EDGE('',*,*,#4441,.T.);
#4441 = EDGE_CURVE('',#4419,#4442,#4444,.T.);
#4442 = VERTEX_POINT('',#4443);
#4443 = CARTESIAN_POINT('',(-21.,-17.,9.));
#4444 = SURFACE_CURVE('',#4445,(#4449,#4455),.PCURVE_S1.);
#4445 = LINE('',#4446,#4447);
#4446 = CARTESIAN_POINT('',(-21.,-17.,6.));
#4447 = VECTOR('',#4448,1.);
#4448 = DIRECTION('',(0.,0.,-1.));
#4449 = PCURVE('',#769,#4450);
#4450 = DEFINITIONAL_REPRESENTATION('',(#4451),#4454);
#4451 = B_SPLINE_CURVE_WITH_KNOTS('',1,(#4452,#4453),.UNSPECIFIED.,.F.,
  .F.,(2,2),(-5.5,-3.),.PIECEWISE_BEZIER_KNOTS.);
#4452 = CARTESIAN_POINT('',(8.5,9.));
#4453 = CARTESIAN_POINT('',(6.,9.));
#4454 = ( GEOMETRIC_REPRESENTATION_CONTEXT(2) 
PARAMETRIC_REPRESENTATION_CONTEXT() REPRESENTATION_CONTEXT('2D SPACE',''
  ) );
#4455 = PCURVE('',#2756,#4456);
#4456 = DEFINITIONAL_REPRESENTATION('',(#4457),#4460);
#4457 = B_SPLINE_CURVE_WITH_KNOTS('',1,(#4458,#4459),.UNSPECIFIED.,.F.,
  .F.,(2,2),(-5.5,-3.),.PIECEWISE_BEZIER_KNOTS.);
#4458 = CARTESIAN_POINT('',(2.5,-3.75));
#4459 = CARTESIAN_POINT('',(0.,-3.75));
#4460 = ( GEOMETRIC_REPRESENTATION_CONTEXT(2) 
PARAMETRIC_REPRESENTATION_CONTEXT() REPRESENTATION_CONTEXT('2D SPACE',''
  ) );
#4461 = ORIENTED_EDGE('',*,*,#4462,.T.);
#4462 = EDGE_CURVE('',#4442,#4463,#4465,.T.);
#4463 = VERTEX_POINT('',#4464);
#4464 = CARTESIAN_POINT('',(-13.,-17.,9.));
#4465 = SURFACE_CURVE('',#4466,(#4470,#4476),.PCURVE_S1.);
#4466 = LINE('',#4467,#4468);
#4467 = CARTESIAN_POINT('',(-25.5,-17.,9.));
#4468 = VECTOR('',#4469,1.);
#4469 = DIRECTION('',(1.,0.,0.));
#4470 = PCURVE('',#769,#4471);
#4471 = DEFINITIONAL_REPRESENTATION('',(#4472),#4475);
#4472 = B_SPLINE_CURVE_WITH_KNOTS('',1,(#4473,#4474),.UNSPECIFIED.,.F.,
  .F.,(2,2),(4.5,12.5),.PIECEWISE_BEZIER_KNOTS.);
#4473 = CARTESIAN_POINT('',(6.,9.));
#4474 = CARTESIAN_POINT('',(6.,17.));
#4475 = ( GEOMETRIC_REPRESENTATION_CONTEXT(2) 
PARAMETRIC_REPRESENTATION_CONTEXT() REPRESENTATION_CONTEXT('2D SPACE',''
  ) );
#4476 = PCURVE('',#2782,#4477);
#4477 = DEFINITIONAL_REPRESENTATION('',(#4478),#4481);
#4478 = B_SPLINE_CURVE_WITH_KNOTS('',1,(#4479,#4480),.UNSPECIFIED.,.F.,
  .F.,(2,2),(4.5,12.5),.PIECEWISE_BEZIER_KNOTS.);
#4479 = CARTESIAN_POINT('',(0.,3.75));
#4480 = CARTESIAN_POINT('',(8.,3.75));
#4481 = ( GEOMETRIC_REPRESENTATION_CONTEXT(2) 
PARAMETRIC_REPRESENTATION_CONTEXT() REPRESENTATION_CONTEXT('2D SPACE',''
  ) );
#4482 = ORIENTED_EDGE('',*,*,#4483,.F.);
#4483 = EDGE_CURVE('',#4421,#4463,#4484,.T.);
#4484 = SURFACE_CURVE('',#4485,(#4489,#4495),.PCURVE_S1.);
#4485 = LINE('',#4486,#4487);
#4486 = CARTESIAN_POINT('',(-13.,-17.,6.));
#4487 = VECTOR('',#4488,1.);
#4488 = DIRECTION('',(0.,0.,-1.));
#4489 = PCURVE('',#769,#4490);
#4490 = DEFINITIONAL_REPRESENTATION('',(#4491),#4494);
#4491 = B_SPLINE_CURVE_WITH_KNOTS('',1,(#4492,#4493),.UNSPECIFIED.,.F.,
  .F.,(2,2),(-5.5,-3.),.PIECEWISE_BEZIER_KNOTS.);
#4492 = CARTESIAN_POINT('',(8.5,17.));
#4493 = CARTESIAN_POINT('',(6.,17.));
#4494 = ( GEOMETRIC_REPRESENTATION_CONTEXT(2) 
PARAMETRIC_REPRESENTATION_CONTEXT() REPRESENTATION_CONTEXT('2D SPACE',''
  ) );
#4495 = PCURVE('',#2806,#4496);
#4496 = DEFINITIONAL_REPRESENTATION('',(#4497),#4500);
#4497 = B_SPLINE_CURVE_WITH_KNOTS('',1,(#4498,#4499),.UNSPECIFIED.,.F.,
  .F.,(2,2),(-5.5,-3.),.PIECEWISE_BEZIER_KNOTS.);
#4498 = CARTESIAN_POINT('',(2.5,-3.75));
#4499 = CARTESIAN_POINT('',(0.,-3.75));
#4500 = ( GEOMETRIC_REPRESENTATION_CONTEXT(2) 
PARAMETRIC_REPRESENTATION_CONTEXT() REPRESENTATION_CONTEXT('2D SPACE',''
  ) );
#4501 = FACE_BOUND('',#4502,.T.);
#4502 = EDGE_LOOP('',(#4503,#4526,#4547,#4568));
#4503 = ORIENTED_EDGE('',*,*,#4504,.F.);
#4504 = EDGE_CURVE('',#4505,#4507,#4509,.T.);
#4505 = VERTEX_POINT('',#4506);
#4506 = CARTESIAN_POINT('',(-21.,-17.,16.5));
#4507 = VERTEX_POINT('',#4508);
#4508 = CARTESIAN_POINT('',(-13.,-17.,16.5));
#4509 = SURFACE_CURVE('',#4510,(#4514,#4520),.PCURVE_S1.);
#4510 = LINE('',#4511,#4512);
#4511 = CARTESIAN_POINT('',(-25.5,-17.,16.5));
#4512 = VECTOR('',#4513,1.);
#4513 = DIRECTION('',(1.,0.,0.));
#4514 = PCURVE('',#769,#4515);
#4515 = DEFINITIONAL_REPRESENTATION('',(#4516),#4519);
#4516 = B_SPLINE_CURVE_WITH_KNOTS('',1,(#4517,#4518),.UNSPECIFIED.,.F.,
  .F.,(2,2),(4.5,12.5),.PIECEWISE_BEZIER_KNOTS.);
#4517 = CARTESIAN_POINT('',(13.5,9.));
#4518 = CARTESIAN_POINT('',(13.5,17.));
#4519 = ( GEOMETRIC_REPRESENTATION_CONTEXT(2) 
PARAMETRIC_REPRESENTATION_CONTEXT() REPRESENTATION_CONTEXT('2D SPACE',''
  ) );
#4520 = PCURVE('',#2836,#4521);
#4521 = DEFINITIONAL_REPRESENTATION('',(#4522),#4525);
#4522 = B_SPLINE_CURVE_WITH_KNOTS('',1,(#4523,#4524),.UNSPECIFIED.,.F.,
  .F.,(2,2),(4.5,12.5),.PIECEWISE_BEZIER_KNOTS.);
#4523 = CARTESIAN_POINT('',(0.,3.75));
#4524 = CARTESIAN_POINT('',(8.,3.75));
#4525 = ( GEOMETRIC_REPRESENTATION_CONTEXT(2) 
PARAMETRIC_REPRESENTATION_CONTEXT() REPRESENTATION_CONTEXT('2D SPACE',''
  ) );
#4526 = ORIENTED_EDGE('',*,*,#4527,.T.);
#4527 = EDGE_CURVE('',#4505,#4528,#4530,.T.);
#4528 = VERTEX_POINT('',#4529);
#4529 = CARTESIAN_POINT('',(-21.,-17.,14.));
#4530 = SURFACE_CURVE('',#4531,(#4535,#4541),.PCURVE_S1.);
#4531 = LINE('',#4532,#4533);
#4532 = CARTESIAN_POINT('',(-21.,-17.,8.5));
#4533 = VECTOR('',#4534,1.);
#4534 = DIRECTION('',(0.,0.,-1.));
#4535 = PCURVE('',#769,#4536);
#4536 = DEFINITIONAL_REPRESENTATION('',(#4537),#4540);
#4537 = B_SPLINE_CURVE_WITH_KNOTS('',1,(#4538,#4539),.UNSPECIFIED.,.F.,
  .F.,(2,2),(-8.,-5.5),.PIECEWISE_BEZIER_KNOTS.);
#4538 = CARTESIAN_POINT('',(13.5,9.));
#4539 = CARTESIAN_POINT('',(11.,9.));
#4540 = ( GEOMETRIC_REPRESENTATION_CONTEXT(2) 
PARAMETRIC_REPRESENTATION_CONTEXT() REPRESENTATION_CONTEXT('2D SPACE',''
  ) );
#4541 = PCURVE('',#2862,#4542);
#4542 = DEFINITIONAL_REPRESENTATION('',(#4543),#4546);
#4543 = B_SPLINE_CURVE_WITH_KNOTS('',1,(#4544,#4545),.UNSPECIFIED.,.F.,
  .F.,(2,2),(-8.,-5.5),.PIECEWISE_BEZIER_KNOTS.);
#4544 = CARTESIAN_POINT('',(2.5,-3.75));
#4545 = CARTESIAN_POINT('',(0.,-3.75));
#4546 = ( GEOMETRIC_REPRESENTATION_CONTEXT(2) 
PARAMETRIC_REPRESENTATION_CONTEXT() REPRESENTATION_CONTEXT('2D SPACE',''
  ) );
#4547 = ORIENTED_EDGE('',*,*,#4548,.T.);
#4548 = EDGE_CURVE('',#4528,#4549,#4551,.T.);
#4549 = VERTEX_POINT('',#4550);
#4550 = CARTESIAN_POINT('',(-13.,-17.,14.));
#4551 = SURFACE_CURVE('',#4552,(#4556,#4562),.PCURVE_S1.);
#4552 = LINE('',#4553,#4554);
#4553 = CARTESIAN_POINT('',(-25.5,-17.,14.));
#4554 = VECTOR('',#4555,1.);
#4555 = DIRECTION('',(1.,0.,0.));
#4556 = PCURVE('',#769,#4557);
#4557 = DEFINITIONAL_REPRESENTATION('',(#4558),#4561);
#4558 = B_SPLINE_CURVE_WITH_KNOTS('',1,(#4559,#4560),.UNSPECIFIED.,.F.,
  .F.,(2,2),(4.5,12.5),.PIECEWISE_BEZIER_KNOTS.);
#4559 = CARTESIAN_POINT('',(11.,9.));
#4560 = CARTESIAN_POINT('',(11.,17.));
#4561 = ( GEOMETRIC_REPRESENTATION_CONTEXT(2) 
PARAMETRIC_REPRESENTATION_CONTEXT() REPRESENTATION_CONTEXT('2D SPACE',''
  ) );
#4562 = PCURVE('',#2888,#4563);
#4563 = DEFINITIONAL_REPRESENTATION('',(#4564),#4567);
#4564 = B_SPLINE_CURVE_WITH_KNOTS('',1,(#4565,#4566),.UNSPECIFIED.,.F.,
  .F.,(2,2),(4.5,12.5),.PIECEWISE_BEZIER_KNOTS.);
#4565 = CARTESIAN_POINT('',(0.,3.75));
#4566 = CARTESIAN_POINT('',(8.,3.75));
#4567 = ( GEOMETRIC_REPRESENTATION_CONTEXT(2) 
PARAMETRIC_REPRESENTATION_CONTEXT() REPRESENTATION_CONTEXT('2D SPACE',''
  ) );
#4568 = ORIENTED_EDGE('',*,*,#4569,.F.);
#4569 = EDGE_CURVE('',#4507,#4549,#4570,.T.);
#4570 = SURFACE_CURVE('',#4571,(#4575,#4581),.PCURVE_S1.);
#4571 = LINE('',#4572,#4573);
#4572 = CARTESIAN_POINT('',(-13.,-17.,8.5));
#4573 = VECTOR('',#4574,1.);
#4574 = DIRECTION('',(0.,0.,-1.));
#4575 = PCURVE('',#769,#4576);
#4576 = DEFINITIONAL_REPRESENTATION('',(#4577),#4580);
#4577 = B_SPLINE_CURVE_WITH_KNOTS('',1,(#4578,#4579),.UNSPECIFIED.,.F.,
  .F.,(2,2),(-8.,-5.5),.PIECEWISE_BEZIER_KNOTS.);
#4578 = CARTESIAN_POINT('',(13.5,17.));
#4579 = CARTESIAN_POINT('',(11.,17.));
#4580 = ( GEOMETRIC_REPRESENTATION_CONTEXT(2) 
PARAMETRIC_REPRESENTATION_CONTEXT() REPRESENTATION_CONTEXT('2D SPACE',''
  ) );
#4581 = PCURVE('',#2912,#4582);
#4582 = DEFINITIONAL_REPRESENTATION('',(#4583),#4586);
#4583 = B_SPLINE_CURVE_WITH_KNOTS('',1,(#4584,#4585),.UNSPECIFIED.,.F.,
  .F.,(2,2),(-8.,-5.5),.PIECEWISE_BEZIER_KNOTS.);
#4584 = CARTESIAN_POINT('',(2.5,-3.75));
#4585 = CARTESIAN_POINT('',(0.,-3.75));
#4586 = ( GEOMETRIC_REPRESENTATION_CONTEXT(2) 
PARAMETRIC_REPRESENTATION_CONTEXT() REPRESENTATION_CONTEXT('2D SPACE',''
  ) );
#4587 = FACE_BOUND('',#4588,.T.);
#4588 = EDGE_LOOP('',(#4589,#4612,#4633,#4654));
#4589 = ORIENTED_EDGE('',*,*,#4590,.F.);
#4590 = EDGE_CURVE('',#4591,#4593,#4595,.T.);
#4591 = VERTEX_POINT('',#4592);
#4592 = CARTESIAN_POINT('',(-21.,-17.,21.5));
#4593 = VERTEX_POINT('',#4594);
#4594 = CARTESIAN_POINT('',(-13.,-17.,21.5));
#4595 = SURFACE_CURVE('',#4596,(#4600,#4606),.PCURVE_S1.);
#4596 = LINE('',#4597,#4598);
#4597 = CARTESIAN_POINT('',(-25.5,-17.,21.5));
#4598 = VECTOR('',#4599,1.);
#4599 = DIRECTION('',(1.,0.,0.));
#4600 = PCURVE('',#769,#4601);
#4601 = DEFINITIONAL_REPRESENTATION('',(#4602),#4605);
#4602 = B_SPLINE_CURVE_WITH_KNOTS('',1,(#4603,#4604),.UNSPECIFIED.,.F.,
  .F.,(2,2),(4.5,12.5),.PIECEWISE_BEZIER_KNOTS.);
#4603 = CARTESIAN_POINT('',(18.5,9.));
#4604 = CARTESIAN_POINT('',(18.5,17.));
#4605 = ( GEOMETRIC_REPRESENTATION_CONTEXT(2) 
PARAMETRIC_REPRESENTATION_CONTEXT() REPRESENTATION_CONTEXT('2D SPACE',''
  ) );
#4606 = PCURVE('',#2942,#4607);
#4607 = DEFINITIONAL_REPRESENTATION('',(#4608),#4611);
#4608 = B_SPLINE_CURVE_WITH_KNOTS('',1,(#4609,#4610),.UNSPECIFIED.,.F.,
  .F.,(2,2),(4.5,12.5),.PIECEWISE_BEZIER_KNOTS.);
#4609 = CARTESIAN_POINT('',(0.,3.75));
#4610 = CARTESIAN_POINT('',(8.,3.75));
#4611 = ( GEOMETRIC_REPRESENTATION_CONTEXT(2) 
PARAMETRIC_REPRESENTATION_CONTEXT() REPRESENTATION_CONTEXT('2D SPACE',''
  ) );
#4612 = ORIENTED_EDGE('',*,*,#4613,.T.);
#4613 = EDGE_CURVE('',#4591,#4614,#4616,.T.);
#4614 = VERTEX_POINT('',#4615);
#4615 = CARTESIAN_POINT('',(-21.,-17.,19.));
#4616 = SURFACE_CURVE('',#4617,(#4621,#4627),.PCURVE_S1.);
#4617 = LINE('',#4618,#4619);
#4618 = CARTESIAN_POINT('',(-21.,-17.,11.));
#4619 = VECTOR('',#4620,1.);
#4620 = DIRECTION('',(0.,0.,-1.));
#4621 = PCURVE('',#769,#4622);
#4622 = DEFINITIONAL_REPRESENTATION('',(#4623),#4626);
#4623 = B_SPLINE_CURVE_WITH_KNOTS('',1,(#4624,#4625),.UNSPECIFIED.,.F.,
  .F.,(2,2),(-10.5,-8.),.PIECEWISE_BEZIER_KNOTS.);
#4624 = CARTESIAN_POINT('',(18.5,9.));
#4625 = CARTESIAN_POINT('',(16.,9.));
#4626 = ( GEOMETRIC_REPRESENTATION_CONTEXT(2) 
PARAMETRIC_REPRESENTATION_CONTEXT() REPRESENTATION_CONTEXT('2D SPACE',''
  ) );
#4627 = PCURVE('',#2968,#4628);
#4628 = DEFINITIONAL_REPRESENTATION('',(#4629),#4632);
#4629 = B_SPLINE_CURVE_WITH_KNOTS('',1,(#4630,#4631),.UNSPECIFIED.,.F.,
  .F.,(2,2),(-10.5,-8.),.PIECEWISE_BEZIER_KNOTS.);
#4630 = CARTESIAN_POINT('',(2.5,-3.75));
#4631 = CARTESIAN_POINT('',(0.,-3.75));
#4632 = ( GEOMETRIC_REPRESENTATION_CONTEXT(2) 
PARAMETRIC_REPRESENTATION_CONTEXT() REPRESENTATION_CONTEXT('2D SPACE',''
  ) );
#4633 = ORIENTED_EDGE('',*,*,#4634,.T.);
#4634 = EDGE_CURVE('',#4614,#4635,#4637,.T.);
#4635 = VERTEX_POINT('',#4636);
#4636 = CARTESIAN_POINT('',(-13.,-17.,19.));
#4637 = SURFACE_CURVE('',#4638,(#4642,#4648),.PCURVE_S1.);
#4638 = LINE('',#4639,#4640);
#4639 = CARTESIAN_POINT('',(-25.5,-17.,19.));
#4640 = VECTOR('',#4641,1.);
#4641 = DIRECTION('',(1.,0.,0.));
#4642 = PCURVE('',#769,#4643);
#4643 = DEFINITIONAL_REPRESENTATION('',(#4644),#4647);
#4644 = B_SPLINE_CURVE_WITH_KNOTS('',1,(#4645,#4646),.UNSPECIFIED.,.F.,
  .F.,(2,2),(4.5,12.5),.PIECEWISE_BEZIER_KNOTS.);
#4645 = CARTESIAN_POINT('',(16.,9.));
#4646 = CARTESIAN_POINT('',(16.,17.));
#4647 = ( GEOMETRIC_REPRESENTATION_CONTEXT(2) 
PARAMETRIC_REPRESENTATION_CONTEXT() REPRESENTATION_CONTEXT('2D SPACE',''
  ) );
#4648 = PCURVE('',#2994,#4649);
#4649 = DEFINITIONAL_REPRESENTATION('',(#4650),#4653);
#4650 = B_SPLINE_CURVE_WITH_KNOTS('',1,(#4651,#4652),.UNSPECIFIED.,.F.,
  .F.,(2,2),(4.5,12.5),.PIECEWISE_BEZIER_KNOTS.);
#4651 = CARTESIAN_POINT('',(0.,3.75));
#4652 = CARTESIAN_POINT('',(8.,3.75));
#4653 = ( GEOMETRIC_REPRESENTATION_CONTEXT(2) 
PARAMETRIC_REPRESENTATION_CONTEXT() REPRESENTATION_CONTEXT('2D SPACE',''
  ) );
#4654 = ORIENTED_EDGE('',*,*,#4655,.F.);
#4655 = EDGE_CURVE('',#4593,#4635,#4656,.T.);
#4656 = SURFACE_CURVE('',#4657,(#4661,#4667),.PCURVE_S1.);
#4657 = LINE('',#4658,#4659);
#4658 = CARTESIAN_POINT('',(-13.,-17.,11.));
#4659 = VECTOR('',#4660,1.);
#4660 = DIRECTION('',(0.,0.,-1.));
#4661 = PCURVE('',#769,#4662);
#4662 = DEFINITIONAL_REPRESENTATION('',(#4663),#4666);
#4663 = B_SPLINE_CURVE_WITH_KNOTS('',1,(#4664,#4665),.UNSPECIFIED.,.F.,
  .F.,(2,2),(-10.5,-8.),.PIECEWISE_BEZIER_KNOTS.);
#4664 = CARTESIAN_POINT('',(18.5,17.));
#4665 = CARTESIAN_POINT('',(16.,17.));
#4666 = ( GEOMETRIC_REPRESENTATION_CONTEXT(2) 
PARAMETRIC_REPRESENTATION_CONTEXT() REPRESENTATION_CONTEXT('2D SPACE',''
  ) );
#4667 = PCURVE('',#3018,#4668);
#4668 = DEFINITIONAL_REPRESENTATION('',(#4669),#4672);
#4669 = B_SPLINE_CURVE_WITH_KNOTS('',1,(#4670,#4671),.UNSPECIFIED.,.F.,
  .F.,(2,2),(-10.5,-8.),.PIECEWISE_BEZIER_KNOTS.);
#4670 = CARTESIAN_POINT('',(2.5,-3.75));
#4671 = CARTESIAN_POINT('',(0.,-3.75));
#4672 = ( GEOMETRIC_REPRESENTATION_CONTEXT(2) 
PARAMETRIC_REPRESENTATION_CONTEXT() REPRESENTATION_CONTEXT('2D SPACE',''
  ) );
#4673 = ADVANCED_FACE('',(#4674),#797,.T.);
#4674 = FACE_BOUND('',#4675,.T.);
#4675 = EDGE_LOOP('',(#4676,#4677,#4678,#4701));
#4676 = ORIENTED_EDGE('',*,*,#781,.F.);
#4677 = ORIENTED_EDGE('',*,*,#4375,.T.);
#4678 = ORIENTED_EDGE('',*,*,#4679,.T.);
#4679 = EDGE_CURVE('',#4346,#4680,#4682,.T.);
#4680 = VERTEX_POINT('',#4681);
#4681 = CARTESIAN_POINT('',(-22.5,-9.75,3.));
#4682 = SURFACE_CURVE('',#4683,(#4687,#4694),.PCURVE_S1.);
#4683 = LINE('',#4684,#4685);
#4684 = CARTESIAN_POINT('',(-22.5,-17.75,3.));
#4685 = VECTOR('',#4686,1.);
#4686 = DIRECTION('',(0.,1.,0.));
#4687 = PCURVE('',#797,#4688);
#4688 = DEFINITIONAL_REPRESENTATION('',(#4689),#4693);
#4689 = LINE('',#4690,#4691);
#4690 = CARTESIAN_POINT('',(0.,0.));
#4691 = VECTOR('',#4692,1.);
#4692 = DIRECTION('',(0.,-1.));
#4693 = ( GEOMETRIC_REPRESENTATION_CONTEXT(2) 
PARAMETRIC_REPRESENTATION_CONTEXT() REPRESENTATION_CONTEXT('2D SPACE',''
  ) );
#4694 = PCURVE('',#4363,#4695);
#4695 = DEFINITIONAL_REPRESENTATION('',(#4696),#4700);
#4696 = LINE('',#4697,#4698);
#4697 = CARTESIAN_POINT('',(7.5,-0.75));
#4698 = VECTOR('',#4699,1.);
#4699 = DIRECTION('',(0.,1.));
#4700 = ( GEOMETRIC_REPRESENTATION_CONTEXT(2) 
PARAMETRIC_REPRESENTATION_CONTEXT() REPRESENTATION_CONTEXT('2D SPACE',''
  ) );
#4701 = ORIENTED_EDGE('',*,*,#4702,.T.);
#4702 = EDGE_CURVE('',#4680,#782,#4703,.T.);
#4703 = SURFACE_CURVE('',#4704,(#4708,#4715),.PCURVE_S1.);
#4704 = LINE('',#4705,#4706);
#4705 = CARTESIAN_POINT('',(-22.5,-9.75,3.));
#4706 = VECTOR('',#4707,1.);
#4707 = DIRECTION('',(0.,0.,1.));
#4708 = PCURVE('',#797,#4709);
#4709 = DEFINITIONAL_REPRESENTATION('',(#4710),#4714);
#4710 = LINE('',#4711,#4712);
#4711 = CARTESIAN_POINT('',(0.,-8.));
#4712 = VECTOR('',#4713,1.);
#4713 = DIRECTION('',(1.,0.));
#4714 = ( GEOMETRIC_REPRESENTATION_CONTEXT(2) 
PARAMETRIC_REPRESENTATION_CONTEXT() REPRESENTATION_CONTEXT('2D SPACE',''
  ) );
#4715 = PCURVE('',#825,#4716);
#4716 = DEFINITIONAL_REPRESENTATION('',(#4717),#4721);
#4717 = LINE('',#4718,#4719);
#4718 = CARTESIAN_POINT('',(0.,8.));
#4719 = VECTOR('',#4720,1.);
#4720 = DIRECTION('',(1.,0.));
#4721 = ( GEOMETRIC_REPRESENTATION_CONTEXT(2) 
PARAMETRIC_REPRESENTATION_CONTEXT() REPRESENTATION_CONTEXT('2D SPACE',''
  ) );
#4722 = ADVANCED_FACE('',(#4723),#1299,.F.);
#4723 = FACE_BOUND('',#4724,.F.);
#4724 = EDGE_LOOP('',(#4725,#4726,#4727,#4750));
#4725 = ORIENTED_EDGE('',*,*,#1285,.F.);
#4726 = ORIENTED_EDGE('',*,*,#4395,.F.);
#4727 = ORIENTED_EDGE('',*,*,#4728,.T.);
#4728 = EDGE_CURVE('',#4348,#4729,#4731,.T.);
#4729 = VERTEX_POINT('',#4730);
#4730 = CARTESIAN_POINT('',(-8.,-3.5,3.));
#4731 = SURFACE_CURVE('',#4732,(#4736,#4743),.PCURVE_S1.);
#4732 = LINE('',#4733,#4734);
#4733 = CARTESIAN_POINT('',(-8.,-17.,3.));
#4734 = VECTOR('',#4735,1.);
#4735 = DIRECTION('',(0.,1.,0.));
#4736 = PCURVE('',#1299,#4737);
#4737 = DEFINITIONAL_REPRESENTATION('',(#4738),#4742);
#4738 = LINE('',#4739,#4740);
#4739 = CARTESIAN_POINT('',(0.,0.));
#4740 = VECTOR('',#4741,1.);
#4741 = DIRECTION('',(0.,-1.));
#4742 = ( GEOMETRIC_REPRESENTATION_CONTEXT(2) 
PARAMETRIC_REPRESENTATION_CONTEXT() REPRESENTATION_CONTEXT('2D SPACE',''
  ) );
#4743 = PCURVE('',#4363,#4744);
#4744 = DEFINITIONAL_REPRESENTATION('',(#4745),#4749);
#4745 = LINE('',#4746,#4747);
#4746 = CARTESIAN_POINT('',(22.,0.));
#4747 = VECTOR('',#4748,1.);
#4748 = DIRECTION('',(0.,1.));
#4749 = ( GEOMETRIC_REPRESENTATION_CONTEXT(2) 
PARAMETRIC_REPRESENTATION_CONTEXT() REPRESENTATION_CONTEXT('2D SPACE',''
  ) );
#4750 = ORIENTED_EDGE('',*,*,#4751,.T.);
#4751 = EDGE_CURVE('',#4729,#1258,#4752,.T.);
#4752 = SURFACE_CURVE('',#4753,(#4757,#4763),.PCURVE_S1.);
#4753 = LINE('',#4754,#4755);
#4754 = CARTESIAN_POINT('',(-8.,-3.5,3.));
#4755 = VECTOR('',#4756,1.);
#4756 = DIRECTION('',(0.,0.,1.));
#4757 = PCURVE('',#1299,#4758);
#4758 = DEFINITIONAL_REPRESENTATION('',(#4759),#4762);
#4759 = B_SPLINE_CURVE_WITH_KNOTS('',1,(#4760,#4761),.UNSPECIFIED.,.F.,
  .F.,(2,2),(0.,24.),.PIECEWISE_BEZIER_KNOTS.);
#4760 = CARTESIAN_POINT('',(0.,-13.5));
#4761 = CARTESIAN_POINT('',(24.,-13.5));
#4762 = ( GEOMETRIC_REPRESENTATION_CONTEXT(2) 
PARAMETRIC_REPRESENTATION_CONTEXT() REPRESENTATION_CONTEXT('2D SPACE',''
  ) );
#4763 = PCURVE('',#1273,#4764);
#4764 = DEFINITIONAL_REPRESENTATION('',(#4765),#4768);
#4765 = B_SPLINE_CURVE_WITH_KNOTS('',1,(#4766,#4767),.UNSPECIFIED.,.F.,
  .F.,(2,2),(0.,24.),.PIECEWISE_BEZIER_KNOTS.);
#4766 = CARTESIAN_POINT('',(0.,2.));
#4767 = CARTESIAN_POINT('',(24.,2.));
#4768 = ( GEOMETRIC_REPRESENTATION_CONTEXT(2) 
PARAMETRIC_REPRESENTATION_CONTEXT() REPRESENTATION_CONTEXT('2D SPACE',''
  ) );
#4769 = ADVANCED_FACE('',(#4770),#825,.T.);
#4770 = FACE_BOUND('',#4771,.T.);
#4771 = EDGE_LOOP('',(#4772,#4795,#4814,#4815,#4836,#4837,#4856,#4857,
    #4878,#4879,#4898,#4899,#4920,#4921,#4940,#4941));
#4772 = ORIENTED_EDGE('',*,*,#4773,.F.);
#4773 = EDGE_CURVE('',#4774,#4680,#4776,.T.);
#4774 = VERTEX_POINT('',#4775);
#4775 = CARTESIAN_POINT('',(-30.,-9.75,3.));
#4776 = SURFACE_CURVE('',#4777,(#4781,#4788),.PCURVE_S1.);
#4777 = LINE('',#4778,#4779);
#4778 = CARTESIAN_POINT('',(-30.5,-9.75,3.));
#4779 = VECTOR('',#4780,1.);
#4780 = DIRECTION('',(1.,0.,0.));
#4781 = PCURVE('',#825,#4782);
#4782 = DEFINITIONAL_REPRESENTATION('',(#4783),#4787);
#4783 = LINE('',#4784,#4785);
#4784 = CARTESIAN_POINT('',(0.,0.));
#4785 = VECTOR('',#4786,1.);
#4786 = DIRECTION('',(0.,1.));
#4787 = ( GEOMETRIC_REPRESENTATION_CONTEXT(2) 
PARAMETRIC_REPRESENTATION_CONTEXT() REPRESENTATION_CONTEXT('2D SPACE',''
  ) );
#4788 = PCURVE('',#4363,#4789);
#4789 = DEFINITIONAL_REPRESENTATION('',(#4790),#4794);
#4790 = LINE('',#4791,#4792);
#4791 = CARTESIAN_POINT('',(-0.5,7.25));
#4792 = VECTOR('',#4793,1.);
#4793 = DIRECTION('',(1.,0.));
#4794 = ( GEOMETRIC_REPRESENTATION_CONTEXT(2) 
PARAMETRIC_REPRESENTATION_CONTEXT() REPRESENTATION_CONTEXT('2D SPACE',''
  ) );
#4795 = ORIENTED_EDGE('',*,*,#4796,.T.);
#4796 = EDGE_CURVE('',#4774,#1648,#4797,.T.);
#4797 = SURFACE_CURVE('',#4798,(#4802,#4808),.PCURVE_S1.);
#4798 = LINE('',#4799,#4800);
#4799 = CARTESIAN_POINT('',(-30.,-9.75,3.));
#4800 = VECTOR('',#4801,1.);
#4801 = DIRECTION('',(0.,0.,1.));
#4802 = PCURVE('',#825,#4803);
#4803 = DEFINITIONAL_REPRESENTATION('',(#4804),#4807);
#4804 = B_SPLINE_CURVE_WITH_KNOTS('',1,(#4805,#4806),.UNSPECIFIED.,.F.,
  .F.,(2,2),(0.,24.),.PIECEWISE_BEZIER_KNOTS.);
#4805 = CARTESIAN_POINT('',(0.,0.5));
#4806 = CARTESIAN_POINT('',(24.,0.5));
#4807 = ( GEOMETRIC_REPRESENTATION_CONTEXT(2) 
PARAMETRIC_REPRESENTATION_CONTEXT() REPRESENTATION_CONTEXT('2D SPACE',''
  ) );
#4808 = PCURVE('',#1683,#4809);
#4809 = DEFINITIONAL_REPRESENTATION('',(#4810),#4813);
#4810 = B_SPLINE_CURVE_WITH_KNOTS('',1,(#4811,#4812),.UNSPECIFIED.,.F.,
  .F.,(2,2),(0.,24.),.PIECEWISE_BEZIER_KNOTS.);
#4811 = CARTESIAN_POINT('',(0.,-7.25));
#4812 = CARTESIAN_POINT('',(24.,-7.25));
#4813 = ( GEOMETRIC_REPRESENTATION_CONTEXT(2) 
PARAMETRIC_REPRESENTATION_CONTEXT() REPRESENTATION_CONTEXT('2D SPACE',''
  ) );
#4814 = ORIENTED_EDGE('',*,*,#1647,.T.);
#4815 = ORIENTED_EDGE('',*,*,#4816,.T.);
#4816 = EDGE_CURVE('',#1622,#1840,#4817,.T.);
#4817 = SURFACE_CURVE('',#4818,(#4822,#4829),.PCURVE_S1.);
#4818 = LINE('',#4819,#4820);
#4819 = CARTESIAN_POINT('',(-30.5,-9.75,3.));
#4820 = VECTOR('',#4821,1.);
#4821 = DIRECTION('',(0.,0.,1.));
#4822 = PCURVE('',#825,#4823);
#4823 = DEFINITIONAL_REPRESENTATION('',(#4824),#4828);
#4824 = LINE('',#4825,#4826);
#4825 = CARTESIAN_POINT('',(0.,0.));
#4826 = VECTOR('',#4827,1.);
#4827 = DIRECTION('',(1.,0.));
#4828 = ( GEOMETRIC_REPRESENTATION_CONTEXT(2) 
PARAMETRIC_REPRESENTATION_CONTEXT() REPRESENTATION_CONTEXT('2D SPACE',''
  ) );
#4829 = PCURVE('',#1636,#4830);
#4830 = DEFINITIONAL_REPRESENTATION('',(#4831),#4835);
#4831 = LINE('',#4832,#4833);
#4832 = CARTESIAN_POINT('',(0.,-8.));
#4833 = VECTOR('',#4834,1.);
#4834 = DIRECTION('',(1.,0.));
#4835 = ( GEOMETRIC_REPRESENTATION_CONTEXT(2) 
PARAMETRIC_REPRESENTATION_CONTEXT() REPRESENTATION_CONTEXT('2D SPACE',''
  ) );
#4836 = ORIENTED_EDGE('',*,*,#1860,.F.);
#4837 = ORIENTED_EDGE('',*,*,#4838,.T.);
#4838 = EDGE_CURVE('',#1861,#2024,#4839,.T.);
#4839 = SURFACE_CURVE('',#4840,(#4844,#4850),.PCURVE_S1.);
#4840 = LINE('',#4841,#4842);
#4841 = CARTESIAN_POINT('',(-30.,-9.75,3.));
#4842 = VECTOR('',#4843,1.);
#4843 = DIRECTION('',(0.,0.,1.));
#4844 = PCURVE('',#825,#4845);
#4845 = DEFINITIONAL_REPRESENTATION('',(#4846),#4849);
#4846 = B_SPLINE_CURVE_WITH_KNOTS('',1,(#4847,#4848),.UNSPECIFIED.,.F.,
  .F.,(2,2),(0.,24.),.PIECEWISE_BEZIER_KNOTS.);
#4847 = CARTESIAN_POINT('',(0.,0.5));
#4848 = CARTESIAN_POINT('',(24.,0.5));
#4849 = ( GEOMETRIC_REPRESENTATION_CONTEXT(2) 
PARAMETRIC_REPRESENTATION_CONTEXT() REPRESENTATION_CONTEXT('2D SPACE',''
  ) );
#4850 = PCURVE('',#1896,#4851);
#4851 = DEFINITIONAL_REPRESENTATION('',(#4852),#4855);
#4852 = B_SPLINE_CURVE_WITH_KNOTS('',1,(#4853,#4854),.UNSPECIFIED.,.F.,
  .F.,(2,2),(0.,24.),.PIECEWISE_BEZIER_KNOTS.);
#4853 = CARTESIAN_POINT('',(0.,-7.25));
#4854 = CARTESIAN_POINT('',(24.,-7.25));
#4855 = ( GEOMETRIC_REPRESENTATION_CONTEXT(2) 
PARAMETRIC_REPRESENTATION_CONTEXT() REPRESENTATION_CONTEXT('2D SPACE',''
  ) );
#4856 = ORIENTED_EDGE('',*,*,#2023,.T.);
#4857 = ORIENTED_EDGE('',*,*,#4858,.T.);
#4858 = EDGE_CURVE('',#1998,#2211,#4859,.T.);
#4859 = SURFACE_CURVE('',#4860,(#4864,#4871),.PCURVE_S1.);
#4860 = LINE('',#4861,#4862);
#4861 = CARTESIAN_POINT('',(-30.5,-9.75,3.));
#4862 = VECTOR('',#4863,1.);
#4863 = DIRECTION('',(0.,0.,1.));
#4864 = PCURVE('',#825,#4865);
#4865 = DEFINITIONAL_REPRESENTATION('',(#4866),#4870);
#4866 = LINE('',#4867,#4868);
#4867 = CARTESIAN_POINT('',(0.,0.));
#4868 = VECTOR('',#4869,1.);
#4869 = DIRECTION('',(1.,0.));
#4870 = ( GEOMETRIC_REPRESENTATION_CONTEXT(2) 
PARAMETRIC_REPRESENTATION_CONTEXT() REPRESENTATION_CONTEXT('2D SPACE',''
  ) );
#4871 = PCURVE('',#2012,#4872);
#4872 = DEFINITIONAL_REPRESENTATION('',(#4873),#4877);
#4873 = LINE('',#4874,#4875);
#4874 = CARTESIAN_POINT('',(0.,-8.));
#4875 = VECTOR('',#4876,1.);
#4876 = DIRECTION('',(1.,0.));
#4877 = ( GEOMETRIC_REPRESENTATION_CONTEXT(2) 
PARAMETRIC_REPRESENTATION_CONTEXT() REPRESENTATION_CONTEXT('2D SPACE',''
  ) );
#4878 = ORIENTED_EDGE('',*,*,#2231,.F.);
#4879 = ORIENTED_EDGE('',*,*,#4880,.T.);
#4880 = EDGE_CURVE('',#2232,#2395,#4881,.T.);
#4881 = SURFACE_CURVE('',#4882,(#4886,#4892),.PCURVE_S1.);
#4882 = LINE('',#4883,#4884);
#4883 = CARTESIAN_POINT('',(-30.,-9.75,3.));
#4884 = VECTOR('',#4885,1.);
#4885 = DIRECTION('',(0.,0.,1.));
#4886 = PCURVE('',#825,#4887);
#4887 = DEFINITIONAL_REPRESENTATION('',(#4888),#4891);
#4888 = B_SPLINE_CURVE_WITH_KNOTS('',1,(#4889,#4890),.UNSPECIFIED.,.F.,
  .F.,(2,2),(0.,24.),.PIECEWISE_BEZIER_KNOTS.);
#4889 = CARTESIAN_POINT('',(0.,0.5));
#4890 = CARTESIAN_POINT('',(24.,0.5));
#4891 = ( GEOMETRIC_REPRESENTATION_CONTEXT(2) 
PARAMETRIC_REPRESENTATION_CONTEXT() REPRESENTATION_CONTEXT('2D SPACE',''
  ) );
#4892 = PCURVE('',#2267,#4893);
#4893 = DEFINITIONAL_REPRESENTATION('',(#4894),#4897);
#4894 = B_SPLINE_CURVE_WITH_KNOTS('',1,(#4895,#4896),.UNSPECIFIED.,.F.,
  .F.,(2,2),(0.,24.),.PIECEWISE_BEZIER_KNOTS.);
#4895 = CARTESIAN_POINT('',(0.,-7.25));
#4896 = CARTESIAN_POINT('',(24.,-7.25));
#4897 = ( GEOMETRIC_REPRESENTATION_CONTEXT(2) 
PARAMETRIC_REPRESENTATION_CONTEXT() REPRESENTATION_CONTEXT('2D SPACE',''
  ) );
#4898 = ORIENTED_EDGE('',*,*,#2394,.T.);
#4899 = ORIENTED_EDGE('',*,*,#4900,.T.);
#4900 = EDGE_CURVE('',#2369,#2557,#4901,.T.);
#4901 = SURFACE_CURVE('',#4902,(#4906,#4913),.PCURVE_S1.);
#4902 = LINE('',#4903,#4904);
#4903 = CARTESIAN_POINT('',(-30.5,-9.75,3.));
#4904 = VECTOR('',#4905,1.);
#4905 = DIRECTION('',(0.,0.,1.));
#4906 = PCURVE('',#825,#4907);
#4907 = DEFINITIONAL_REPRESENTATION('',(#4908),#4912);
#4908 = LINE('',#4909,#4910);
#4909 = CARTESIAN_POINT('',(0.,0.));
#4910 = VECTOR('',#4911,1.);
#4911 = DIRECTION('',(1.,0.));
#4912 = ( GEOMETRIC_REPRESENTATION_CONTEXT(2) 
PARAMETRIC_REPRESENTATION_CONTEXT() REPRESENTATION_CONTEXT('2D SPACE',''
  ) );
#4913 = PCURVE('',#2383,#4914);
#4914 = DEFINITIONAL_REPRESENTATION('',(#4915),#4919);
#4915 = LINE('',#4916,#4917);
#4916 = CARTESIAN_POINT('',(0.,-8.));
#4917 = VECTOR('',#4918,1.);
#4918 = DIRECTION('',(1.,0.));
#4919 = ( GEOMETRIC_REPRESENTATION_CONTEXT(2) 
PARAMETRIC_REPRESENTATION_CONTEXT() REPRESENTATION_CONTEXT('2D SPACE',''
  ) );
#4920 = ORIENTED_EDGE('',*,*,#2577,.F.);
#4921 = ORIENTED_EDGE('',*,*,#4922,.T.);
#4922 = EDGE_CURVE('',#2578,#810,#4923,.T.);
#4923 = SURFACE_CURVE('',#4924,(#4928,#4934),.PCURVE_S1.);
#4924 = LINE('',#4925,#4926);
#4925 = CARTESIAN_POINT('',(-30.,-9.75,3.));
#4926 = VECTOR('',#4927,1.);
#4927 = DIRECTION('',(0.,0.,1.));
#4928 = PCURVE('',#825,#4929);
#4929 = DEFINITIONAL_REPRESENTATION('',(#4930),#4933);
#4930 = B_SPLINE_CURVE_WITH_KNOTS('',1,(#4931,#4932),.UNSPECIFIED.,.F.,
  .F.,(2,2),(0.,24.),.PIECEWISE_BEZIER_KNOTS.);
#4931 = CARTESIAN_POINT('',(0.,0.5));
#4932 = CARTESIAN_POINT('',(24.,0.5));
#4933 = ( GEOMETRIC_REPRESENTATION_CONTEXT(2) 
PARAMETRIC_REPRESENTATION_CONTEXT() REPRESENTATION_CONTEXT('2D SPACE',''
  ) );
#4934 = PCURVE('',#853,#4935);
#4935 = DEFINITIONAL_REPRESENTATION('',(#4936),#4939);
#4936 = B_SPLINE_CURVE_WITH_KNOTS('',1,(#4937,#4938),.UNSPECIFIED.,.F.,
  .F.,(2,2),(0.,24.),.PIECEWISE_BEZIER_KNOTS.);
#4937 = CARTESIAN_POINT('',(0.,-7.25));
#4938 = CARTESIAN_POINT('',(24.,-7.25));
#4939 = ( GEOMETRIC_REPRESENTATION_CONTEXT(2) 
PARAMETRIC_REPRESENTATION_CONTEXT() REPRESENTATION_CONTEXT('2D SPACE',''
  ) );
#4940 = ORIENTED_EDGE('',*,*,#809,.T.);
#4941 = ORIENTED_EDGE('',*,*,#4702,.F.);
#4942 = ADVANCED_FACE('',(#4943),#1273,.T.);
#4943 = FACE_BOUND('',#4944,.T.);
#4944 = EDGE_LOOP('',(#4945,#4968,#4969,#4970));
#4945 = ORIENTED_EDGE('',*,*,#4946,.F.);
#4946 = EDGE_CURVE('',#4729,#4947,#4949,.T.);
#4947 = VERTEX_POINT('',#4948);
#4948 = CARTESIAN_POINT('',(-6.,-3.5,3.));
#4949 = SURFACE_CURVE('',#4950,(#4954,#4961),.PCURVE_S1.);
#4950 = LINE('',#4951,#4952);
#4951 = CARTESIAN_POINT('',(-10.,-3.5,3.));
#4952 = VECTOR('',#4953,1.);
#4953 = DIRECTION('',(1.,0.,0.));
#4954 = PCURVE('',#1273,#4955);
#4955 = DEFINITIONAL_REPRESENTATION('',(#4956),#4960);
#4956 = LINE('',#4957,#4958);
#4957 = CARTESIAN_POINT('',(0.,0.));
#4958 = VECTOR('',#4959,1.);
#4959 = DIRECTION('',(0.,1.));
#4960 = ( GEOMETRIC_REPRESENTATION_CONTEXT(2) 
PARAMETRIC_REPRESENTATION_CONTEXT() REPRESENTATION_CONTEXT('2D SPACE',''
  ) );
#4961 = PCURVE('',#4363,#4962);
#4962 = DEFINITIONAL_REPRESENTATION('',(#4963),#4967);
#4963 = LINE('',#4964,#4965);
#4964 = CARTESIAN_POINT('',(20.,13.5));
#4965 = VECTOR('',#4966,1.);
#4966 = DIRECTION('',(1.,0.));
#4967 = ( GEOMETRIC_REPRESENTATION_CONTEXT(2) 
PARAMETRIC_REPRESENTATION_CONTEXT() REPRESENTATION_CONTEXT('2D SPACE',''
  ) );
#4968 = ORIENTED_EDGE('',*,*,#4751,.T.);
#4969 = ORIENTED_EDGE('',*,*,#1257,.T.);
#4970 = ORIENTED_EDGE('',*,*,#4971,.F.);
#4971 = EDGE_CURVE('',#4947,#1230,#4972,.T.);
#4972 = SURFACE_CURVE('',#4973,(#4977,#4983),.PCURVE_S1.);
#4973 = LINE('',#4974,#4975);
#4974 = CARTESIAN_POINT('',(-6.,-3.5,3.));
#4975 = VECTOR('',#4976,1.);
#4976 = DIRECTION('',(0.,0.,1.));
#4977 = PCURVE('',#1273,#4978);
#4978 = DEFINITIONAL_REPRESENTATION('',(#4979),#4982);
#4979 = B_SPLINE_CURVE_WITH_KNOTS('',1,(#4980,#4981),.UNSPECIFIED.,.F.,
  .F.,(2,2),(0.,24.),.PIECEWISE_BEZIER_KNOTS.);
#4980 = CARTESIAN_POINT('',(0.,4.));
#4981 = CARTESIAN_POINT('',(24.,4.));
#4982 = ( GEOMETRIC_REPRESENTATION_CONTEXT(2) 
PARAMETRIC_REPRESENTATION_CONTEXT() REPRESENTATION_CONTEXT('2D SPACE',''
  ) );
#4983 = PCURVE('',#1245,#4984);
#4984 = DEFINITIONAL_REPRESENTATION('',(#4985),#4988);
#4985 = B_SPLINE_CURVE_WITH_KNOTS('',1,(#4986,#4987),.UNSPECIFIED.,.F.,
  .F.,(2,2),(0.,24.),.PIECEWISE_BEZIER_KNOTS.);
#4986 = CARTESIAN_POINT('',(0.,-13.5));
#4987 = CARTESIAN_POINT('',(24.,-13.5));
#4988 = ( GEOMETRIC_REPRESENTATION_CONTEXT(2) 
PARAMETRIC_REPRESENTATION_CONTEXT() REPRESENTATION_CONTEXT('2D SPACE',''
  ) );
#4989 = ADVANCED_FACE('',(#4990),#853,.T.);
#4990 = FACE_BOUND('',#4991,.T.);
#4991 = EDGE_LOOP('',(#4992,#4993,#4994,#4995));
#4992 = ORIENTED_EDGE('',*,*,#837,.F.);
#4993 = ORIENTED_EDGE('',*,*,#4922,.F.);
#4994 = ORIENTED_EDGE('',*,*,#2598,.F.);
#4995 = ORIENTED_EDGE('',*,*,#4996,.T.);
#4996 = EDGE_CURVE('',#2599,#838,#4997,.T.);
#4997 = SURFACE_CURVE('',#4998,(#5002,#5008),.PCURVE_S1.);
#4998 = LINE('',#4999,#5000);
#4999 = CARTESIAN_POINT('',(-30.,9.75,3.));
#5000 = VECTOR('',#5001,1.);
#5001 = DIRECTION('',(0.,0.,1.));
#5002 = PCURVE('',#853,#5003);
#5003 = DEFINITIONAL_REPRESENTATION('',(#5004),#5007);
#5004 = B_SPLINE_CURVE_WITH_KNOTS('',1,(#5005,#5006),.UNSPECIFIED.,.F.,
  .F.,(2,2),(0.,24.),.PIECEWISE_BEZIER_KNOTS.);
#5005 = CARTESIAN_POINT('',(0.,-26.75));
#5006 = CARTESIAN_POINT('',(24.,-26.75));
#5007 = ( GEOMETRIC_REPRESENTATION_CONTEXT(2) 
PARAMETRIC_REPRESENTATION_CONTEXT() REPRESENTATION_CONTEXT('2D SPACE',''
  ) );
#5008 = PCURVE('',#881,#5009);
#5009 = DEFINITIONAL_REPRESENTATION('',(#5010),#5013);
#5010 = B_SPLINE_CURVE_WITH_KNOTS('',1,(#5011,#5012),.UNSPECIFIED.,.F.,
  .F.,(2,2),(0.,24.),.PIECEWISE_BEZIER_KNOTS.);
#5011 = CARTESIAN_POINT('',(0.,0.5));
#5012 = CARTESIAN_POINT('',(24.,0.5));
#5013 = ( GEOMETRIC_REPRESENTATION_CONTEXT(2) 
PARAMETRIC_REPRESENTATION_CONTEXT() REPRESENTATION_CONTEXT('2D SPACE',''
  ) );
#5014 = ADVANCED_FACE('',(#5015),#1245,.T.);
#5015 = FACE_BOUND('',#5016,.T.);
#5016 = EDGE_LOOP('',(#5017,#5018,#5041,#5062));
#5017 = ORIENTED_EDGE('',*,*,#1229,.F.);
#5018 = ORIENTED_EDGE('',*,*,#5019,.F.);
#5019 = EDGE_CURVE('',#5020,#1202,#5022,.T.);
#5020 = VERTEX_POINT('',#5021);
#5021 = CARTESIAN_POINT('',(-6.,-17.,3.));
#5022 = SURFACE_CURVE('',#5023,(#5027,#5034),.PCURVE_S1.);
#5023 = LINE('',#5024,#5025);
#5024 = CARTESIAN_POINT('',(-6.,-17.,3.));
#5025 = VECTOR('',#5026,1.);
#5026 = DIRECTION('',(0.,0.,1.));
#5027 = PCURVE('',#1245,#5028);
#5028 = DEFINITIONAL_REPRESENTATION('',(#5029),#5033);
#5029 = LINE('',#5030,#5031);
#5030 = CARTESIAN_POINT('',(0.,0.));
#5031 = VECTOR('',#5032,1.);
#5032 = DIRECTION('',(1.,0.));
#5033 = ( GEOMETRIC_REPRESENTATION_CONTEXT(2) 
PARAMETRIC_REPRESENTATION_CONTEXT() REPRESENTATION_CONTEXT('2D SPACE',''
  ) );
#5034 = PCURVE('',#1217,#5035);
#5035 = DEFINITIONAL_REPRESENTATION('',(#5036),#5040);
#5036 = LINE('',#5037,#5038);
#5037 = CARTESIAN_POINT('',(0.,24.));
#5038 = VECTOR('',#5039,1.);
#5039 = DIRECTION('',(1.,0.));
#5040 = ( GEOMETRIC_REPRESENTATION_CONTEXT(2) 
PARAMETRIC_REPRESENTATION_CONTEXT() REPRESENTATION_CONTEXT('2D SPACE',''
  ) );
#5041 = ORIENTED_EDGE('',*,*,#5042,.T.);
#5042 = EDGE_CURVE('',#5020,#4947,#5043,.T.);
#5043 = SURFACE_CURVE('',#5044,(#5048,#5055),.PCURVE_S1.);
#5044 = LINE('',#5045,#5046);
#5045 = CARTESIAN_POINT('',(-6.,-17.,3.));
#5046 = VECTOR('',#5047,1.);
#5047 = DIRECTION('',(0.,1.,0.));
#5048 = PCURVE('',#1245,#5049);
#5049 = DEFINITIONAL_REPRESENTATION('',(#5050),#5054);
#5050 = LINE('',#5051,#5052);
#5051 = CARTESIAN_POINT('',(0.,0.));
#5052 = VECTOR('',#5053,1.);
#5053 = DIRECTION('',(0.,-1.));
#5054 = ( GEOMETRIC_REPRESENTATION_CONTEXT(2) 
PARAMETRIC_REPRESENTATION_CONTEXT() REPRESENTATION_CONTEXT('2D SPACE',''
  ) );
#5055 = PCURVE('',#4363,#5056);
#5056 = DEFINITIONAL_REPRESENTATION('',(#5057),#5061);
#5057 = LINE('',#5058,#5059);
#5058 = CARTESIAN_POINT('',(24.,0.));
#5059 = VECTOR('',#5060,1.);
#5060 = DIRECTION('',(0.,1.));
#5061 = ( GEOMETRIC_REPRESENTATION_CONTEXT(2) 
PARAMETRIC_REPRESENTATION_CONTEXT() REPRESENTATION_CONTEXT('2D SPACE',''
  ) );
#5062 = ORIENTED_EDGE('',*,*,#4971,.T.);
#5063 = ADVANCED_FACE('',(#5064),#881,.F.);
#5064 = FACE_BOUND('',#5065,.F.);
#5065 = EDGE_LOOP('',(#5066,#5091,#5110,#5111,#5132,#5133,#5152,#5153,
    #5174,#5175,#5194,#5195,#5216,#5217,#5218,#5219));
#5066 = ORIENTED_EDGE('',*,*,#5067,.F.);
#5067 = EDGE_CURVE('',#5068,#5070,#5072,.T.);
#5068 = VERTEX_POINT('',#5069);
#5069 = CARTESIAN_POINT('',(-30.,9.75,3.));
#5070 = VERTEX_POINT('',#5071);
#5071 = CARTESIAN_POINT('',(-22.5,9.75,3.));
#5072 = SURFACE_CURVE('',#5073,(#5077,#5084),.PCURVE_S1.);
#5073 = LINE('',#5074,#5075);
#5074 = CARTESIAN_POINT('',(-30.5,9.75,3.));
#5075 = VECTOR('',#5076,1.);
#5076 = DIRECTION('',(1.,0.,0.));
#5077 = PCURVE('',#881,#5078);
#5078 = DEFINITIONAL_REPRESENTATION('',(#5079),#5083);
#5079 = LINE('',#5080,#5081);
#5080 = CARTESIAN_POINT('',(0.,0.));
#5081 = VECTOR('',#5082,1.);
#5082 = DIRECTION('',(0.,1.));
#5083 = ( GEOMETRIC_REPRESENTATION_CONTEXT(2) 
PARAMETRIC_REPRESENTATION_CONTEXT() REPRESENTATION_CONTEXT('2D SPACE',''
  ) );
#5084 = PCURVE('',#4363,#5085);
#5085 = DEFINITIONAL_REPRESENTATION('',(#5086),#5090);
#5086 = LINE('',#5087,#5088);
#5087 = CARTESIAN_POINT('',(-0.5,26.75));
#5088 = VECTOR('',#5089,1.);
#5089 = DIRECTION('',(1.,0.));
#5090 = ( GEOMETRIC_REPRESENTATION_CONTEXT(2) 
PARAMETRIC_REPRESENTATION_CONTEXT() REPRESENTATION_CONTEXT('2D SPACE',''
  ) );
#5091 = ORIENTED_EDGE('',*,*,#5092,.T.);
#5092 = EDGE_CURVE('',#5068,#1669,#5093,.T.);
#5093 = SURFACE_CURVE('',#5094,(#5098,#5104),.PCURVE_S1.);
#5094 = LINE('',#5095,#5096);
#5095 = CARTESIAN_POINT('',(-30.,9.75,3.));
#5096 = VECTOR('',#5097,1.);
#5097 = DIRECTION('',(0.,0.,1.));
#5098 = PCURVE('',#881,#5099);
#5099 = DEFINITIONAL_REPRESENTATION('',(#5100),#5103);
#5100 = B_SPLINE_CURVE_WITH_KNOTS('',1,(#5101,#5102),.UNSPECIFIED.,.F.,
  .F.,(2,2),(0.,24.),.PIECEWISE_BEZIER_KNOTS.);
#5101 = CARTESIAN_POINT('',(0.,0.5));
#5102 = CARTESIAN_POINT('',(24.,0.5));
#5103 = ( GEOMETRIC_REPRESENTATION_CONTEXT(2) 
PARAMETRIC_REPRESENTATION_CONTEXT() REPRESENTATION_CONTEXT('2D SPACE',''
  ) );
#5104 = PCURVE('',#1683,#5105);
#5105 = DEFINITIONAL_REPRESENTATION('',(#5106),#5109);
#5106 = B_SPLINE_CURVE_WITH_KNOTS('',1,(#5107,#5108),.UNSPECIFIED.,.F.,
  .F.,(2,2),(0.,24.),.PIECEWISE_BEZIER_KNOTS.);
#5107 = CARTESIAN_POINT('',(0.,-26.75));
#5108 = CARTESIAN_POINT('',(24.,-26.75));
#5109 = ( GEOMETRIC_REPRESENTATION_CONTEXT(2) 
PARAMETRIC_REPRESENTATION_CONTEXT() REPRESENTATION_CONTEXT('2D SPACE',''
  ) );
#5110 = ORIENTED_EDGE('',*,*,#1694,.T.);
#5111 = ORIENTED_EDGE('',*,*,#5112,.T.);
#5112 = EDGE_CURVE('',#1695,#1908,#5113,.T.);
#5113 = SURFACE_CURVE('',#5114,(#5118,#5125),.PCURVE_S1.);
#5114 = LINE('',#5115,#5116);
#5115 = CARTESIAN_POINT('',(-30.5,9.75,3.));
#5116 = VECTOR('',#5117,1.);
#5117 = DIRECTION('',(0.,0.,1.));
#5118 = PCURVE('',#881,#5119);
#5119 = DEFINITIONAL_REPRESENTATION('',(#5120),#5124);
#5120 = LINE('',#5121,#5122);
#5121 = CARTESIAN_POINT('',(0.,0.));
#5122 = VECTOR('',#5123,1.);
#5123 = DIRECTION('',(1.,0.));
#5124 = ( GEOMETRIC_REPRESENTATION_CONTEXT(2) 
PARAMETRIC_REPRESENTATION_CONTEXT() REPRESENTATION_CONTEXT('2D SPACE',''
  ) );
#5125 = PCURVE('',#1728,#5126);
#5126 = DEFINITIONAL_REPRESENTATION('',(#5127),#5131);
#5127 = LINE('',#5128,#5129);
#5128 = CARTESIAN_POINT('',(0.,0.));
#5129 = VECTOR('',#5130,1.);
#5130 = DIRECTION('',(1.,0.));
#5131 = ( GEOMETRIC_REPRESENTATION_CONTEXT(2) 
PARAMETRIC_REPRESENTATION_CONTEXT() REPRESENTATION_CONTEXT('2D SPACE',''
  ) );
#5132 = ORIENTED_EDGE('',*,*,#1907,.F.);
#5133 = ORIENTED_EDGE('',*,*,#5134,.T.);
#5134 = EDGE_CURVE('',#1882,#2045,#5135,.T.);
#5135 = SURFACE_CURVE('',#5136,(#5140,#5146),.PCURVE_S1.);
#5136 = LINE('',#5137,#5138);
#5137 = CARTESIAN_POINT('',(-30.,9.75,3.));
#5138 = VECTOR('',#5139,1.);
#5139 = DIRECTION('',(0.,0.,1.));
#5140 = PCURVE('',#881,#5141);
#5141 = DEFINITIONAL_REPRESENTATION('',(#5142),#5145);
#5142 = B_SPLINE_CURVE_WITH_KNOTS('',1,(#5143,#5144),.UNSPECIFIED.,.F.,
  .F.,(2,2),(0.,24.),.PIECEWISE_BEZIER_KNOTS.);
#5143 = CARTESIAN_POINT('',(0.,0.5));
#5144 = CARTESIAN_POINT('',(24.,0.5));
#5145 = ( GEOMETRIC_REPRESENTATION_CONTEXT(2) 
PARAMETRIC_REPRESENTATION_CONTEXT() REPRESENTATION_CONTEXT('2D SPACE',''
  ) );
#5146 = PCURVE('',#1896,#5147);
#5147 = DEFINITIONAL_REPRESENTATION('',(#5148),#5151);
#5148 = B_SPLINE_CURVE_WITH_KNOTS('',1,(#5149,#5150),.UNSPECIFIED.,.F.,
  .F.,(2,2),(0.,24.),.PIECEWISE_BEZIER_KNOTS.);
#5149 = CARTESIAN_POINT('',(0.,-26.75));
#5150 = CARTESIAN_POINT('',(24.,-26.75));
#5151 = ( GEOMETRIC_REPRESENTATION_CONTEXT(2) 
PARAMETRIC_REPRESENTATION_CONTEXT() REPRESENTATION_CONTEXT('2D SPACE',''
  ) );
#5152 = ORIENTED_EDGE('',*,*,#2065,.T.);
#5153 = ORIENTED_EDGE('',*,*,#5154,.T.);
#5154 = EDGE_CURVE('',#2066,#2279,#5155,.T.);
#5155 = SURFACE_CURVE('',#5156,(#5160,#5167),.PCURVE_S1.);
#5156 = LINE('',#5157,#5158);
#5157 = CARTESIAN_POINT('',(-30.5,9.75,3.));
#5158 = VECTOR('',#5159,1.);
#5159 = DIRECTION('',(0.,0.,1.));
#5160 = PCURVE('',#881,#5161);
#5161 = DEFINITIONAL_REPRESENTATION('',(#5162),#5166);
#5162 = LINE('',#5163,#5164);
#5163 = CARTESIAN_POINT('',(0.,0.));
#5164 = VECTOR('',#5165,1.);
#5165 = DIRECTION('',(1.,0.));
#5166 = ( GEOMETRIC_REPRESENTATION_CONTEXT(2) 
PARAMETRIC_REPRESENTATION_CONTEXT() REPRESENTATION_CONTEXT('2D SPACE',''
  ) );
#5167 = PCURVE('',#2099,#5168);
#5168 = DEFINITIONAL_REPRESENTATION('',(#5169),#5173);
#5169 = LINE('',#5170,#5171);
#5170 = CARTESIAN_POINT('',(0.,0.));
#5171 = VECTOR('',#5172,1.);
#5172 = DIRECTION('',(1.,0.));
#5173 = ( GEOMETRIC_REPRESENTATION_CONTEXT(2) 
PARAMETRIC_REPRESENTATION_CONTEXT() REPRESENTATION_CONTEXT('2D SPACE',''
  ) );
#5174 = ORIENTED_EDGE('',*,*,#2278,.F.);
#5175 = ORIENTED_EDGE('',*,*,#5176,.T.);
#5176 = EDGE_CURVE('',#2253,#2416,#5177,.T.);
#5177 = SURFACE_CURVE('',#5178,(#5182,#5188),.PCURVE_S1.);
#5178 = LINE('',#5179,#5180);
#5179 = CARTESIAN_POINT('',(-30.,9.75,3.));
#5180 = VECTOR('',#5181,1.);
#5181 = DIRECTION('',(0.,0.,1.));
#5182 = PCURVE('',#881,#5183);
#5183 = DEFINITIONAL_REPRESENTATION('',(#5184),#5187);
#5184 = B_SPLINE_CURVE_WITH_KNOTS('',1,(#5185,#5186),.UNSPECIFIED.,.F.,
  .F.,(2,2),(0.,24.),.PIECEWISE_BEZIER_KNOTS.);
#5185 = CARTESIAN_POINT('',(0.,0.5));
#5186 = CARTESIAN_POINT('',(24.,0.5));
#5187 = ( GEOMETRIC_REPRESENTATION_CONTEXT(2) 
PARAMETRIC_REPRESENTATION_CONTEXT() REPRESENTATION_CONTEXT('2D SPACE',''
  ) );
#5188 = PCURVE('',#2267,#5189);
#5189 = DEFINITIONAL_REPRESENTATION('',(#5190),#5193);
#5190 = B_SPLINE_CURVE_WITH_KNOTS('',1,(#5191,#5192),.UNSPECIFIED.,.F.,
  .F.,(2,2),(0.,24.),.PIECEWISE_BEZIER_KNOTS.);
#5191 = CARTESIAN_POINT('',(0.,-26.75));
#5192 = CARTESIAN_POINT('',(24.,-26.75));
#5193 = ( GEOMETRIC_REPRESENTATION_CONTEXT(2) 
PARAMETRIC_REPRESENTATION_CONTEXT() REPRESENTATION_CONTEXT('2D SPACE',''
  ) );
#5194 = ORIENTED_EDGE('',*,*,#2436,.T.);
#5195 = ORIENTED_EDGE('',*,*,#5196,.T.);
#5196 = EDGE_CURVE('',#2437,#2620,#5197,.T.);
#5197 = SURFACE_CURVE('',#5198,(#5202,#5209),.PCURVE_S1.);
#5198 = LINE('',#5199,#5200);
#5199 = CARTESIAN_POINT('',(-30.5,9.75,3.));
#5200 = VECTOR('',#5201,1.);
#5201 = DIRECTION('',(0.,0.,1.));
#5202 = PCURVE('',#881,#5203);
#5203 = DEFINITIONAL_REPRESENTATION('',(#5204),#5208);
#5204 = LINE('',#5205,#5206);
#5205 = CARTESIAN_POINT('',(0.,0.));
#5206 = VECTOR('',#5207,1.);
#5207 = DIRECTION('',(1.,0.));
#5208 = ( GEOMETRIC_REPRESENTATION_CONTEXT(2) 
PARAMETRIC_REPRESENTATION_CONTEXT() REPRESENTATION_CONTEXT('2D SPACE',''
  ) );
#5209 = PCURVE('',#2470,#5210);
#5210 = DEFINITIONAL_REPRESENTATION('',(#5211),#5215);
#5211 = LINE('',#5212,#5213);
#5212 = CARTESIAN_POINT('',(0.,0.));
#5213 = VECTOR('',#5214,1.);
#5214 = DIRECTION('',(1.,0.));
#5215 = ( GEOMETRIC_REPRESENTATION_CONTEXT(2) 
PARAMETRIC_REPRESENTATION_CONTEXT() REPRESENTATION_CONTEXT('2D SPACE',''
  ) );
#5216 = ORIENTED_EDGE('',*,*,#2619,.F.);
#5217 = ORIENTED_EDGE('',*,*,#4996,.T.);
#5218 = ORIENTED_EDGE('',*,*,#865,.T.);
#5219 = ORIENTED_EDGE('',*,*,#5220,.F.);
#5220 = EDGE_CURVE('',#5070,#866,#5221,.T.);
#5221 = SURFACE_CURVE('',#5222,(#5226,#5233),.PCURVE_S1.);
#5222 = LINE('',#5223,#5224);
#5223 = CARTESIAN_POINT('',(-22.5,9.75,3.));
#5224 = VECTOR('',#5225,1.);
#5225 = DIRECTION('',(0.,0.,1.));
#5226 = PCURVE('',#881,#5227);
#5227 = DEFINITIONAL_REPRESENTATION('',(#5228),#5232);
#5228 = LINE('',#5229,#5230);
#5229 = CARTESIAN_POINT('',(0.,8.));
#5230 = VECTOR('',#5231,1.);
#5231 = DIRECTION('',(1.,0.));
#5232 = ( GEOMETRIC_REPRESENTATION_CONTEXT(2) 
PARAMETRIC_REPRESENTATION_CONTEXT() REPRESENTATION_CONTEXT('2D SPACE',''
  ) );
#5233 = PCURVE('',#909,#5234);
#5234 = DEFINITIONAL_REPRESENTATION('',(#5235),#5239);
#5235 = LINE('',#5236,#5237);
#5236 = CARTESIAN_POINT('',(0.,0.));
#5237 = VECTOR('',#5238,1.);
#5238 = DIRECTION('',(1.,0.));
#5239 = ( GEOMETRIC_REPRESENTATION_CONTEXT(2) 
PARAMETRIC_REPRESENTATION_CONTEXT() REPRESENTATION_CONTEXT('2D SPACE',''
  ) );
#5240 = ADVANCED_FACE('',(#5241,#5287,#5373,#5459),#1217,.T.);
#5241 = FACE_BOUND('',#5242,.T.);
#5242 = EDGE_LOOP('',(#5243,#5266,#5267,#5268));
#5243 = ORIENTED_EDGE('',*,*,#5244,.F.);
#5244 = EDGE_CURVE('',#5020,#5245,#5247,.T.);
#5245 = VERTEX_POINT('',#5246);
#5246 = CARTESIAN_POINT('',(22.5,-17.,3.));
#5247 = SURFACE_CURVE('',#5248,(#5252,#5259),.PCURVE_S1.);
#5248 = LINE('',#5249,#5250);
#5249 = CARTESIAN_POINT('',(-30.,-17.,3.));
#5250 = VECTOR('',#5251,1.);
#5251 = DIRECTION('',(1.,0.,0.));
#5252 = PCURVE('',#1217,#5253);
#5253 = DEFINITIONAL_REPRESENTATION('',(#5254),#5258);
#5254 = LINE('',#5255,#5256);
#5255 = CARTESIAN_POINT('',(0.,0.));
#5256 = VECTOR('',#5257,1.);
#5257 = DIRECTION('',(0.,1.));
#5258 = ( GEOMETRIC_REPRESENTATION_CONTEXT(2) 
PARAMETRIC_REPRESENTATION_CONTEXT() REPRESENTATION_CONTEXT('2D SPACE',''
  ) );
#5259 = PCURVE('',#4363,#5260);
#5260 = DEFINITIONAL_REPRESENTATION('',(#5261),#5265);
#5261 = LINE('',#5262,#5263);
#5262 = CARTESIAN_POINT('',(0.,0.));
#5263 = VECTOR('',#5264,1.);
#5264 = DIRECTION('',(1.,0.));
#5265 = ( GEOMETRIC_REPRESENTATION_CONTEXT(2) 
PARAMETRIC_REPRESENTATION_CONTEXT() REPRESENTATION_CONTEXT('2D SPACE',''
  ) );
#5266 = ORIENTED_EDGE('',*,*,#5019,.T.);
#5267 = ORIENTED_EDGE('',*,*,#1201,.T.);
#5268 = ORIENTED_EDGE('',*,*,#5269,.T.);
#5269 = EDGE_CURVE('',#1174,#5245,#5270,.T.);
#5270 = SURFACE_CURVE('',#5271,(#5275,#5281),.PCURVE_S1.);
#5271 = LINE('',#5272,#5273);
#5272 = CARTESIAN_POINT('',(22.5,-17.,3.));
#5273 = VECTOR('',#5274,1.);
#5274 = DIRECTION('',(0.,0.,-1.));
#5275 = PCURVE('',#1217,#5276);
#5276 = DEFINITIONAL_REPRESENTATION('',(#5277),#5280);
#5277 = B_SPLINE_CURVE_WITH_KNOTS('',1,(#5278,#5279),.UNSPECIFIED.,.F.,
  .F.,(2,2),(-24.,0.),.PIECEWISE_BEZIER_KNOTS.);
#5278 = CARTESIAN_POINT('',(24.,52.5));
#5279 = CARTESIAN_POINT('',(0.,52.5));
#5280 = ( GEOMETRIC_REPRESENTATION_CONTEXT(2) 
PARAMETRIC_REPRESENTATION_CONTEXT() REPRESENTATION_CONTEXT('2D SPACE',''
  ) );
#5281 = PCURVE('',#1189,#5282);
#5282 = DEFINITIONAL_REPRESENTATION('',(#5283),#5286);
#5283 = B_SPLINE_CURVE_WITH_KNOTS('',1,(#5284,#5285),.UNSPECIFIED.,.F.,
  .F.,(2,2),(-24.,0.),.PIECEWISE_BEZIER_KNOTS.);
#5284 = CARTESIAN_POINT('',(24.,-0.75));
#5285 = CARTESIAN_POINT('',(0.,-0.75));
#5286 = ( GEOMETRIC_REPRESENTATION_CONTEXT(2) 
PARAMETRIC_REPRESENTATION_CONTEXT() REPRESENTATION_CONTEXT('2D SPACE',''
  ) );
#5287 = FACE_BOUND('',#5288,.T.);
#5288 = EDGE_LOOP('',(#5289,#5312,#5333,#5354));
#5289 = ORIENTED_EDGE('',*,*,#5290,.F.);
#5290 = EDGE_CURVE('',#5291,#5293,#5295,.T.);
#5291 = VERTEX_POINT('',#5292);
#5292 = CARTESIAN_POINT('',(3.,-17.,10.5));
#5293 = VERTEX_POINT('',#5294);
#5294 = CARTESIAN_POINT('',(19.,-17.,10.5));
#5295 = SURFACE_CURVE('',#5296,(#5300,#5306),.PCURVE_S1.);
#5296 = LINE('',#5297,#5298);
#5297 = CARTESIAN_POINT('',(-13.5,-17.,10.5));
#5298 = VECTOR('',#5299,1.);
#5299 = DIRECTION('',(1.,0.,0.));
#5300 = PCURVE('',#1217,#5301);
#5301 = DEFINITIONAL_REPRESENTATION('',(#5302),#5305);
#5302 = B_SPLINE_CURVE_WITH_KNOTS('',1,(#5303,#5304),.UNSPECIFIED.,.F.,
  .F.,(2,2),(16.5,32.5),.PIECEWISE_BEZIER_KNOTS.);
#5303 = CARTESIAN_POINT('',(7.5,33.));
#5304 = CARTESIAN_POINT('',(7.5,49.));
#5305 = ( GEOMETRIC_REPRESENTATION_CONTEXT(2) 
PARAMETRIC_REPRESENTATION_CONTEXT() REPRESENTATION_CONTEXT('2D SPACE',''
  ) );
#5306 = PCURVE('',#3048,#5307);
#5307 = DEFINITIONAL_REPRESENTATION('',(#5308),#5311);
#5308 = B_SPLINE_CURVE_WITH_KNOTS('',1,(#5309,#5310),.UNSPECIFIED.,.F.,
  .F.,(2,2),(16.5,32.5),.PIECEWISE_BEZIER_KNOTS.);
#5309 = CARTESIAN_POINT('',(0.,3.75));
#5310 = CARTESIAN_POINT('',(16.,3.75));
#5311 = ( GEOMETRIC_REPRESENTATION_CONTEXT(2) 
PARAMETRIC_REPRESENTATION_CONTEXT() REPRESENTATION_CONTEXT('2D SPACE',''
  ) );
#5312 = ORIENTED_EDGE('',*,*,#5313,.T.);
#5313 = EDGE_CURVE('',#5291,#5314,#5316,.T.);
#5314 = VERTEX_POINT('',#5315);
#5315 = CARTESIAN_POINT('',(3.,-17.,8.));
#5316 = SURFACE_CURVE('',#5317,(#5321,#5327),.PCURVE_S1.);
#5317 = LINE('',#5318,#5319);
#5318 = CARTESIAN_POINT('',(3.,-17.,5.5));
#5319 = VECTOR('',#5320,1.);
#5320 = DIRECTION('',(0.,0.,-1.));
#5321 = PCURVE('',#1217,#5322);
#5322 = DEFINITIONAL_REPRESENTATION('',(#5323),#5326);
#5323 = B_SPLINE_CURVE_WITH_KNOTS('',1,(#5324,#5325),.UNSPECIFIED.,.F.,
  .F.,(2,2),(-5.,-2.5),.PIECEWISE_BEZIER_KNOTS.);
#5324 = CARTESIAN_POINT('',(7.5,33.));
#5325 = CARTESIAN_POINT('',(5.,33.));
#5326 = ( GEOMETRIC_REPRESENTATION_CONTEXT(2) 
PARAMETRIC_REPRESENTATION_CONTEXT() REPRESENTATION_CONTEXT('2D SPACE',''
  ) );
#5327 = PCURVE('',#3074,#5328);
#5328 = DEFINITIONAL_REPRESENTATION('',(#5329),#5332);
#5329 = B_SPLINE_CURVE_WITH_KNOTS('',1,(#5330,#5331),.UNSPECIFIED.,.F.,
  .F.,(2,2),(-5.,-2.5),.PIECEWISE_BEZIER_KNOTS.);
#5330 = CARTESIAN_POINT('',(2.5,-3.75));
#5331 = CARTESIAN_POINT('',(0.,-3.75));
#5332 = ( GEOMETRIC_REPRESENTATION_CONTEXT(2) 
PARAMETRIC_REPRESENTATION_CONTEXT() REPRESENTATION_CONTEXT('2D SPACE',''
  ) );
#5333 = ORIENTED_EDGE('',*,*,#5334,.T.);
#5334 = EDGE_CURVE('',#5314,#5335,#5337,.T.);
#5335 = VERTEX_POINT('',#5336);
#5336 = CARTESIAN_POINT('',(19.,-17.,8.));
#5337 = SURFACE_CURVE('',#5338,(#5342,#5348),.PCURVE_S1.);
#5338 = LINE('',#5339,#5340);
#5339 = CARTESIAN_POINT('',(-13.5,-17.,8.));
#5340 = VECTOR('',#5341,1.);
#5341 = DIRECTION('',(1.,0.,0.));
#5342 = PCURVE('',#1217,#5343);
#5343 = DEFINITIONAL_REPRESENTATION('',(#5344),#5347);
#5344 = B_SPLINE_CURVE_WITH_KNOTS('',1,(#5345,#5346),.UNSPECIFIED.,.F.,
  .F.,(2,2),(16.5,32.5),.PIECEWISE_BEZIER_KNOTS.);
#5345 = CARTESIAN_POINT('',(5.,33.));
#5346 = CARTESIAN_POINT('',(5.,49.));
#5347 = ( GEOMETRIC_REPRESENTATION_CONTEXT(2) 
PARAMETRIC_REPRESENTATION_CONTEXT() REPRESENTATION_CONTEXT('2D SPACE',''
  ) );
#5348 = PCURVE('',#3100,#5349);
#5349 = DEFINITIONAL_REPRESENTATION('',(#5350),#5353);
#5350 = B_SPLINE_CURVE_WITH_KNOTS('',1,(#5351,#5352),.UNSPECIFIED.,.F.,
  .F.,(2,2),(16.5,32.5),.PIECEWISE_BEZIER_KNOTS.);
#5351 = CARTESIAN_POINT('',(0.,3.75));
#5352 = CARTESIAN_POINT('',(16.,3.75));
#5353 = ( GEOMETRIC_REPRESENTATION_CONTEXT(2) 
PARAMETRIC_REPRESENTATION_CONTEXT() REPRESENTATION_CONTEXT('2D SPACE',''
  ) );
#5354 = ORIENTED_EDGE('',*,*,#5355,.F.);
#5355 = EDGE_CURVE('',#5293,#5335,#5356,.T.);
#5356 = SURFACE_CURVE('',#5357,(#5361,#5367),.PCURVE_S1.);
#5357 = LINE('',#5358,#5359);
#5358 = CARTESIAN_POINT('',(19.,-17.,5.5));
#5359 = VECTOR('',#5360,1.);
#5360 = DIRECTION('',(0.,0.,-1.));
#5361 = PCURVE('',#1217,#5362);
#5362 = DEFINITIONAL_REPRESENTATION('',(#5363),#5366);
#5363 = B_SPLINE_CURVE_WITH_KNOTS('',1,(#5364,#5365),.UNSPECIFIED.,.F.,
  .F.,(2,2),(-5.,-2.5),.PIECEWISE_BEZIER_KNOTS.);
#5364 = CARTESIAN_POINT('',(7.5,49.));
#5365 = CARTESIAN_POINT('',(5.,49.));
#5366 = ( GEOMETRIC_REPRESENTATION_CONTEXT(2) 
PARAMETRIC_REPRESENTATION_CONTEXT() REPRESENTATION_CONTEXT('2D SPACE',''
  ) );
#5367 = PCURVE('',#3124,#5368);
#5368 = DEFINITIONAL_REPRESENTATION('',(#5369),#5372);
#5369 = B_SPLINE_CURVE_WITH_KNOTS('',1,(#5370,#5371),.UNSPECIFIED.,.F.,
  .F.,(2,2),(-5.,-2.5),.PIECEWISE_BEZIER_KNOTS.);
#5370 = CARTESIAN_POINT('',(2.5,-3.75));
#5371 = CARTESIAN_POINT('',(0.,-3.75));
#5372 = ( GEOMETRIC_REPRESENTATION_CONTEXT(2) 
PARAMETRIC_REPRESENTATION_CONTEXT() REPRESENTATION_CONTEXT('2D SPACE',''
  ) );
#5373 = FACE_BOUND('',#5374,.T.);
#5374 = EDGE_LOOP('',(#5375,#5398,#5419,#5440));
#5375 = ORIENTED_EDGE('',*,*,#5376,.F.);
#5376 = EDGE_CURVE('',#5377,#5379,#5381,.T.);
#5377 = VERTEX_POINT('',#5378);
#5378 = CARTESIAN_POINT('',(3.,-17.,18.5));
#5379 = VERTEX_POINT('',#5380);
#5380 = CARTESIAN_POINT('',(19.,-17.,18.5));
#5381 = SURFACE_CURVE('',#5382,(#5386,#5392),.PCURVE_S1.);
#5382 = LINE('',#5383,#5384);
#5383 = CARTESIAN_POINT('',(-13.5,-17.,18.5));
#5384 = VECTOR('',#5385,1.);
#5385 = DIRECTION('',(1.,0.,0.));
#5386 = PCURVE('',#1217,#5387);
#5387 = DEFINITIONAL_REPRESENTATION('',(#5388),#5391);
#5388 = B_SPLINE_CURVE_WITH_KNOTS('',1,(#5389,#5390),.UNSPECIFIED.,.F.,
  .F.,(2,2),(16.5,32.5),.PIECEWISE_BEZIER_KNOTS.);
#5389 = CARTESIAN_POINT('',(15.5,33.));
#5390 = CARTESIAN_POINT('',(15.5,49.));
#5391 = ( GEOMETRIC_REPRESENTATION_CONTEXT(2) 
PARAMETRIC_REPRESENTATION_CONTEXT() REPRESENTATION_CONTEXT('2D SPACE',''
  ) );
#5392 = PCURVE('',#3154,#5393);
#5393 = DEFINITIONAL_REPRESENTATION('',(#5394),#5397);
#5394 = B_SPLINE_CURVE_WITH_KNOTS('',1,(#5395,#5396),.UNSPECIFIED.,.F.,
  .F.,(2,2),(16.5,32.5),.PIECEWISE_BEZIER_KNOTS.);
#5395 = CARTESIAN_POINT('',(0.,3.75));
#5396 = CARTESIAN_POINT('',(16.,3.75));
#5397 = ( GEOMETRIC_REPRESENTATION_CONTEXT(2) 
PARAMETRIC_REPRESENTATION_CONTEXT() REPRESENTATION_CONTEXT('2D SPACE',''
  ) );
#5398 = ORIENTED_EDGE('',*,*,#5399,.T.);
#5399 = EDGE_CURVE('',#5377,#5400,#5402,.T.);
#5400 = VERTEX_POINT('',#5401);
#5401 = CARTESIAN_POINT('',(3.,-17.,16.));
#5402 = SURFACE_CURVE('',#5403,(#5407,#5413),.PCURVE_S1.);
#5403 = LINE('',#5404,#5405);
#5404 = CARTESIAN_POINT('',(3.,-17.,9.5));
#5405 = VECTOR('',#5406,1.);
#5406 = DIRECTION('',(0.,0.,-1.));
#5407 = PCURVE('',#1217,#5408);
#5408 = DEFINITIONAL_REPRESENTATION('',(#5409),#5412);
#5409 = B_SPLINE_CURVE_WITH_KNOTS('',1,(#5410,#5411),.UNSPECIFIED.,.F.,
  .F.,(2,2),(-9.,-6.5),.PIECEWISE_BEZIER_KNOTS.);
#5410 = CARTESIAN_POINT('',(15.5,33.));
#5411 = CARTESIAN_POINT('',(13.,33.));
#5412 = ( GEOMETRIC_REPRESENTATION_CONTEXT(2) 
PARAMETRIC_REPRESENTATION_CONTEXT() REPRESENTATION_CONTEXT('2D SPACE',''
  ) );
#5413 = PCURVE('',#3180,#5414);
#5414 = DEFINITIONAL_REPRESENTATION('',(#5415),#5418);
#5415 = B_SPLINE_CURVE_WITH_KNOTS('',1,(#5416,#5417),.UNSPECIFIED.,.F.,
  .F.,(2,2),(-9.,-6.5),.PIECEWISE_BEZIER_KNOTS.);
#5416 = CARTESIAN_POINT('',(2.5,-3.75));
#5417 = CARTESIAN_POINT('',(0.,-3.75));
#5418 = ( GEOMETRIC_REPRESENTATION_CONTEXT(2) 
PARAMETRIC_REPRESENTATION_CONTEXT() REPRESENTATION_CONTEXT('2D SPACE',''
  ) );
#5419 = ORIENTED_EDGE('',*,*,#5420,.T.);
#5420 = EDGE_CURVE('',#5400,#5421,#5423,.T.);
#5421 = VERTEX_POINT('',#5422);
#5422 = CARTESIAN_POINT('',(19.,-17.,16.));
#5423 = SURFACE_CURVE('',#5424,(#5428,#5434),.PCURVE_S1.);
#5424 = LINE('',#5425,#5426);
#5425 = CARTESIAN_POINT('',(-13.5,-17.,16.));
#5426 = VECTOR('',#5427,1.);
#5427 = DIRECTION('',(1.,0.,0.));
#5428 = PCURVE('',#1217,#5429);
#5429 = DEFINITIONAL_REPRESENTATION('',(#5430),#5433);
#5430 = B_SPLINE_CURVE_WITH_KNOTS('',1,(#5431,#5432),.UNSPECIFIED.,.F.,
  .F.,(2,2),(16.5,32.5),.PIECEWISE_BEZIER_KNOTS.);
#5431 = CARTESIAN_POINT('',(13.,33.));
#5432 = CARTESIAN_POINT('',(13.,49.));
#5433 = ( GEOMETRIC_REPRESENTATION_CONTEXT(2) 
PARAMETRIC_REPRESENTATION_CONTEXT() REPRESENTATION_CONTEXT('2D SPACE',''
  ) );
#5434 = PCURVE('',#3206,#5435);
#5435 = DEFINITIONAL_REPRESENTATION('',(#5436),#5439);
#5436 = B_SPLINE_CURVE_WITH_KNOTS('',1,(#5437,#5438),.UNSPECIFIED.,.F.,
  .F.,(2,2),(16.5,32.5),.PIECEWISE_BEZIER_KNOTS.);
#5437 = CARTESIAN_POINT('',(0.,3.75));
#5438 = CARTESIAN_POINT('',(16.,3.75));
#5439 = ( GEOMETRIC_REPRESENTATION_CONTEXT(2) 
PARAMETRIC_REPRESENTATION_CONTEXT() REPRESENTATION_CONTEXT('2D SPACE',''
  ) );
#5440 = ORIENTED_EDGE('',*,*,#5441,.F.);
#5441 = EDGE_CURVE('',#5379,#5421,#5442,.T.);
#5442 = SURFACE_CURVE('',#5443,(#5447,#5453),.PCURVE_S1.);
#5443 = LINE('',#5444,#5445);
#5444 = CARTESIAN_POINT('',(19.,-17.,9.5));
#5445 = VECTOR('',#5446,1.);
#5446 = DIRECTION('',(0.,0.,-1.));
#5447 = PCURVE('',#1217,#5448);
#5448 = DEFINITIONAL_REPRESENTATION('',(#5449),#5452);
#5449 = B_SPLINE_CURVE_WITH_KNOTS('',1,(#5450,#5451),.UNSPECIFIED.,.F.,
  .F.,(2,2),(-9.,-6.5),.PIECEWISE_BEZIER_KNOTS.);
#5450 = CARTESIAN_POINT('',(15.5,49.));
#5451 = CARTESIAN_POINT('',(13.,49.));
#5452 = ( GEOMETRIC_REPRESENTATION_CONTEXT(2) 
PARAMETRIC_REPRESENTATION_CONTEXT() REPRESENTATION_CONTEXT('2D SPACE',''
  ) );
#5453 = PCURVE('',#3230,#5454);
#5454 = DEFINITIONAL_REPRESENTATION('',(#5455),#5458);
#5455 = B_SPLINE_CURVE_WITH_KNOTS('',1,(#5456,#5457),.UNSPECIFIED.,.F.,
  .F.,(2,2),(-9.,-6.5),.PIECEWISE_BEZIER_KNOTS.);
#5456 = CARTESIAN_POINT('',(2.5,-3.75));
#5457 = CARTESIAN_POINT('',(0.,-3.75));
#5458 = ( GEOMETRIC_REPRESENTATION_CONTEXT(2) 
PARAMETRIC_REPRESENTATION_CONTEXT() REPRESENTATION_CONTEXT('2D SPACE',''
  ) );
#5459 = FACE_BOUND('',#5460,.T.);
#5460 = EDGE_LOOP('',(#5461,#5484,#5505,#5526));
#5461 = ORIENTED_EDGE('',*,*,#5462,.F.);
#5462 = EDGE_CURVE('',#5463,#5465,#5467,.T.);
#5463 = VERTEX_POINT('',#5464);
#5464 = CARTESIAN_POINT('',(3.,-17.,24.5));
#5465 = VERTEX_POINT('',#5466);
#5466 = CARTESIAN_POINT('',(19.,-17.,24.5));
#5467 = SURFACE_CURVE('',#5468,(#5472,#5478),.PCURVE_S1.);
#5468 = LINE('',#5469,#5470);
#5469 = CARTESIAN_POINT('',(-13.5,-17.,24.5));
#5470 = VECTOR('',#5471,1.);
#5471 = DIRECTION('',(1.,0.,0.));
#5472 = PCURVE('',#1217,#5473);
#5473 = DEFINITIONAL_REPRESENTATION('',(#5474),#5477);
#5474 = B_SPLINE_CURVE_WITH_KNOTS('',1,(#5475,#5476),.UNSPECIFIED.,.F.,
  .F.,(2,2),(16.5,32.5),.PIECEWISE_BEZIER_KNOTS.);
#5475 = CARTESIAN_POINT('',(21.5,33.));
#5476 = CARTESIAN_POINT('',(21.5,49.));
#5477 = ( GEOMETRIC_REPRESENTATION_CONTEXT(2) 
PARAMETRIC_REPRESENTATION_CONTEXT() REPRESENTATION_CONTEXT('2D SPACE',''
  ) );
#5478 = PCURVE('',#3260,#5479);
#5479 = DEFINITIONAL_REPRESENTATION('',(#5480),#5483);
#5480 = B_SPLINE_CURVE_WITH_KNOTS('',1,(#5481,#5482),.UNSPECIFIED.,.F.,
  .F.,(2,2),(16.5,32.5),.PIECEWISE_BEZIER_KNOTS.);
#5481 = CARTESIAN_POINT('',(0.,3.75));
#5482 = CARTESIAN_POINT('',(16.,3.75));
#5483 = ( GEOMETRIC_REPRESENTATION_CONTEXT(2) 
PARAMETRIC_REPRESENTATION_CONTEXT() REPRESENTATION_CONTEXT('2D SPACE',''
  ) );
#5484 = ORIENTED_EDGE('',*,*,#5485,.T.);
#5485 = EDGE_CURVE('',#5463,#5486,#5488,.T.);
#5486 = VERTEX_POINT('',#5487);
#5487 = CARTESIAN_POINT('',(3.,-17.,22.));
#5488 = SURFACE_CURVE('',#5489,(#5493,#5499),.PCURVE_S1.);
#5489 = LINE('',#5490,#5491);
#5490 = CARTESIAN_POINT('',(3.,-17.,12.5));
#5491 = VECTOR('',#5492,1.);
#5492 = DIRECTION('',(0.,0.,-1.));
#5493 = PCURVE('',#1217,#5494);
#5494 = DEFINITIONAL_REPRESENTATION('',(#5495),#5498);
#5495 = B_SPLINE_CURVE_WITH_KNOTS('',1,(#5496,#5497),.UNSPECIFIED.,.F.,
  .F.,(2,2),(-12.,-9.5),.PIECEWISE_BEZIER_KNOTS.);
#5496 = CARTESIAN_POINT('',(21.5,33.));
#5497 = CARTESIAN_POINT('',(19.,33.));
#5498 = ( GEOMETRIC_REPRESENTATION_CONTEXT(2) 
PARAMETRIC_REPRESENTATION_CONTEXT() REPRESENTATION_CONTEXT('2D SPACE',''
  ) );
#5499 = PCURVE('',#3286,#5500);
#5500 = DEFINITIONAL_REPRESENTATION('',(#5501),#5504);
#5501 = B_SPLINE_CURVE_WITH_KNOTS('',1,(#5502,#5503),.UNSPECIFIED.,.F.,
  .F.,(2,2),(-12.,-9.5),.PIECEWISE_BEZIER_KNOTS.);
#5502 = CARTESIAN_POINT('',(2.5,-3.75));
#5503 = CARTESIAN_POINT('',(0.,-3.75));
#5504 = ( GEOMETRIC_REPRESENTATION_CONTEXT(2) 
PARAMETRIC_REPRESENTATION_CONTEXT() REPRESENTATION_CONTEXT('2D SPACE',''
  ) );
#5505 = ORIENTED_EDGE('',*,*,#5506,.T.);
#5506 = EDGE_CURVE('',#5486,#5507,#5509,.T.);
#5507 = VERTEX_POINT('',#5508);
#5508 = CARTESIAN_POINT('',(19.,-17.,22.));
#5509 = SURFACE_CURVE('',#5510,(#5514,#5520),.PCURVE_S1.);
#5510 = LINE('',#5511,#5512);
#5511 = CARTESIAN_POINT('',(-13.5,-17.,22.));
#5512 = VECTOR('',#5513,1.);
#5513 = DIRECTION('',(1.,0.,0.));
#5514 = PCURVE('',#1217,#5515);
#5515 = DEFINITIONAL_REPRESENTATION('',(#5516),#5519);
#5516 = B_SPLINE_CURVE_WITH_KNOTS('',1,(#5517,#5518),.UNSPECIFIED.,.F.,
  .F.,(2,2),(16.5,32.5),.PIECEWISE_BEZIER_KNOTS.);
#5517 = CARTESIAN_POINT('',(19.,33.));
#5518 = CARTESIAN_POINT('',(19.,49.));
#5519 = ( GEOMETRIC_REPRESENTATION_CONTEXT(2) 
PARAMETRIC_REPRESENTATION_CONTEXT() REPRESENTATION_CONTEXT('2D SPACE',''
  ) );
#5520 = PCURVE('',#3312,#5521);
#5521 = DEFINITIONAL_REPRESENTATION('',(#5522),#5525);
#5522 = B_SPLINE_CURVE_WITH_KNOTS('',1,(#5523,#5524),.UNSPECIFIED.,.F.,
  .F.,(2,2),(16.5,32.5),.PIECEWISE_BEZIER_KNOTS.);
#5523 = CARTESIAN_POINT('',(0.,3.75));
#5524 = CARTESIAN_POINT('',(16.,3.75));
#5525 = ( GEOMETRIC_REPRESENTATION_CONTEXT(2) 
PARAMETRIC_REPRESENTATION_CONTEXT() REPRESENTATION_CONTEXT('2D SPACE',''
  ) );
#5526 = ORIENTED_EDGE('',*,*,#5527,.F.);
#5527 = EDGE_CURVE('',#5465,#5507,#5528,.T.);
#5528 = SURFACE_CURVE('',#5529,(#5533,#5539),.PCURVE_S1.);
#5529 = LINE('',#5530,#5531);
#5530 = CARTESIAN_POINT('',(19.,-17.,12.5));
#5531 = VECTOR('',#5532,1.);
#5532 = DIRECTION('',(0.,0.,-1.));
#5533 = PCURVE('',#1217,#5534);
#5534 = DEFINITIONAL_REPRESENTATION('',(#5535),#5538);
#5535 = B_SPLINE_CURVE_WITH_KNOTS('',1,(#5536,#5537),.UNSPECIFIED.,.F.,
  .F.,(2,2),(-12.,-9.5),.PIECEWISE_BEZIER_KNOTS.);
#5536 = CARTESIAN_POINT('',(21.5,49.));
#5537 = CARTESIAN_POINT('',(19.,49.));
#5538 = ( GEOMETRIC_REPRESENTATION_CONTEXT(2) 
PARAMETRIC_REPRESENTATION_CONTEXT() REPRESENTATION_CONTEXT('2D SPACE',''
  ) );
#5539 = PCURVE('',#3336,#5540);
#5540 = DEFINITIONAL_REPRESENTATION('',(#5541),#5544);
#5541 = B_SPLINE_CURVE_WITH_KNOTS('',1,(#5542,#5543),.UNSPECIFIED.,.F.,
  .F.,(2,2),(-12.,-9.5),.PIECEWISE_BEZIER_KNOTS.);
#5542 = CARTESIAN_POINT('',(2.5,-3.75));
#5543 = CARTESIAN_POINT('',(0.,-3.75));
#5544 = ( GEOMETRIC_REPRESENTATION_CONTEXT(2) 
PARAMETRIC_REPRESENTATION_CONTEXT() REPRESENTATION_CONTEXT('2D SPACE',''
  ) );
#5545 = ADVANCED_FACE('',(#5546),#909,.T.);
#5546 = FACE_BOUND('',#5547,.T.);
#5547 = EDGE_LOOP('',(#5548,#5549,#5550,#5573));
#5548 = ORIENTED_EDGE('',*,*,#893,.F.);
#5549 = ORIENTED_EDGE('',*,*,#5220,.F.);
#5550 = ORIENTED_EDGE('',*,*,#5551,.T.);
#5551 = EDGE_CURVE('',#5070,#5552,#5554,.T.);
#5552 = VERTEX_POINT('',#5553);
#5553 = CARTESIAN_POINT('',(-22.5,17.,3.));
#5554 = SURFACE_CURVE('',#5555,(#5559,#5566),.PCURVE_S1.);
#5555 = LINE('',#5556,#5557);
#5556 = CARTESIAN_POINT('',(-22.5,9.75,3.));
#5557 = VECTOR('',#5558,1.);
#5558 = DIRECTION('',(0.,1.,0.));
#5559 = PCURVE('',#909,#5560);
#5560 = DEFINITIONAL_REPRESENTATION('',(#5561),#5565);
#5561 = LINE('',#5562,#5563);
#5562 = CARTESIAN_POINT('',(0.,0.));
#5563 = VECTOR('',#5564,1.);
#5564 = DIRECTION('',(0.,-1.));
#5565 = ( GEOMETRIC_REPRESENTATION_CONTEXT(2) 
PARAMETRIC_REPRESENTATION_CONTEXT() REPRESENTATION_CONTEXT('2D SPACE',''
  ) );
#5566 = PCURVE('',#4363,#5567);
#5567 = DEFINITIONAL_REPRESENTATION('',(#5568),#5572);
#5568 = LINE('',#5569,#5570);
#5569 = CARTESIAN_POINT('',(7.5,26.75));
#5570 = VECTOR('',#5571,1.);
#5571 = DIRECTION('',(0.,1.));
#5572 = ( GEOMETRIC_REPRESENTATION_CONTEXT(2) 
PARAMETRIC_REPRESENTATION_CONTEXT() REPRESENTATION_CONTEXT('2D SPACE',''
  ) );
#5573 = ORIENTED_EDGE('',*,*,#5574,.F.);
#5574 = EDGE_CURVE('',#894,#5552,#5575,.T.);
#5575 = SURFACE_CURVE('',#5576,(#5580,#5586),.PCURVE_S1.);
#5576 = LINE('',#5577,#5578);
#5577 = CARTESIAN_POINT('',(-22.5,17.,3.));
#5578 = VECTOR('',#5579,1.);
#5579 = DIRECTION('',(0.,0.,-1.));
#5580 = PCURVE('',#909,#5581);
#5581 = DEFINITIONAL_REPRESENTATION('',(#5582),#5585);
#5582 = B_SPLINE_CURVE_WITH_KNOTS('',1,(#5583,#5584),.UNSPECIFIED.,.F.,
  .F.,(2,2),(-24.,0.),.PIECEWISE_BEZIER_KNOTS.);
#5583 = CARTESIAN_POINT('',(24.,-7.25));
#5584 = CARTESIAN_POINT('',(0.,-7.25));
#5585 = ( GEOMETRIC_REPRESENTATION_CONTEXT(2) 
PARAMETRIC_REPRESENTATION_CONTEXT() REPRESENTATION_CONTEXT('2D SPACE',''
  ) );
#5586 = PCURVE('',#937,#5587);
#5587 = DEFINITIONAL_REPRESENTATION('',(#5588),#5591);
#5588 = B_SPLINE_CURVE_WITH_KNOTS('',1,(#5589,#5590),.UNSPECIFIED.,.F.,
  .F.,(2,2),(-24.,0.),.PIECEWISE_BEZIER_KNOTS.);
#5589 = CARTESIAN_POINT('',(24.,7.5));
#5590 = CARTESIAN_POINT('',(0.,7.5));
#5591 = ( GEOMETRIC_REPRESENTATION_CONTEXT(2) 
PARAMETRIC_REPRESENTATION_CONTEXT() REPRESENTATION_CONTEXT('2D SPACE',''
  ) );
#5592 = ADVANCED_FACE('',(#5593),#1189,.F.);
#5593 = FACE_BOUND('',#5594,.F.);
#5594 = EDGE_LOOP('',(#5595,#5596,#5597,#5620,#5646,#5672));
#5595 = ORIENTED_EDGE('',*,*,#1173,.F.);
#5596 = ORIENTED_EDGE('',*,*,#5269,.T.);
#5597 = ORIENTED_EDGE('',*,*,#5598,.T.);
#5598 = EDGE_CURVE('',#5245,#5599,#5601,.T.);
#5599 = VERTEX_POINT('',#5600);
#5600 = CARTESIAN_POINT('',(22.5,-11.5,3.));
#5601 = SURFACE_CURVE('',#5602,(#5606,#5613),.PCURVE_S1.);
#5602 = LINE('',#5603,#5604);
#5603 = CARTESIAN_POINT('',(22.5,-17.75,3.));
#5604 = VECTOR('',#5605,1.);
#5605 = DIRECTION('',(0.,1.,0.));
#5606 = PCURVE('',#1189,#5607);
#5607 = DEFINITIONAL_REPRESENTATION('',(#5608),#5612);
#5608 = LINE('',#5609,#5610);
#5609 = CARTESIAN_POINT('',(0.,0.));
#5610 = VECTOR('',#5611,1.);
#5611 = DIRECTION('',(0.,-1.));
#5612 = ( GEOMETRIC_REPRESENTATION_CONTEXT(2) 
PARAMETRIC_REPRESENTATION_CONTEXT() REPRESENTATION_CONTEXT('2D SPACE',''
  ) );
#5613 = PCURVE('',#4363,#5614);
#5614 = DEFINITIONAL_REPRESENTATION('',(#5615),#5619);
#5615 = LINE('',#5616,#5617);
#5616 = CARTESIAN_POINT('',(52.5,-0.75));
#5617 = VECTOR('',#5618,1.);
#5618 = DIRECTION('',(0.,1.));
#5619 = ( GEOMETRIC_REPRESENTATION_CONTEXT(2) 
PARAMETRIC_REPRESENTATION_CONTEXT() REPRESENTATION_CONTEXT('2D SPACE',''
  ) );
#5620 = ORIENTED_EDGE('',*,*,#5621,.F.);
#5621 = EDGE_CURVE('',#5622,#5599,#5624,.T.);
#5622 = VERTEX_POINT('',#5623);
#5623 = CARTESIAN_POINT('',(22.5,-11.5,7.));
#5624 = SURFACE_CURVE('',#5625,(#5629,#5635),.PCURVE_S1.);
#5625 = LINE('',#5626,#5627);
#5626 = CARTESIAN_POINT('',(22.5,-11.5,3.));
#5627 = VECTOR('',#5628,1.);
#5628 = DIRECTION('',(0.,0.,-1.));
#5629 = PCURVE('',#1189,#5630);
#5630 = DEFINITIONAL_REPRESENTATION('',(#5631),#5634);
#5631 = B_SPLINE_CURVE_WITH_KNOTS('',1,(#5632,#5633),.UNSPECIFIED.,.F.,
  .F.,(2,2),(-4.,0.),.PIECEWISE_BEZIER_KNOTS.);
#5632 = CARTESIAN_POINT('',(4.,-6.25));
#5633 = CARTESIAN_POINT('',(0.,-6.25));
#5634 = ( GEOMETRIC_REPRESENTATION_CONTEXT(2) 
PARAMETRIC_REPRESENTATION_CONTEXT() REPRESENTATION_CONTEXT('2D SPACE',''
  ) );
#5635 = PCURVE('',#5636,#5641);
#5636 = PLANE('',#5637);
#5637 = AXIS2_PLACEMENT_3D('',#5638,#5639,#5640);
#5638 = CARTESIAN_POINT('',(0.5,-11.5,3.));
#5639 = DIRECTION('',(0.,1.,0.));
#5640 = DIRECTION('',(0.,0.,1.));
#5641 = DEFINITIONAL_REPRESENTATION('',(#5642),#5645);
#5642 = B_SPLINE_CURVE_WITH_KNOTS('',1,(#5643,#5644),.UNSPECIFIED.,.F.,
  .F.,(2,2),(-4.,0.),.PIECEWISE_BEZIER_KNOTS.);
#5643 = CARTESIAN_POINT('',(4.,22.));
#5644 = CARTESIAN_POINT('',(0.,22.));
#5645 = ( GEOMETRIC_REPRESENTATION_CONTEXT(2) 
PARAMETRIC_REPRESENTATION_CONTEXT() REPRESENTATION_CONTEXT('2D SPACE',''
  ) );
#5646 = ORIENTED_EDGE('',*,*,#5647,.T.);
#5647 = EDGE_CURVE('',#5622,#5648,#5650,.T.);
#5648 = VERTEX_POINT('',#5649);
#5649 = CARTESIAN_POINT('',(22.5,-9.75,7.));
#5650 = SURFACE_CURVE('',#5651,(#5655,#5661),.PCURVE_S1.);
#5651 = LINE('',#5652,#5653);
#5652 = CARTESIAN_POINT('',(22.5,-14.625,7.));
#5653 = VECTOR('',#5654,1.);
#5654 = DIRECTION('',(0.,1.,0.));
#5655 = PCURVE('',#1189,#5656);
#5656 = DEFINITIONAL_REPRESENTATION('',(#5657),#5660);
#5657 = B_SPLINE_CURVE_WITH_KNOTS('',1,(#5658,#5659),.UNSPECIFIED.,.F.,
  .F.,(2,2),(3.125,4.875),.PIECEWISE_BEZIER_KNOTS.);
#5658 = CARTESIAN_POINT('',(4.,-6.25));
#5659 = CARTESIAN_POINT('',(4.,-8.));
#5660 = ( GEOMETRIC_REPRESENTATION_CONTEXT(2) 
PARAMETRIC_REPRESENTATION_CONTEXT() REPRESENTATION_CONTEXT('2D SPACE',''
  ) );
#5661 = PCURVE('',#5662,#5667);
#5662 = PLANE('',#5663);
#5663 = AXIS2_PLACEMENT_3D('',#5664,#5665,#5666);
#5664 = CARTESIAN_POINT('',(0.5,-11.5,7.));
#5665 = DIRECTION('',(0.,0.,1.));
#5666 = DIRECTION('',(1.,0.,0.));
#5667 = DEFINITIONAL_REPRESENTATION('',(#5668),#5671);
#5668 = B_SPLINE_CURVE_WITH_KNOTS('',1,(#5669,#5670),.UNSPECIFIED.,.F.,
  .F.,(2,2),(3.125,4.875),.PIECEWISE_BEZIER_KNOTS.);
#5669 = CARTESIAN_POINT('',(22.,0.));
#5670 = CARTESIAN_POINT('',(22.,1.75));
#5671 = ( GEOMETRIC_REPRESENTATION_CONTEXT(2) 
PARAMETRIC_REPRESENTATION_CONTEXT() REPRESENTATION_CONTEXT('2D SPACE',''
  ) );
#5672 = ORIENTED_EDGE('',*,*,#5673,.T.);
#5673 = EDGE_CURVE('',#5648,#1146,#5674,.T.);
#5674 = SURFACE_CURVE('',#5675,(#5679,#5686),.PCURVE_S1.);
#5675 = LINE('',#5676,#5677);
#5676 = CARTESIAN_POINT('',(22.5,-9.75,3.));
#5677 = VECTOR('',#5678,1.);
#5678 = DIRECTION('',(0.,0.,1.));
#5679 = PCURVE('',#1189,#5680);
#5680 = DEFINITIONAL_REPRESENTATION('',(#5681),#5685);
#5681 = LINE('',#5682,#5683);
#5682 = CARTESIAN_POINT('',(0.,-8.));
#5683 = VECTOR('',#5684,1.);
#5684 = DIRECTION('',(1.,0.));
#5685 = ( GEOMETRIC_REPRESENTATION_CONTEXT(2) 
PARAMETRIC_REPRESENTATION_CONTEXT() REPRESENTATION_CONTEXT('2D SPACE',''
  ) );
#5686 = PCURVE('',#1161,#5687);
#5687 = DEFINITIONAL_REPRESENTATION('',(#5688),#5692);
#5688 = LINE('',#5689,#5690);
#5689 = CARTESIAN_POINT('',(0.,0.));
#5690 = VECTOR('',#5691,1.);
#5691 = DIRECTION('',(1.,0.));
#5692 = ( GEOMETRIC_REPRESENTATION_CONTEXT(2) 
PARAMETRIC_REPRESENTATION_CONTEXT() REPRESENTATION_CONTEXT('2D SPACE',''
  ) );
#5693 = ADVANCED_FACE('',(#5694,#5742,#5828,#5914),#937,.F.);
#5694 = FACE_BOUND('',#5695,.F.);
#5695 = EDGE_LOOP('',(#5696,#5719,#5720,#5721));
#5696 = ORIENTED_EDGE('',*,*,#5697,.F.);
#5697 = EDGE_CURVE('',#5552,#5698,#5700,.T.);
#5698 = VERTEX_POINT('',#5699);
#5699 = CARTESIAN_POINT('',(-8.,17.,3.));
#5700 = SURFACE_CURVE('',#5701,(#5705,#5712),.PCURVE_S1.);
#5701 = LINE('',#5702,#5703);
#5702 = CARTESIAN_POINT('',(-30.,17.,3.));
#5703 = VECTOR('',#5704,1.);
#5704 = DIRECTION('',(1.,0.,0.));
#5705 = PCURVE('',#937,#5706);
#5706 = DEFINITIONAL_REPRESENTATION('',(#5707),#5711);
#5707 = LINE('',#5708,#5709);
#5708 = CARTESIAN_POINT('',(0.,0.));
#5709 = VECTOR('',#5710,1.);
#5710 = DIRECTION('',(0.,1.));
#5711 = ( GEOMETRIC_REPRESENTATION_CONTEXT(2) 
PARAMETRIC_REPRESENTATION_CONTEXT() REPRESENTATION_CONTEXT('2D SPACE',''
  ) );
#5712 = PCURVE('',#4363,#5713);
#5713 = DEFINITIONAL_REPRESENTATION('',(#5714),#5718);
#5714 = LINE('',#5715,#5716);
#5715 = CARTESIAN_POINT('',(0.,34.));
#5716 = VECTOR('',#5717,1.);
#5717 = DIRECTION('',(1.,0.));
#5718 = ( GEOMETRIC_REPRESENTATION_CONTEXT(2) 
PARAMETRIC_REPRESENTATION_CONTEXT() REPRESENTATION_CONTEXT('2D SPACE',''
  ) );
#5719 = ORIENTED_EDGE('',*,*,#5574,.F.);
#5720 = ORIENTED_EDGE('',*,*,#921,.T.);
#5721 = ORIENTED_EDGE('',*,*,#5722,.F.);
#5722 = EDGE_CURVE('',#5698,#922,#5723,.T.);
#5723 = SURFACE_CURVE('',#5724,(#5728,#5735),.PCURVE_S1.);
#5724 = LINE('',#5725,#5726);
#5725 = CARTESIAN_POINT('',(-8.,17.,3.));
#5726 = VECTOR('',#5727,1.);
#5727 = DIRECTION('',(0.,0.,1.));
#5728 = PCURVE('',#937,#5729);
#5729 = DEFINITIONAL_REPRESENTATION('',(#5730),#5734);
#5730 = LINE('',#5731,#5732);
#5731 = CARTESIAN_POINT('',(0.,22.));
#5732 = VECTOR('',#5733,1.);
#5733 = DIRECTION('',(1.,0.));
#5734 = ( GEOMETRIC_REPRESENTATION_CONTEXT(2) 
PARAMETRIC_REPRESENTATION_CONTEXT() REPRESENTATION_CONTEXT('2D SPACE',''
  ) );
#5735 = PCURVE('',#965,#5736);
#5736 = DEFINITIONAL_REPRESENTATION('',(#5737),#5741);
#5737 = LINE('',#5738,#5739);
#5738 = CARTESIAN_POINT('',(0.,-34.));
#5739 = VECTOR('',#5740,1.);
#5740 = DIRECTION('',(1.,0.));
#5741 = ( GEOMETRIC_REPRESENTATION_CONTEXT(2) 
PARAMETRIC_REPRESENTATION_CONTEXT() REPRESENTATION_CONTEXT('2D SPACE',''
  ) );
#5742 = FACE_BOUND('',#5743,.F.);
#5743 = EDGE_LOOP('',(#5744,#5767,#5788,#5809));
#5744 = ORIENTED_EDGE('',*,*,#5745,.F.);
#5745 = EDGE_CURVE('',#5746,#5748,#5750,.T.);
#5746 = VERTEX_POINT('',#5747);
#5747 = CARTESIAN_POINT('',(-21.,17.,11.5));
#5748 = VERTEX_POINT('',#5749);
#5749 = CARTESIAN_POINT('',(-13.,17.,11.5));
#5750 = SURFACE_CURVE('',#5751,(#5755,#5761),.PCURVE_S1.);
#5751 = LINE('',#5752,#5753);
#5752 = CARTESIAN_POINT('',(-25.5,17.,11.5));
#5753 = VECTOR('',#5754,1.);
#5754 = DIRECTION('',(1.,0.,0.));
#5755 = PCURVE('',#937,#5756);
#5756 = DEFINITIONAL_REPRESENTATION('',(#5757),#5760);
#5757 = B_SPLINE_CURVE_WITH_KNOTS('',1,(#5758,#5759),.UNSPECIFIED.,.F.,
  .F.,(2,2),(4.5,12.5),.PIECEWISE_BEZIER_KNOTS.);
#5758 = CARTESIAN_POINT('',(8.5,9.));
#5759 = CARTESIAN_POINT('',(8.5,17.));
#5760 = ( GEOMETRIC_REPRESENTATION_CONTEXT(2) 
PARAMETRIC_REPRESENTATION_CONTEXT() REPRESENTATION_CONTEXT('2D SPACE',''
  ) );
#5761 = PCURVE('',#3393,#5762);
#5762 = DEFINITIONAL_REPRESENTATION('',(#5763),#5766);
#5763 = B_SPLINE_CURVE_WITH_KNOTS('',1,(#5764,#5765),.UNSPECIFIED.,.F.,
  .F.,(2,2),(4.5,12.5),.PIECEWISE_BEZIER_KNOTS.);
#5764 = CARTESIAN_POINT('',(0.,3.75));
#5765 = CARTESIAN_POINT('',(8.,3.75));
#5766 = ( GEOMETRIC_REPRESENTATION_CONTEXT(2) 
PARAMETRIC_REPRESENTATION_CONTEXT() REPRESENTATION_CONTEXT('2D SPACE',''
  ) );
#5767 = ORIENTED_EDGE('',*,*,#5768,.T.);
#5768 = EDGE_CURVE('',#5746,#5769,#5771,.T.);
#5769 = VERTEX_POINT('',#5770);
#5770 = CARTESIAN_POINT('',(-21.,17.,9.));
#5771 = SURFACE_CURVE('',#5772,(#5776,#5782),.PCURVE_S1.);
#5772 = LINE('',#5773,#5774);
#5773 = CARTESIAN_POINT('',(-21.,17.,6.));
#5774 = VECTOR('',#5775,1.);
#5775 = DIRECTION('',(0.,0.,-1.));
#5776 = PCURVE('',#937,#5777);
#5777 = DEFINITIONAL_REPRESENTATION('',(#5778),#5781);
#5778 = B_SPLINE_CURVE_WITH_KNOTS('',1,(#5779,#5780),.UNSPECIFIED.,.F.,
  .F.,(2,2),(-5.5,-3.),.PIECEWISE_BEZIER_KNOTS.);
#5779 = CARTESIAN_POINT('',(8.5,9.));
#5780 = CARTESIAN_POINT('',(6.,9.));
#5781 = ( GEOMETRIC_REPRESENTATION_CONTEXT(2) 
PARAMETRIC_REPRESENTATION_CONTEXT() REPRESENTATION_CONTEXT('2D SPACE',''
  ) );
#5782 = PCURVE('',#3419,#5783);
#5783 = DEFINITIONAL_REPRESENTATION('',(#5784),#5787);
#5784 = B_SPLINE_CURVE_WITH_KNOTS('',1,(#5785,#5786),.UNSPECIFIED.,.F.,
  .F.,(2,2),(-5.5,-3.),.PIECEWISE_BEZIER_KNOTS.);
#5785 = CARTESIAN_POINT('',(2.5,-3.75));
#5786 = CARTESIAN_POINT('',(0.,-3.75));
#5787 = ( GEOMETRIC_REPRESENTATION_CONTEXT(2) 
PARAMETRIC_REPRESENTATION_CONTEXT() REPRESENTATION_CONTEXT('2D SPACE',''
  ) );
#5788 = ORIENTED_EDGE('',*,*,#5789,.T.);
#5789 = EDGE_CURVE('',#5769,#5790,#5792,.T.);
#5790 = VERTEX_POINT('',#5791);
#5791 = CARTESIAN_POINT('',(-13.,17.,9.));
#5792 = SURFACE_CURVE('',#5793,(#5797,#5803),.PCURVE_S1.);
#5793 = LINE('',#5794,#5795);
#5794 = CARTESIAN_POINT('',(-25.5,17.,9.));
#5795 = VECTOR('',#5796,1.);
#5796 = DIRECTION('',(1.,0.,0.));
#5797 = PCURVE('',#937,#5798);
#5798 = DEFINITIONAL_REPRESENTATION('',(#5799),#5802);
#5799 = B_SPLINE_CURVE_WITH_KNOTS('',1,(#5800,#5801),.UNSPECIFIED.,.F.,
  .F.,(2,2),(4.5,12.5),.PIECEWISE_BEZIER_KNOTS.);
#5800 = CARTESIAN_POINT('',(6.,9.));
#5801 = CARTESIAN_POINT('',(6.,17.));
#5802 = ( GEOMETRIC_REPRESENTATION_CONTEXT(2) 
PARAMETRIC_REPRESENTATION_CONTEXT() REPRESENTATION_CONTEXT('2D SPACE',''
  ) );
#5803 = PCURVE('',#3445,#5804);
#5804 = DEFINITIONAL_REPRESENTATION('',(#5805),#5808);
#5805 = B_SPLINE_CURVE_WITH_KNOTS('',1,(#5806,#5807),.UNSPECIFIED.,.F.,
  .F.,(2,2),(4.5,12.5),.PIECEWISE_BEZIER_KNOTS.);
#5806 = CARTESIAN_POINT('',(0.,3.75));
#5807 = CARTESIAN_POINT('',(8.,3.75));
#5808 = ( GEOMETRIC_REPRESENTATION_CONTEXT(2) 
PARAMETRIC_REPRESENTATION_CONTEXT() REPRESENTATION_CONTEXT('2D SPACE',''
  ) );
#5809 = ORIENTED_EDGE('',*,*,#5810,.F.);
#5810 = EDGE_CURVE('',#5748,#5790,#5811,.T.);
#5811 = SURFACE_CURVE('',#5812,(#5816,#5822),.PCURVE_S1.);
#5812 = LINE('',#5813,#5814);
#5813 = CARTESIAN_POINT('',(-13.,17.,6.));
#5814 = VECTOR('',#5815,1.);
#5815 = DIRECTION('',(0.,0.,-1.));
#5816 = PCURVE('',#937,#5817);
#5817 = DEFINITIONAL_REPRESENTATION('',(#5818),#5821);
#5818 = B_SPLINE_CURVE_WITH_KNOTS('',1,(#5819,#5820),.UNSPECIFIED.,.F.,
  .F.,(2,2),(-5.5,-3.),.PIECEWISE_BEZIER_KNOTS.);
#5819 = CARTESIAN_POINT('',(8.5,17.));
#5820 = CARTESIAN_POINT('',(6.,17.));
#5821 = ( GEOMETRIC_REPRESENTATION_CONTEXT(2) 
PARAMETRIC_REPRESENTATION_CONTEXT() REPRESENTATION_CONTEXT('2D SPACE',''
  ) );
#5822 = PCURVE('',#3469,#5823);
#5823 = DEFINITIONAL_REPRESENTATION('',(#5824),#5827);
#5824 = B_SPLINE_CURVE_WITH_KNOTS('',1,(#5825,#5826),.UNSPECIFIED.,.F.,
  .F.,(2,2),(-5.5,-3.),.PIECEWISE_BEZIER_KNOTS.);
#5825 = CARTESIAN_POINT('',(2.5,-3.75));
#5826 = CARTESIAN_POINT('',(0.,-3.75));
#5827 = ( GEOMETRIC_REPRESENTATION_CONTEXT(2) 
PARAMETRIC_REPRESENTATION_CONTEXT() REPRESENTATION_CONTEXT('2D SPACE',''
  ) );
#5828 = FACE_BOUND('',#5829,.F.);
#5829 = EDGE_LOOP('',(#5830,#5853,#5874,#5895));
#5830 = ORIENTED_EDGE('',*,*,#5831,.F.);
#5831 = EDGE_CURVE('',#5832,#5834,#5836,.T.);
#5832 = VERTEX_POINT('',#5833);
#5833 = CARTESIAN_POINT('',(-21.,17.,16.5));
#5834 = VERTEX_POINT('',#5835);
#5835 = CARTESIAN_POINT('',(-13.,17.,16.5));
#5836 = SURFACE_CURVE('',#5837,(#5841,#5847),.PCURVE_S1.);
#5837 = LINE('',#5838,#5839);
#5838 = CARTESIAN_POINT('',(-25.5,17.,16.5));
#5839 = VECTOR('',#5840,1.);
#5840 = DIRECTION('',(1.,0.,0.));
#5841 = PCURVE('',#937,#5842);
#5842 = DEFINITIONAL_REPRESENTATION('',(#5843),#5846);
#5843 = B_SPLINE_CURVE_WITH_KNOTS('',1,(#5844,#5845),.UNSPECIFIED.,.F.,
  .F.,(2,2),(4.5,12.5),.PIECEWISE_BEZIER_KNOTS.);
#5844 = CARTESIAN_POINT('',(13.5,9.));
#5845 = CARTESIAN_POINT('',(13.5,17.));
#5846 = ( GEOMETRIC_REPRESENTATION_CONTEXT(2) 
PARAMETRIC_REPRESENTATION_CONTEXT() REPRESENTATION_CONTEXT('2D SPACE',''
  ) );
#5847 = PCURVE('',#3499,#5848);
#5848 = DEFINITIONAL_REPRESENTATION('',(#5849),#5852);
#5849 = B_SPLINE_CURVE_WITH_KNOTS('',1,(#5850,#5851),.UNSPECIFIED.,.F.,
  .F.,(2,2),(4.5,12.5),.PIECEWISE_BEZIER_KNOTS.);
#5850 = CARTESIAN_POINT('',(0.,3.75));
#5851 = CARTESIAN_POINT('',(8.,3.75));
#5852 = ( GEOMETRIC_REPRESENTATION_CONTEXT(2) 
PARAMETRIC_REPRESENTATION_CONTEXT() REPRESENTATION_CONTEXT('2D SPACE',''
  ) );
#5853 = ORIENTED_EDGE('',*,*,#5854,.T.);
#5854 = EDGE_CURVE('',#5832,#5855,#5857,.T.);
#5855 = VERTEX_POINT('',#5856);
#5856 = CARTESIAN_POINT('',(-21.,17.,14.));
#5857 = SURFACE_CURVE('',#5858,(#5862,#5868),.PCURVE_S1.);
#5858 = LINE('',#5859,#5860);
#5859 = CARTESIAN_POINT('',(-21.,17.,8.5));
#5860 = VECTOR('',#5861,1.);
#5861 = DIRECTION('',(0.,0.,-1.));
#5862 = PCURVE('',#937,#5863);
#5863 = DEFINITIONAL_REPRESENTATION('',(#5864),#5867);
#5864 = B_SPLINE_CURVE_WITH_KNOTS('',1,(#5865,#5866),.UNSPECIFIED.,.F.,
  .F.,(2,2),(-8.,-5.5),.PIECEWISE_BEZIER_KNOTS.);
#5865 = CARTESIAN_POINT('',(13.5,9.));
#5866 = CARTESIAN_POINT('',(11.,9.));
#5867 = ( GEOMETRIC_REPRESENTATION_CONTEXT(2) 
PARAMETRIC_REPRESENTATION_CONTEXT() REPRESENTATION_CONTEXT('2D SPACE',''
  ) );
#5868 = PCURVE('',#3525,#5869);
#5869 = DEFINITIONAL_REPRESENTATION('',(#5870),#5873);
#5870 = B_SPLINE_CURVE_WITH_KNOTS('',1,(#5871,#5872),.UNSPECIFIED.,.F.,
  .F.,(2,2),(-8.,-5.5),.PIECEWISE_BEZIER_KNOTS.);
#5871 = CARTESIAN_POINT('',(2.5,-3.75));
#5872 = CARTESIAN_POINT('',(0.,-3.75));
#5873 = ( GEOMETRIC_REPRESENTATION_CONTEXT(2) 
PARAMETRIC_REPRESENTATION_CONTEXT() REPRESENTATION_CONTEXT('2D SPACE',''
  ) );
#5874 = ORIENTED_EDGE('',*,*,#5875,.T.);
#5875 = EDGE_CURVE('',#5855,#5876,#5878,.T.);
#5876 = VERTEX_POINT('',#5877);
#5877 = CARTESIAN_POINT('',(-13.,17.,14.));
#5878 = SURFACE_CURVE('',#5879,(#5883,#5889),.PCURVE_S1.);
#5879 = LINE('',#5880,#5881);
#5880 = CARTESIAN_POINT('',(-25.5,17.,14.));
#5881 = VECTOR('',#5882,1.);
#5882 = DIRECTION('',(1.,0.,0.));
#5883 = PCURVE('',#937,#5884);
#5884 = DEFINITIONAL_REPRESENTATION('',(#5885),#5888);
#5885 = B_SPLINE_CURVE_WITH_KNOTS('',1,(#5886,#5887),.UNSPECIFIED.,.F.,
  .F.,(2,2),(4.5,12.5),.PIECEWISE_BEZIER_KNOTS.);
#5886 = CARTESIAN_POINT('',(11.,9.));
#5887 = CARTESIAN_POINT('',(11.,17.));
#5888 = ( GEOMETRIC_REPRESENTATION_CONTEXT(2) 
PARAMETRIC_REPRESENTATION_CONTEXT() REPRESENTATION_CONTEXT('2D SPACE',''
  ) );
#5889 = PCURVE('',#3551,#5890);
#5890 = DEFINITIONAL_REPRESENTATION('',(#5891),#5894);
#5891 = B_SPLINE_CURVE_WITH_KNOTS('',1,(#5892,#5893),.UNSPECIFIED.,.F.,
  .F.,(2,2),(4.5,12.5),.PIECEWISE_BEZIER_KNOTS.);
#5892 = CARTESIAN_POINT('',(0.,3.75));
#5893 = CARTESIAN_POINT('',(8.,3.75));
#5894 = ( GEOMETRIC_REPRESENTATION_CONTEXT(2) 
PARAMETRIC_REPRESENTATION_CONTEXT() REPRESENTATION_CONTEXT('2D SPACE',''
  ) );
#5895 = ORIENTED_EDGE('',*,*,#5896,.F.);
#5896 = EDGE_CURVE('',#5834,#5876,#5897,.T.);
#5897 = SURFACE_CURVE('',#5898,(#5902,#5908),.PCURVE_S1.);
#5898 = LINE('',#5899,#5900);
#5899 = CARTESIAN_POINT('',(-13.,17.,8.5));
#5900 = VECTOR('',#5901,1.);
#5901 = DIRECTION('',(0.,0.,-1.));
#5902 = PCURVE('',#937,#5903);
#5903 = DEFINITIONAL_REPRESENTATION('',(#5904),#5907);
#5904 = B_SPLINE_CURVE_WITH_KNOTS('',1,(#5905,#5906),.UNSPECIFIED.,.F.,
  .F.,(2,2),(-8.,-5.5),.PIECEWISE_BEZIER_KNOTS.);
#5905 = CARTESIAN_POINT('',(13.5,17.));
#5906 = CARTESIAN_POINT('',(11.,17.));
#5907 = ( GEOMETRIC_REPRESENTATION_CONTEXT(2) 
PARAMETRIC_REPRESENTATION_CONTEXT() REPRESENTATION_CONTEXT('2D SPACE',''
  ) );
#5908 = PCURVE('',#3575,#5909);
#5909 = DEFINITIONAL_REPRESENTATION('',(#5910),#5913);
#5910 = B_SPLINE_CURVE_WITH_KNOTS('',1,(#5911,#5912),.UNSPECIFIED.,.F.,
  .F.,(2,2),(-8.,-5.5),.PIECEWISE_BEZIER_KNOTS.);
#5911 = CARTESIAN_POINT('',(2.5,-3.75));
#5912 = CARTESIAN_POINT('',(0.,-3.75));
#5913 = ( GEOMETRIC_REPRESENTATION_CONTEXT(2) 
PARAMETRIC_REPRESENTATION_CONTEXT() REPRESENTATION_CONTEXT('2D SPACE',''
  ) );
#5914 = FACE_BOUND('',#5915,.F.);
#5915 = EDGE_LOOP('',(#5916,#5939,#5960,#5981));
#5916 = ORIENTED_EDGE('',*,*,#5917,.F.);
#5917 = EDGE_CURVE('',#5918,#5920,#5922,.T.);
#5918 = VERTEX_POINT('',#5919);
#5919 = CARTESIAN_POINT('',(-21.,17.,21.5));
#5920 = VERTEX_POINT('',#5921);
#5921 = CARTESIAN_POINT('',(-13.,17.,21.5));
#5922 = SURFACE_CURVE('',#5923,(#5927,#5933),.PCURVE_S1.);
#5923 = LINE('',#5924,#5925);
#5924 = CARTESIAN_POINT('',(-25.5,17.,21.5));
#5925 = VECTOR('',#5926,1.);
#5926 = DIRECTION('',(1.,0.,0.));
#5927 = PCURVE('',#937,#5928);
#5928 = DEFINITIONAL_REPRESENTATION('',(#5929),#5932);
#5929 = B_SPLINE_CURVE_WITH_KNOTS('',1,(#5930,#5931),.UNSPECIFIED.,.F.,
  .F.,(2,2),(4.5,12.5),.PIECEWISE_BEZIER_KNOTS.);
#5930 = CARTESIAN_POINT('',(18.5,9.));
#5931 = CARTESIAN_POINT('',(18.5,17.));
#5932 = ( GEOMETRIC_REPRESENTATION_CONTEXT(2) 
PARAMETRIC_REPRESENTATION_CONTEXT() REPRESENTATION_CONTEXT('2D SPACE',''
  ) );
#5933 = PCURVE('',#3605,#5934);
#5934 = DEFINITIONAL_REPRESENTATION('',(#5935),#5938);
#5935 = B_SPLINE_CURVE_WITH_KNOTS('',1,(#5936,#5937),.UNSPECIFIED.,.F.,
  .F.,(2,2),(4.5,12.5),.PIECEWISE_BEZIER_KNOTS.);
#5936 = CARTESIAN_POINT('',(0.,3.75));
#5937 = CARTESIAN_POINT('',(8.,3.75));
#5938 = ( GEOMETRIC_REPRESENTATION_CONTEXT(2) 
PARAMETRIC_REPRESENTATION_CONTEXT() REPRESENTATION_CONTEXT('2D SPACE',''
  ) );
#5939 = ORIENTED_EDGE('',*,*,#5940,.T.);
#5940 = EDGE_CURVE('',#5918,#5941,#5943,.T.);
#5941 = VERTEX_POINT('',#5942);
#5942 = CARTESIAN_POINT('',(-21.,17.,19.));
#5943 = SURFACE_CURVE('',#5944,(#5948,#5954),.PCURVE_S1.);
#5944 = LINE('',#5945,#5946);
#5945 = CARTESIAN_POINT('',(-21.,17.,11.));
#5946 = VECTOR('',#5947,1.);
#5947 = DIRECTION('',(0.,0.,-1.));
#5948 = PCURVE('',#937,#5949);
#5949 = DEFINITIONAL_REPRESENTATION('',(#5950),#5953);
#5950 = B_SPLINE_CURVE_WITH_KNOTS('',1,(#5951,#5952),.UNSPECIFIED.,.F.,
  .F.,(2,2),(-10.5,-8.),.PIECEWISE_BEZIER_KNOTS.);
#5951 = CARTESIAN_POINT('',(18.5,9.));
#5952 = CARTESIAN_POINT('',(16.,9.));
#5953 = ( GEOMETRIC_REPRESENTATION_CONTEXT(2) 
PARAMETRIC_REPRESENTATION_CONTEXT() REPRESENTATION_CONTEXT('2D SPACE',''
  ) );
#5954 = PCURVE('',#3631,#5955);
#5955 = DEFINITIONAL_REPRESENTATION('',(#5956),#5959);
#5956 = B_SPLINE_CURVE_WITH_KNOTS('',1,(#5957,#5958),.UNSPECIFIED.,.F.,
  .F.,(2,2),(-10.5,-8.),.PIECEWISE_BEZIER_KNOTS.);
#5957 = CARTESIAN_POINT('',(2.5,-3.75));
#5958 = CARTESIAN_POINT('',(0.,-3.75));
#5959 = ( GEOMETRIC_REPRESENTATION_CONTEXT(2) 
PARAMETRIC_REPRESENTATION_CONTEXT() REPRESENTATION_CONTEXT('2D SPACE',''
  ) );
#5960 = ORIENTED_EDGE('',*,*,#5961,.T.);
#5961 = EDGE_CURVE('',#5941,#5962,#5964,.T.);
#5962 = VERTEX_POINT('',#5963);
#5963 = CARTESIAN_POINT('',(-13.,17.,19.));
#5964 = SURFACE_CURVE('',#5965,(#5969,#5975),.PCURVE_S1.);
#5965 = LINE('',#5966,#5967);
#5966 = CARTESIAN_POINT('',(-25.5,17.,19.));
#5967 = VECTOR('',#5968,1.);
#5968 = DIRECTION('',(1.,0.,0.));
#5969 = PCURVE('',#937,#5970);
#5970 = DEFINITIONAL_REPRESENTATION('',(#5971),#5974);
#5971 = B_SPLINE_CURVE_WITH_KNOTS('',1,(#5972,#5973),.UNSPECIFIED.,.F.,
  .F.,(2,2),(4.5,12.5),.PIECEWISE_BEZIER_KNOTS.);
#5972 = CARTESIAN_POINT('',(16.,9.));
#5973 = CARTESIAN_POINT('',(16.,17.));
#5974 = ( GEOMETRIC_REPRESENTATION_CONTEXT(2) 
PARAMETRIC_REPRESENTATION_CONTEXT() REPRESENTATION_CONTEXT('2D SPACE',''
  ) );
#5975 = PCURVE('',#3657,#5976);
#5976 = DEFINITIONAL_REPRESENTATION('',(#5977),#5980);
#5977 = B_SPLINE_CURVE_WITH_KNOTS('',1,(#5978,#5979),.UNSPECIFIED.,.F.,
  .F.,(2,2),(4.5,12.5),.PIECEWISE_BEZIER_KNOTS.);
#5978 = CARTESIAN_POINT('',(0.,3.75));
#5979 = CARTESIAN_POINT('',(8.,3.75));
#5980 = ( GEOMETRIC_REPRESENTATION_CONTEXT(2) 
PARAMETRIC_REPRESENTATION_CONTEXT() REPRESENTATION_CONTEXT('2D SPACE',''
  ) );
#5981 = ORIENTED_EDGE('',*,*,#5982,.F.);
#5982 = EDGE_CURVE('',#5920,#5962,#5983,.T.);
#5983 = SURFACE_CURVE('',#5984,(#5988,#5994),.PCURVE_S1.);
#5984 = LINE('',#5985,#5986);
#5985 = CARTESIAN_POINT('',(-13.,17.,11.));
#5986 = VECTOR('',#5987,1.);
#5987 = DIRECTION('',(0.,0.,-1.));
#5988 = PCURVE('',#937,#5989);
#5989 = DEFINITIONAL_REPRESENTATION('',(#5990),#5993);
#5990 = B_SPLINE_CURVE_WITH_KNOTS('',1,(#5991,#5992),.UNSPECIFIED.,.F.,
  .F.,(2,2),(-10.5,-8.),.PIECEWISE_BEZIER_KNOTS.);
#5991 = CARTESIAN_POINT('',(18.5,17.));
#5992 = CARTESIAN_POINT('',(16.,17.));
#5993 = ( GEOMETRIC_REPRESENTATION_CONTEXT(2) 
PARAMETRIC_REPRESENTATION_CONTEXT() REPRESENTATION_CONTEXT('2D SPACE',''
  ) );
#5994 = PCURVE('',#3681,#5995);
#5995 = DEFINITIONAL_REPRESENTATION('',(#5996),#5999);
#5996 = B_SPLINE_CURVE_WITH_KNOTS('',1,(#5997,#5998),.UNSPECIFIED.,.F.,
  .F.,(2,2),(-10.5,-8.),.PIECEWISE_BEZIER_KNOTS.);
#5997 = CARTESIAN_POINT('',(2.5,-3.75));
#5998 = CARTESIAN_POINT('',(0.,-3.75));
#5999 = ( GEOMETRIC_REPRESENTATION_CONTEXT(2) 
PARAMETRIC_REPRESENTATION_CONTEXT() REPRESENTATION_CONTEXT('2D SPACE',''
  ) );
#6000 = ADVANCED_FACE('',(#6001),#1161,.T.);
#6001 = FACE_BOUND('',#6002,.T.);
#6002 = EDGE_LOOP('',(#6003,#6033,#6059,#6078,#6079,#6080));
#6003 = ORIENTED_EDGE('',*,*,#6004,.F.);
#6004 = EDGE_CURVE('',#6005,#6007,#6009,.T.);
#6005 = VERTEX_POINT('',#6006);
#6006 = CARTESIAN_POINT('',(27.,-9.75,3.));
#6007 = VERTEX_POINT('',#6008);
#6008 = CARTESIAN_POINT('',(30.,-9.75,3.));
#6009 = SURFACE_CURVE('',#6010,(#6014,#6021),.PCURVE_S1.);
#6010 = LINE('',#6011,#6012);
#6011 = CARTESIAN_POINT('',(22.5,-9.75,3.));
#6012 = VECTOR('',#6013,1.);
#6013 = DIRECTION('',(1.,0.,0.));
#6014 = PCURVE('',#1161,#6015);
#6015 = DEFINITIONAL_REPRESENTATION('',(#6016),#6020);
#6016 = LINE('',#6017,#6018);
#6017 = CARTESIAN_POINT('',(0.,0.));
#6018 = VECTOR('',#6019,1.);
#6019 = DIRECTION('',(0.,1.));
#6020 = ( GEOMETRIC_REPRESENTATION_CONTEXT(2) 
PARAMETRIC_REPRESENTATION_CONTEXT() REPRESENTATION_CONTEXT('2D SPACE',''
  ) );
#6021 = PCURVE('',#6022,#6027);
#6022 = PLANE('',#6023);
#6023 = AXIS2_PLACEMENT_3D('',#6024,#6025,#6026);
#6024 = CARTESIAN_POINT('',(-30.,-17.,3.));
#6025 = DIRECTION('',(0.,0.,1.));
#6026 = DIRECTION('',(1.,0.,0.));
#6027 = DEFINITIONAL_REPRESENTATION('',(#6028),#6032);
#6028 = LINE('',#6029,#6030);
#6029 = CARTESIAN_POINT('',(52.5,7.25));
#6030 = VECTOR('',#6031,1.);
#6031 = DIRECTION('',(1.,0.));
#6032 = ( GEOMETRIC_REPRESENTATION_CONTEXT(2) 
PARAMETRIC_REPRESENTATION_CONTEXT() REPRESENTATION_CONTEXT('2D SPACE',''
  ) );
#6033 = ORIENTED_EDGE('',*,*,#6034,.T.);
#6034 = EDGE_CURVE('',#6005,#6035,#6037,.T.);
#6035 = VERTEX_POINT('',#6036);
#6036 = CARTESIAN_POINT('',(27.,-9.75,7.));
#6037 = SURFACE_CURVE('',#6038,(#6042,#6048),.PCURVE_S1.);
#6038 = LINE('',#6039,#6040);
#6039 = CARTESIAN_POINT('',(27.,-9.75,3.));
#6040 = VECTOR('',#6041,1.);
#6041 = DIRECTION('',(0.,0.,1.));
#6042 = PCURVE('',#1161,#6043);
#6043 = DEFINITIONAL_REPRESENTATION('',(#6044),#6047);
#6044 = B_SPLINE_CURVE_WITH_KNOTS('',1,(#6045,#6046),.UNSPECIFIED.,.F.,
  .F.,(2,2),(0.,4.),.PIECEWISE_BEZIER_KNOTS.);
#6045 = CARTESIAN_POINT('',(0.,4.5));
#6046 = CARTESIAN_POINT('',(4.,4.5));
#6047 = ( GEOMETRIC_REPRESENTATION_CONTEXT(2) 
PARAMETRIC_REPRESENTATION_CONTEXT() REPRESENTATION_CONTEXT('2D SPACE',''
  ) );
#6048 = PCURVE('',#6049,#6054);
#6049 = PLANE('',#6050);
#6050 = AXIS2_PLACEMENT_3D('',#6051,#6052,#6053);
#6051 = CARTESIAN_POINT('',(27.,-11.5,3.));
#6052 = DIRECTION('',(1.,0.,0.));
#6053 = DIRECTION('',(0.,0.,1.));
#6054 = DEFINITIONAL_REPRESENTATION('',(#6055),#6058);
#6055 = B_SPLINE_CURVE_WITH_KNOTS('',1,(#6056,#6057),.UNSPECIFIED.,.F.,
  .F.,(2,2),(0.,4.),.PIECEWISE_BEZIER_KNOTS.);
#6056 = CARTESIAN_POINT('',(0.,-1.75));
#6057 = CARTESIAN_POINT('',(4.,-1.75));
#6058 = ( GEOMETRIC_REPRESENTATION_CONTEXT(2) 
PARAMETRIC_REPRESENTATION_CONTEXT() REPRESENTATION_CONTEXT('2D SPACE',''
  ) );
#6059 = ORIENTED_EDGE('',*,*,#6060,.T.);
#6060 = EDGE_CURVE('',#6035,#5648,#6061,.T.);
#6061 = SURFACE_CURVE('',#6062,(#6066,#6072),.PCURVE_S1.);
#6062 = LINE('',#6063,#6064);
#6063 = CARTESIAN_POINT('',(11.5,-9.75,7.));
#6064 = VECTOR('',#6065,1.);
#6065 = DIRECTION('',(-1.,0.,0.));
#6066 = PCURVE('',#1161,#6067);
#6067 = DEFINITIONAL_REPRESENTATION('',(#6068),#6071);
#6068 = B_SPLINE_CURVE_WITH_KNOTS('',1,(#6069,#6070),.UNSPECIFIED.,.F.,
  .F.,(2,2),(-15.5,-11.),.PIECEWISE_BEZIER_KNOTS.);
#6069 = CARTESIAN_POINT('',(4.,4.5));
#6070 = CARTESIAN_POINT('',(4.,0.));
#6071 = ( GEOMETRIC_REPRESENTATION_CONTEXT(2) 
PARAMETRIC_REPRESENTATION_CONTEXT() REPRESENTATION_CONTEXT('2D SPACE',''
  ) );
#6072 = PCURVE('',#5662,#6073);
#6073 = DEFINITIONAL_REPRESENTATION('',(#6074),#6077);
#6074 = B_SPLINE_CURVE_WITH_KNOTS('',1,(#6075,#6076),.UNSPECIFIED.,.F.,
  .F.,(2,2),(-15.5,-11.),.PIECEWISE_BEZIER_KNOTS.);
#6075 = CARTESIAN_POINT('',(26.5,1.75));
#6076 = CARTESIAN_POINT('',(22.,1.75));
#6077 = ( GEOMETRIC_REPRESENTATION_CONTEXT(2) 
PARAMETRIC_REPRESENTATION_CONTEXT() REPRESENTATION_CONTEXT('2D SPACE',''
  ) );
#6078 = ORIENTED_EDGE('',*,*,#5673,.T.);
#6079 = ORIENTED_EDGE('',*,*,#1145,.T.);
#6080 = ORIENTED_EDGE('',*,*,#6081,.F.);
#6081 = EDGE_CURVE('',#6007,#1118,#6082,.T.);
#6082 = SURFACE_CURVE('',#6083,(#6087,#6093),.PCURVE_S1.);
#6083 = LINE('',#6084,#6085);
#6084 = CARTESIAN_POINT('',(30.,-9.75,3.));
#6085 = VECTOR('',#6086,1.);
#6086 = DIRECTION('',(0.,0.,1.));
#6087 = PCURVE('',#1161,#6088);
#6088 = DEFINITIONAL_REPRESENTATION('',(#6089),#6092);
#6089 = B_SPLINE_CURVE_WITH_KNOTS('',1,(#6090,#6091),.UNSPECIFIED.,.F.,
  .F.,(2,2),(0.,24.),.PIECEWISE_BEZIER_KNOTS.);
#6090 = CARTESIAN_POINT('',(0.,7.5));
#6091 = CARTESIAN_POINT('',(24.,7.5));
#6092 = ( GEOMETRIC_REPRESENTATION_CONTEXT(2) 
PARAMETRIC_REPRESENTATION_CONTEXT() REPRESENTATION_CONTEXT('2D SPACE',''
  ) );
#6093 = PCURVE('',#1133,#6094);
#6094 = DEFINITIONAL_REPRESENTATION('',(#6095),#6098);
#6095 = B_SPLINE_CURVE_WITH_KNOTS('',1,(#6096,#6097),.UNSPECIFIED.,.F.,
  .F.,(2,2),(0.,24.),.PIECEWISE_BEZIER_KNOTS.);
#6096 = CARTESIAN_POINT('',(0.,-7.25));
#6097 = CARTESIAN_POINT('',(24.,-7.25));
#6098 = ( GEOMETRIC_REPRESENTATION_CONTEXT(2) 
PARAMETRIC_REPRESENTATION_CONTEXT() REPRESENTATION_CONTEXT('2D SPACE',''
  ) );
#6099 = ADVANCED_FACE('',(#6100),#965,.F.);
#6100 = FACE_BOUND('',#6101,.F.);
#6101 = EDGE_LOOP('',(#6102,#6103,#6124,#6145));
#6102 = ORIENTED_EDGE('',*,*,#949,.F.);
#6103 = ORIENTED_EDGE('',*,*,#6104,.F.);
#6104 = EDGE_CURVE('',#6105,#950,#6107,.T.);
#6105 = VERTEX_POINT('',#6106);
#6106 = CARTESIAN_POINT('',(-8.,3.5,3.));
#6107 = SURFACE_CURVE('',#6108,(#6112,#6118),.PCURVE_S1.);
#6108 = LINE('',#6109,#6110);
#6109 = CARTESIAN_POINT('',(-8.,3.5,3.));
#6110 = VECTOR('',#6111,1.);
#6111 = DIRECTION('',(0.,0.,1.));
#6112 = PCURVE('',#965,#6113);
#6113 = DEFINITIONAL_REPRESENTATION('',(#6114),#6117);
#6114 = B_SPLINE_CURVE_WITH_KNOTS('',1,(#6115,#6116),.UNSPECIFIED.,.F.,
  .F.,(2,2),(0.,24.),.PIECEWISE_BEZIER_KNOTS.);
#6115 = CARTESIAN_POINT('',(0.,-20.5));
#6116 = CARTESIAN_POINT('',(24.,-20.5));
#6117 = ( GEOMETRIC_REPRESENTATION_CONTEXT(2) 
PARAMETRIC_REPRESENTATION_CONTEXT() REPRESENTATION_CONTEXT('2D SPACE',''
  ) );
#6118 = PCURVE('',#993,#6119);
#6119 = DEFINITIONAL_REPRESENTATION('',(#6120),#6123);
#6120 = B_SPLINE_CURVE_WITH_KNOTS('',1,(#6121,#6122),.UNSPECIFIED.,.F.,
  .F.,(2,2),(0.,24.),.PIECEWISE_BEZIER_KNOTS.);
#6121 = CARTESIAN_POINT('',(0.,2.));
#6122 = CARTESIAN_POINT('',(24.,2.));
#6123 = ( GEOMETRIC_REPRESENTATION_CONTEXT(2) 
PARAMETRIC_REPRESENTATION_CONTEXT() REPRESENTATION_CONTEXT('2D SPACE',''
  ) );
#6124 = ORIENTED_EDGE('',*,*,#6125,.T.);
#6125 = EDGE_CURVE('',#6105,#5698,#6126,.T.);
#6126 = SURFACE_CURVE('',#6127,(#6131,#6138),.PCURVE_S1.);
#6127 = LINE('',#6128,#6129);
#6128 = CARTESIAN_POINT('',(-8.,-17.,3.));
#6129 = VECTOR('',#6130,1.);
#6130 = DIRECTION('',(0.,1.,0.));
#6131 = PCURVE('',#965,#6132);
#6132 = DEFINITIONAL_REPRESENTATION('',(#6133),#6137);
#6133 = LINE('',#6134,#6135);
#6134 = CARTESIAN_POINT('',(0.,0.));
#6135 = VECTOR('',#6136,1.);
#6136 = DIRECTION('',(0.,-1.));
#6137 = ( GEOMETRIC_REPRESENTATION_CONTEXT(2) 
PARAMETRIC_REPRESENTATION_CONTEXT() REPRESENTATION_CONTEXT('2D SPACE',''
  ) );
#6138 = PCURVE('',#4363,#6139);
#6139 = DEFINITIONAL_REPRESENTATION('',(#6140),#6144);
#6140 = LINE('',#6141,#6142);
#6141 = CARTESIAN_POINT('',(22.,0.));
#6142 = VECTOR('',#6143,1.);
#6143 = DIRECTION('',(0.,1.));
#6144 = ( GEOMETRIC_REPRESENTATION_CONTEXT(2) 
PARAMETRIC_REPRESENTATION_CONTEXT() REPRESENTATION_CONTEXT('2D SPACE',''
  ) );
#6145 = ORIENTED_EDGE('',*,*,#5722,.T.);
#6146 = ADVANCED_FACE('',(#6147,#6193),#1133,.F.);
#6147 = FACE_BOUND('',#6148,.F.);
#6148 = EDGE_LOOP('',(#6149,#6150,#6151,#6174));
#6149 = ORIENTED_EDGE('',*,*,#1117,.F.);
#6150 = ORIENTED_EDGE('',*,*,#6081,.F.);
#6151 = ORIENTED_EDGE('',*,*,#6152,.T.);
#6152 = EDGE_CURVE('',#6007,#6153,#6155,.T.);
#6153 = VERTEX_POINT('',#6154);
#6154 = CARTESIAN_POINT('',(30.,9.75,3.));
#6155 = SURFACE_CURVE('',#6156,(#6160,#6167),.PCURVE_S1.);
#6156 = LINE('',#6157,#6158);
#6157 = CARTESIAN_POINT('',(30.,-17.,3.));
#6158 = VECTOR('',#6159,1.);
#6159 = DIRECTION('',(0.,1.,0.));
#6160 = PCURVE('',#1133,#6161);
#6161 = DEFINITIONAL_REPRESENTATION('',(#6162),#6166);
#6162 = LINE('',#6163,#6164);
#6163 = CARTESIAN_POINT('',(0.,0.));
#6164 = VECTOR('',#6165,1.);
#6165 = DIRECTION('',(0.,-1.));
#6166 = ( GEOMETRIC_REPRESENTATION_CONTEXT(2) 
PARAMETRIC_REPRESENTATION_CONTEXT() REPRESENTATION_CONTEXT('2D SPACE',''
  ) );
#6167 = PCURVE('',#6022,#6168);
#6168 = DEFINITIONAL_REPRESENTATION('',(#6169),#6173);
#6169 = LINE('',#6170,#6171);
#6170 = CARTESIAN_POINT('',(60.,0.));
#6171 = VECTOR('',#6172,1.);
#6172 = DIRECTION('',(0.,1.));
#6173 = ( GEOMETRIC_REPRESENTATION_CONTEXT(2) 
PARAMETRIC_REPRESENTATION_CONTEXT() REPRESENTATION_CONTEXT('2D SPACE',''
  ) );
#6174 = ORIENTED_EDGE('',*,*,#6175,.T.);
#6175 = EDGE_CURVE('',#6153,#1090,#6176,.T.);
#6176 = SURFACE_CURVE('',#6177,(#6181,#6187),.PCURVE_S1.);
#6177 = LINE('',#6178,#6179);
#6178 = CARTESIAN_POINT('',(30.,9.75,3.));
#6179 = VECTOR('',#6180,1.);
#6180 = DIRECTION('',(0.,0.,1.));
#6181 = PCURVE('',#1133,#6182);
#6182 = DEFINITIONAL_REPRESENTATION('',(#6183),#6186);
#6183 = B_SPLINE_CURVE_WITH_KNOTS('',1,(#6184,#6185),.UNSPECIFIED.,.F.,
  .F.,(2,2),(0.,24.),.PIECEWISE_BEZIER_KNOTS.);
#6184 = CARTESIAN_POINT('',(0.,-26.75));
#6185 = CARTESIAN_POINT('',(24.,-26.75));
#6186 = ( GEOMETRIC_REPRESENTATION_CONTEXT(2) 
PARAMETRIC_REPRESENTATION_CONTEXT() REPRESENTATION_CONTEXT('2D SPACE',''
  ) );
#6187 = PCURVE('',#1105,#6188);
#6188 = DEFINITIONAL_REPRESENTATION('',(#6189),#6192);
#6189 = B_SPLINE_CURVE_WITH_KNOTS('',1,(#6190,#6191),.UNSPECIFIED.,.F.,
  .F.,(2,2),(0.,24.),.PIECEWISE_BEZIER_KNOTS.);
#6190 = CARTESIAN_POINT('',(0.,7.5));
#6191 = CARTESIAN_POINT('',(24.,7.5));
#6192 = ( GEOMETRIC_REPRESENTATION_CONTEXT(2) 
PARAMETRIC_REPRESENTATION_CONTEXT() REPRESENTATION_CONTEXT('2D SPACE',''
  ) );
#6193 = FACE_BOUND('',#6194,.F.);
#6194 = EDGE_LOOP('',(#6195,#6218,#6239,#6260));
#6195 = ORIENTED_EDGE('',*,*,#6196,.T.);
#6196 = EDGE_CURVE('',#6197,#6199,#6201,.T.);
#6197 = VERTEX_POINT('',#6198);
#6198 = CARTESIAN_POINT('',(30.,7.5,3.5));
#6199 = VERTEX_POINT('',#6200);
#6200 = CARTESIAN_POINT('',(30.,-7.5,3.5));
#6201 = SURFACE_CURVE('',#6202,(#6206,#6212),.PCURVE_S1.);
#6202 = LINE('',#6203,#6204);
#6203 = CARTESIAN_POINT('',(30.,-12.25,3.5));
#6204 = VECTOR('',#6205,1.);
#6205 = DIRECTION('',(0.,-1.,0.));
#6206 = PCURVE('',#1133,#6207);
#6207 = DEFINITIONAL_REPRESENTATION('',(#6208),#6211);
#6208 = B_SPLINE_CURVE_WITH_KNOTS('',1,(#6209,#6210),.UNSPECIFIED.,.F.,
  .F.,(2,2),(-19.75,-4.75),.PIECEWISE_BEZIER_KNOTS.);
#6209 = CARTESIAN_POINT('',(0.5,-24.5));
#6210 = CARTESIAN_POINT('',(0.5,-9.5));
#6211 = ( GEOMETRIC_REPRESENTATION_CONTEXT(2) 
PARAMETRIC_REPRESENTATION_CONTEXT() REPRESENTATION_CONTEXT('2D SPACE',''
  ) );
#6212 = PCURVE('',#4090,#6213);
#6213 = DEFINITIONAL_REPRESENTATION('',(#6214),#6217);
#6214 = B_SPLINE_CURVE_WITH_KNOTS('',1,(#6215,#6216),.UNSPECIFIED.,.F.,
  .F.,(2,2),(-19.75,-4.75),.PIECEWISE_BEZIER_KNOTS.);
#6215 = CARTESIAN_POINT('',(3.75,15.));
#6216 = CARTESIAN_POINT('',(3.75,0.));
#6217 = ( GEOMETRIC_REPRESENTATION_CONTEXT(2) 
PARAMETRIC_REPRESENTATION_CONTEXT() REPRESENTATION_CONTEXT('2D SPACE',''
  ) );
#6218 = ORIENTED_EDGE('',*,*,#6219,.T.);
#6219 = EDGE_CURVE('',#6199,#6220,#6222,.T.);
#6220 = VERTEX_POINT('',#6221);
#6221 = CARTESIAN_POINT('',(30.,-7.5,12.5));
#6222 = SURFACE_CURVE('',#6223,(#6227,#6233),.PCURVE_S1.);
#6223 = LINE('',#6224,#6225);
#6224 = CARTESIAN_POINT('',(30.,-7.5,3.25));
#6225 = VECTOR('',#6226,1.);
#6226 = DIRECTION('',(0.,0.,1.));
#6227 = PCURVE('',#1133,#6228);
#6228 = DEFINITIONAL_REPRESENTATION('',(#6229),#6232);
#6229 = B_SPLINE_CURVE_WITH_KNOTS('',1,(#6230,#6231),.UNSPECIFIED.,.F.,
  .F.,(2,2),(0.25,9.25),.PIECEWISE_BEZIER_KNOTS.);
#6230 = CARTESIAN_POINT('',(0.5,-9.5));
#6231 = CARTESIAN_POINT('',(9.5,-9.5));
#6232 = ( GEOMETRIC_REPRESENTATION_CONTEXT(2) 
PARAMETRIC_REPRESENTATION_CONTEXT() REPRESENTATION_CONTEXT('2D SPACE',''
  ) );
#6233 = PCURVE('',#4116,#6234);
#6234 = DEFINITIONAL_REPRESENTATION('',(#6235),#6238);
#6235 = B_SPLINE_CURVE_WITH_KNOTS('',1,(#6236,#6237),.UNSPECIFIED.,.F.,
  .F.,(2,2),(0.25,9.25),.PIECEWISE_BEZIER_KNOTS.);
#6236 = CARTESIAN_POINT('',(0.,3.75));
#6237 = CARTESIAN_POINT('',(9.,3.75));
#6238 = ( GEOMETRIC_REPRESENTATION_CONTEXT(2) 
PARAMETRIC_REPRESENTATION_CONTEXT() REPRESENTATION_CONTEXT('2D SPACE',''
  ) );
#6239 = ORIENTED_EDGE('',*,*,#6240,.F.);
#6240 = EDGE_CURVE('',#6241,#6220,#6243,.T.);
#6241 = VERTEX_POINT('',#6242);
#6242 = CARTESIAN_POINT('',(30.,7.5,12.5));
#6243 = SURFACE_CURVE('',#6244,(#6248,#6254),.PCURVE_S1.);
#6244 = LINE('',#6245,#6246);
#6245 = CARTESIAN_POINT('',(30.,-12.25,12.5));
#6246 = VECTOR('',#6247,1.);
#6247 = DIRECTION('',(0.,-1.,0.));
#6248 = PCURVE('',#1133,#6249);
#6249 = DEFINITIONAL_REPRESENTATION('',(#6250),#6253);
#6250 = B_SPLINE_CURVE_WITH_KNOTS('',1,(#6251,#6252),.UNSPECIFIED.,.F.,
  .F.,(2,2),(-19.75,-4.75),.PIECEWISE_BEZIER_KNOTS.);
#6251 = CARTESIAN_POINT('',(9.5,-24.5));
#6252 = CARTESIAN_POINT('',(9.5,-9.5));
#6253 = ( GEOMETRIC_REPRESENTATION_CONTEXT(2) 
PARAMETRIC_REPRESENTATION_CONTEXT() REPRESENTATION_CONTEXT('2D SPACE',''
  ) );
#6254 = PCURVE('',#4142,#6255);
#6255 = DEFINITIONAL_REPRESENTATION('',(#6256),#6259);
#6256 = B_SPLINE_CURVE_WITH_KNOTS('',1,(#6257,#6258),.UNSPECIFIED.,.F.,
  .F.,(2,2),(-19.75,-4.75),.PIECEWISE_BEZIER_KNOTS.);
#6257 = CARTESIAN_POINT('',(3.75,15.));
#6258 = CARTESIAN_POINT('',(3.75,0.));
#6259 = ( GEOMETRIC_REPRESENTATION_CONTEXT(2) 
PARAMETRIC_REPRESENTATION_CONTEXT() REPRESENTATION_CONTEXT('2D SPACE',''
  ) );
#6260 = ORIENTED_EDGE('',*,*,#6261,.F.);
#6261 = EDGE_CURVE('',#6197,#6241,#6262,.T.);
#6262 = SURFACE_CURVE('',#6263,(#6267,#6273),.PCURVE_S1.);
#6263 = LINE('',#6264,#6265);
#6264 = CARTESIAN_POINT('',(30.,7.5,3.25));
#6265 = VECTOR('',#6266,1.);
#6266 = DIRECTION('',(0.,0.,1.));
#6267 = PCURVE('',#1133,#6268);
#6268 = DEFINITIONAL_REPRESENTATION('',(#6269),#6272);
#6269 = B_SPLINE_CURVE_WITH_KNOTS('',1,(#6270,#6271),.UNSPECIFIED.,.F.,
  .F.,(2,2),(0.25,9.25),.PIECEWISE_BEZIER_KNOTS.);
#6270 = CARTESIAN_POINT('',(0.5,-24.5));
#6271 = CARTESIAN_POINT('',(9.5,-24.5));
#6272 = ( GEOMETRIC_REPRESENTATION_CONTEXT(2) 
PARAMETRIC_REPRESENTATION_CONTEXT() REPRESENTATION_CONTEXT('2D SPACE',''
  ) );
#6273 = PCURVE('',#4166,#6274);
#6274 = DEFINITIONAL_REPRESENTATION('',(#6275),#6278);
#6275 = B_SPLINE_CURVE_WITH_KNOTS('',1,(#6276,#6277),.UNSPECIFIED.,.F.,
  .F.,(2,2),(0.25,9.25),.PIECEWISE_BEZIER_KNOTS.);
#6276 = CARTESIAN_POINT('',(0.,3.75));
#6277 = CARTESIAN_POINT('',(9.,3.75));
#6278 = ( GEOMETRIC_REPRESENTATION_CONTEXT(2) 
PARAMETRIC_REPRESENTATION_CONTEXT() REPRESENTATION_CONTEXT('2D SPACE',''
  ) );
#6279 = ADVANCED_FACE('',(#6280),#993,.F.);
#6280 = FACE_BOUND('',#6281,.F.);
#6281 = EDGE_LOOP('',(#6282,#6305,#6306,#6307));
#6282 = ORIENTED_EDGE('',*,*,#6283,.F.);
#6283 = EDGE_CURVE('',#6105,#6284,#6286,.T.);
#6284 = VERTEX_POINT('',#6285);
#6285 = CARTESIAN_POINT('',(-6.,3.5,3.));
#6286 = SURFACE_CURVE('',#6287,(#6291,#6298),.PCURVE_S1.);
#6287 = LINE('',#6288,#6289);
#6288 = CARTESIAN_POINT('',(-10.,3.5,3.));
#6289 = VECTOR('',#6290,1.);
#6290 = DIRECTION('',(1.,0.,0.));
#6291 = PCURVE('',#993,#6292);
#6292 = DEFINITIONAL_REPRESENTATION('',(#6293),#6297);
#6293 = LINE('',#6294,#6295);
#6294 = CARTESIAN_POINT('',(0.,0.));
#6295 = VECTOR('',#6296,1.);
#6296 = DIRECTION('',(0.,1.));
#6297 = ( GEOMETRIC_REPRESENTATION_CONTEXT(2) 
PARAMETRIC_REPRESENTATION_CONTEXT() REPRESENTATION_CONTEXT('2D SPACE',''
  ) );
#6298 = PCURVE('',#4363,#6299);
#6299 = DEFINITIONAL_REPRESENTATION('',(#6300),#6304);
#6300 = LINE('',#6301,#6302);
#6301 = CARTESIAN_POINT('',(20.,20.5));
#6302 = VECTOR('',#6303,1.);
#6303 = DIRECTION('',(1.,0.));
#6304 = ( GEOMETRIC_REPRESENTATION_CONTEXT(2) 
PARAMETRIC_REPRESENTATION_CONTEXT() REPRESENTATION_CONTEXT('2D SPACE',''
  ) );
#6305 = ORIENTED_EDGE('',*,*,#6104,.T.);
#6306 = ORIENTED_EDGE('',*,*,#977,.T.);
#6307 = ORIENTED_EDGE('',*,*,#6308,.F.);
#6308 = EDGE_CURVE('',#6284,#978,#6309,.T.);
#6309 = SURFACE_CURVE('',#6310,(#6314,#6320),.PCURVE_S1.);
#6310 = LINE('',#6311,#6312);
#6311 = CARTESIAN_POINT('',(-6.,3.5,3.));
#6312 = VECTOR('',#6313,1.);
#6313 = DIRECTION('',(0.,0.,1.));
#6314 = PCURVE('',#993,#6315);
#6315 = DEFINITIONAL_REPRESENTATION('',(#6316),#6319);
#6316 = B_SPLINE_CURVE_WITH_KNOTS('',1,(#6317,#6318),.UNSPECIFIED.,.F.,
  .F.,(2,2),(0.,24.),.PIECEWISE_BEZIER_KNOTS.);
#6317 = CARTESIAN_POINT('',(0.,4.));
#6318 = CARTESIAN_POINT('',(24.,4.));
#6319 = ( GEOMETRIC_REPRESENTATION_CONTEXT(2) 
PARAMETRIC_REPRESENTATION_CONTEXT() REPRESENTATION_CONTEXT('2D SPACE',''
  ) );
#6320 = PCURVE('',#1021,#6321);
#6321 = DEFINITIONAL_REPRESENTATION('',(#6322),#6325);
#6322 = B_SPLINE_CURVE_WITH_KNOTS('',1,(#6323,#6324),.UNSPECIFIED.,.F.,
  .F.,(2,2),(0.,24.),.PIECEWISE_BEZIER_KNOTS.);
#6323 = CARTESIAN_POINT('',(0.,-20.5));
#6324 = CARTESIAN_POINT('',(24.,-20.5));
#6325 = ( GEOMETRIC_REPRESENTATION_CONTEXT(2) 
PARAMETRIC_REPRESENTATION_CONTEXT() REPRESENTATION_CONTEXT('2D SPACE',''
  ) );
#6326 = ADVANCED_FACE('',(#6327),#1105,.F.);
#6327 = FACE_BOUND('',#6328,.F.);
#6328 = EDGE_LOOP('',(#6329,#6352,#6373,#6394,#6415,#6416));
#6329 = ORIENTED_EDGE('',*,*,#6330,.F.);
#6330 = EDGE_CURVE('',#6331,#6153,#6333,.T.);
#6331 = VERTEX_POINT('',#6332);
#6332 = CARTESIAN_POINT('',(27.,9.75,3.));
#6333 = SURFACE_CURVE('',#6334,(#6338,#6345),.PCURVE_S1.);
#6334 = LINE('',#6335,#6336);
#6335 = CARTESIAN_POINT('',(22.5,9.75,3.));
#6336 = VECTOR('',#6337,1.);
#6337 = DIRECTION('',(1.,0.,0.));
#6338 = PCURVE('',#1105,#6339);
#6339 = DEFINITIONAL_REPRESENTATION('',(#6340),#6344);
#6340 = LINE('',#6341,#6342);
#6341 = CARTESIAN_POINT('',(0.,0.));
#6342 = VECTOR('',#6343,1.);
#6343 = DIRECTION('',(0.,1.));
#6344 = ( GEOMETRIC_REPRESENTATION_CONTEXT(2) 
PARAMETRIC_REPRESENTATION_CONTEXT() REPRESENTATION_CONTEXT('2D SPACE',''
  ) );
#6345 = PCURVE('',#6022,#6346);
#6346 = DEFINITIONAL_REPRESENTATION('',(#6347),#6351);
#6347 = LINE('',#6348,#6349);
#6348 = CARTESIAN_POINT('',(52.5,26.75));
#6349 = VECTOR('',#6350,1.);
#6350 = DIRECTION('',(1.,0.));
#6351 = ( GEOMETRIC_REPRESENTATION_CONTEXT(2) 
PARAMETRIC_REPRESENTATION_CONTEXT() REPRESENTATION_CONTEXT('2D SPACE',''
  ) );
#6352 = ORIENTED_EDGE('',*,*,#6353,.T.);
#6353 = EDGE_CURVE('',#6331,#6354,#6356,.T.);
#6354 = VERTEX_POINT('',#6355);
#6355 = CARTESIAN_POINT('',(27.,9.75,7.));
#6356 = SURFACE_CURVE('',#6357,(#6361,#6367),.PCURVE_S1.);
#6357 = LINE('',#6358,#6359);
#6358 = CARTESIAN_POINT('',(27.,9.75,3.));
#6359 = VECTOR('',#6360,1.);
#6360 = DIRECTION('',(0.,0.,1.));
#6361 = PCURVE('',#1105,#6362);
#6362 = DEFINITIONAL_REPRESENTATION('',(#6363),#6366);
#6363 = B_SPLINE_CURVE_WITH_KNOTS('',1,(#6364,#6365),.UNSPECIFIED.,.F.,
  .F.,(2,2),(0.,4.),.PIECEWISE_BEZIER_KNOTS.);
#6364 = CARTESIAN_POINT('',(0.,4.5));
#6365 = CARTESIAN_POINT('',(4.,4.5));
#6366 = ( GEOMETRIC_REPRESENTATION_CONTEXT(2) 
PARAMETRIC_REPRESENTATION_CONTEXT() REPRESENTATION_CONTEXT('2D SPACE',''
  ) );
#6367 = PCURVE('',#6049,#6368);
#6368 = DEFINITIONAL_REPRESENTATION('',(#6369),#6372);
#6369 = B_SPLINE_CURVE_WITH_KNOTS('',1,(#6370,#6371),.UNSPECIFIED.,.F.,
  .F.,(2,2),(0.,4.),.PIECEWISE_BEZIER_KNOTS.);
#6370 = CARTESIAN_POINT('',(0.,-21.25));
#6371 = CARTESIAN_POINT('',(4.,-21.25));
#6372 = ( GEOMETRIC_REPRESENTATION_CONTEXT(2) 
PARAMETRIC_REPRESENTATION_CONTEXT() REPRESENTATION_CONTEXT('2D SPACE',''
  ) );
#6373 = ORIENTED_EDGE('',*,*,#6374,.T.);
#6374 = EDGE_CURVE('',#6354,#6375,#6377,.T.);
#6375 = VERTEX_POINT('',#6376);
#6376 = CARTESIAN_POINT('',(22.5,9.75,7.));
#6377 = SURFACE_CURVE('',#6378,(#6382,#6388),.PCURVE_S1.);
#6378 = LINE('',#6379,#6380);
#6379 = CARTESIAN_POINT('',(11.5,9.75,7.));
#6380 = VECTOR('',#6381,1.);
#6381 = DIRECTION('',(-1.,0.,0.));
#6382 = PCURVE('',#1105,#6383);
#6383 = DEFINITIONAL_REPRESENTATION('',(#6384),#6387);
#6384 = B_SPLINE_CURVE_WITH_KNOTS('',1,(#6385,#6386),.UNSPECIFIED.,.F.,
  .F.,(2,2),(-15.5,-11.),.PIECEWISE_BEZIER_KNOTS.);
#6385 = CARTESIAN_POINT('',(4.,4.5));
#6386 = CARTESIAN_POINT('',(4.,0.));
#6387 = ( GEOMETRIC_REPRESENTATION_CONTEXT(2) 
PARAMETRIC_REPRESENTATION_CONTEXT() REPRESENTATION_CONTEXT('2D SPACE',''
  ) );
#6388 = PCURVE('',#5662,#6389);
#6389 = DEFINITIONAL_REPRESENTATION('',(#6390),#6393);
#6390 = B_SPLINE_CURVE_WITH_KNOTS('',1,(#6391,#6392),.UNSPECIFIED.,.F.,
  .F.,(2,2),(-15.5,-11.),.PIECEWISE_BEZIER_KNOTS.);
#6391 = CARTESIAN_POINT('',(26.5,21.25));
#6392 = CARTESIAN_POINT('',(22.,21.25));
#6393 = ( GEOMETRIC_REPRESENTATION_CONTEXT(2) 
PARAMETRIC_REPRESENTATION_CONTEXT() REPRESENTATION_CONTEXT('2D SPACE',''
  ) );
#6394 = ORIENTED_EDGE('',*,*,#6395,.T.);
#6395 = EDGE_CURVE('',#6375,#1062,#6396,.T.);
#6396 = SURFACE_CURVE('',#6397,(#6401,#6408),.PCURVE_S1.);
#6397 = LINE('',#6398,#6399);
#6398 = CARTESIAN_POINT('',(22.5,9.75,3.));
#6399 = VECTOR('',#6400,1.);
#6400 = DIRECTION('',(0.,0.,1.));
#6401 = PCURVE('',#1105,#6402);
#6402 = DEFINITIONAL_REPRESENTATION('',(#6403),#6407);
#6403 = LINE('',#6404,#6405);
#6404 = CARTESIAN_POINT('',(0.,0.));
#6405 = VECTOR('',#6406,1.);
#6406 = DIRECTION('',(1.,0.));
#6407 = ( GEOMETRIC_REPRESENTATION_CONTEXT(2) 
PARAMETRIC_REPRESENTATION_CONTEXT() REPRESENTATION_CONTEXT('2D SPACE',''
  ) );
#6408 = PCURVE('',#1077,#6409);
#6409 = DEFINITIONAL_REPRESENTATION('',(#6410),#6414);
#6410 = LINE('',#6411,#6412);
#6411 = CARTESIAN_POINT('',(0.,0.));
#6412 = VECTOR('',#6413,1.);
#6413 = DIRECTION('',(1.,0.));
#6414 = ( GEOMETRIC_REPRESENTATION_CONTEXT(2) 
PARAMETRIC_REPRESENTATION_CONTEXT() REPRESENTATION_CONTEXT('2D SPACE',''
  ) );
#6415 = ORIENTED_EDGE('',*,*,#1089,.T.);
#6416 = ORIENTED_EDGE('',*,*,#6175,.F.);
#6417 = ADVANCED_FACE('',(#6418),#1021,.T.);
#6418 = FACE_BOUND('',#6419,.T.);
#6419 = EDGE_LOOP('',(#6420,#6421,#6422,#6445));
#6420 = ORIENTED_EDGE('',*,*,#1005,.F.);
#6421 = ORIENTED_EDGE('',*,*,#6308,.F.);
#6422 = ORIENTED_EDGE('',*,*,#6423,.T.);
#6423 = EDGE_CURVE('',#6284,#6424,#6426,.T.);
#6424 = VERTEX_POINT('',#6425);
#6425 = CARTESIAN_POINT('',(-6.,17.,3.));
#6426 = SURFACE_CURVE('',#6427,(#6431,#6438),.PCURVE_S1.);
#6427 = LINE('',#6428,#6429);
#6428 = CARTESIAN_POINT('',(-6.,-17.,3.));
#6429 = VECTOR('',#6430,1.);
#6430 = DIRECTION('',(0.,1.,0.));
#6431 = PCURVE('',#1021,#6432);
#6432 = DEFINITIONAL_REPRESENTATION('',(#6433),#6437);
#6433 = LINE('',#6434,#6435);
#6434 = CARTESIAN_POINT('',(0.,0.));
#6435 = VECTOR('',#6436,1.);
#6436 = DIRECTION('',(0.,-1.));
#6437 = ( GEOMETRIC_REPRESENTATION_CONTEXT(2) 
PARAMETRIC_REPRESENTATION_CONTEXT() REPRESENTATION_CONTEXT('2D SPACE',''
  ) );
#6438 = PCURVE('',#4363,#6439);
#6439 = DEFINITIONAL_REPRESENTATION('',(#6440),#6444);
#6440 = LINE('',#6441,#6442);
#6441 = CARTESIAN_POINT('',(24.,0.));
#6442 = VECTOR('',#6443,1.);
#6443 = DIRECTION('',(0.,1.));
#6444 = ( GEOMETRIC_REPRESENTATION_CONTEXT(2) 
PARAMETRIC_REPRESENTATION_CONTEXT() REPRESENTATION_CONTEXT('2D SPACE',''
  ) );
#6445 = ORIENTED_EDGE('',*,*,#6446,.T.);
#6446 = EDGE_CURVE('',#6424,#1006,#6447,.T.);
#6447 = SURFACE_CURVE('',#6448,(#6452,#6459),.PCURVE_S1.);
#6448 = LINE('',#6449,#6450);
#6449 = CARTESIAN_POINT('',(-6.,17.,3.));
#6450 = VECTOR('',#6451,1.);
#6451 = DIRECTION('',(0.,0.,1.));
#6452 = PCURVE('',#1021,#6453);
#6453 = DEFINITIONAL_REPRESENTATION('',(#6454),#6458);
#6454 = LINE('',#6455,#6456);
#6455 = CARTESIAN_POINT('',(0.,-34.));
#6456 = VECTOR('',#6457,1.);
#6457 = DIRECTION('',(1.,0.));
#6458 = ( GEOMETRIC_REPRESENTATION_CONTEXT(2) 
PARAMETRIC_REPRESENTATION_CONTEXT() REPRESENTATION_CONTEXT('2D SPACE',''
  ) );
#6459 = PCURVE('',#1049,#6460);
#6460 = DEFINITIONAL_REPRESENTATION('',(#6461),#6465);
#6461 = LINE('',#6462,#6463);
#6462 = CARTESIAN_POINT('',(0.,24.));
#6463 = VECTOR('',#6464,1.);
#6464 = DIRECTION('',(1.,0.));
#6465 = ( GEOMETRIC_REPRESENTATION_CONTEXT(2) 
PARAMETRIC_REPRESENTATION_CONTEXT() REPRESENTATION_CONTEXT('2D SPACE',''
  ) );
#6466 = ADVANCED_FACE('',(#6467),#1077,.F.);
#6467 = FACE_BOUND('',#6468,.F.);
#6468 = EDGE_LOOP('',(#6469,#6470,#6491,#6517,#6540,#6559));
#6469 = ORIENTED_EDGE('',*,*,#6395,.F.);
#6470 = ORIENTED_EDGE('',*,*,#6471,.T.);
#6471 = EDGE_CURVE('',#6375,#6472,#6474,.T.);
#6472 = VERTEX_POINT('',#6473);
#6473 = CARTESIAN_POINT('',(22.5,11.5,7.));
#6474 = SURFACE_CURVE('',#6475,(#6479,#6485),.PCURVE_S1.);
#6475 = LINE('',#6476,#6477);
#6476 = CARTESIAN_POINT('',(22.5,-0.875,7.));
#6477 = VECTOR('',#6478,1.);
#6478 = DIRECTION('',(0.,1.,0.));
#6479 = PCURVE('',#1077,#6480);
#6480 = DEFINITIONAL_REPRESENTATION('',(#6481),#6484);
#6481 = B_SPLINE_CURVE_WITH_KNOTS('',1,(#6482,#6483),.UNSPECIFIED.,.F.,
  .F.,(2,2),(10.625,12.375),.PIECEWISE_BEZIER_KNOTS.);
#6482 = CARTESIAN_POINT('',(4.,0.));
#6483 = CARTESIAN_POINT('',(4.,-1.75));
#6484 = ( GEOMETRIC_REPRESENTATION_CONTEXT(2) 
PARAMETRIC_REPRESENTATION_CONTEXT() REPRESENTATION_CONTEXT('2D SPACE',''
  ) );
#6485 = PCURVE('',#5662,#6486);
#6486 = DEFINITIONAL_REPRESENTATION('',(#6487),#6490);
#6487 = B_SPLINE_CURVE_WITH_KNOTS('',1,(#6488,#6489),.UNSPECIFIED.,.F.,
  .F.,(2,2),(10.625,12.375),.PIECEWISE_BEZIER_KNOTS.);
#6488 = CARTESIAN_POINT('',(22.,21.25));
#6489 = CARTESIAN_POINT('',(22.,23.));
#6490 = ( GEOMETRIC_REPRESENTATION_CONTEXT(2) 
PARAMETRIC_REPRESENTATION_CONTEXT() REPRESENTATION_CONTEXT('2D SPACE',''
  ) );
#6491 = ORIENTED_EDGE('',*,*,#6492,.T.);
#6492 = EDGE_CURVE('',#6472,#6493,#6495,.T.);
#6493 = VERTEX_POINT('',#6494);
#6494 = CARTESIAN_POINT('',(22.5,11.5,3.));
#6495 = SURFACE_CURVE('',#6496,(#6500,#6506),.PCURVE_S1.);
#6496 = LINE('',#6497,#6498);
#6497 = CARTESIAN_POINT('',(22.5,11.5,3.));
#6498 = VECTOR('',#6499,1.);
#6499 = DIRECTION('',(0.,0.,-1.));
#6500 = PCURVE('',#1077,#6501);
#6501 = DEFINITIONAL_REPRESENTATION('',(#6502),#6505);
#6502 = B_SPLINE_CURVE_WITH_KNOTS('',1,(#6503,#6504),.UNSPECIFIED.,.F.,
  .F.,(2,2),(-4.,0.),.PIECEWISE_BEZIER_KNOTS.);
#6503 = CARTESIAN_POINT('',(4.,-1.75));
#6504 = CARTESIAN_POINT('',(0.,-1.75));
#6505 = ( GEOMETRIC_REPRESENTATION_CONTEXT(2) 
PARAMETRIC_REPRESENTATION_CONTEXT() REPRESENTATION_CONTEXT('2D SPACE',''
  ) );
#6506 = PCURVE('',#6507,#6512);
#6507 = PLANE('',#6508);
#6508 = AXIS2_PLACEMENT_3D('',#6509,#6510,#6511);
#6509 = CARTESIAN_POINT('',(25.,11.5,3.));
#6510 = DIRECTION('',(0.,1.,0.));
#6511 = DIRECTION('',(0.,0.,1.));
#6512 = DEFINITIONAL_REPRESENTATION('',(#6513),#6516);
#6513 = B_SPLINE_CURVE_WITH_KNOTS('',1,(#6514,#6515),.UNSPECIFIED.,.F.,
  .F.,(2,2),(-4.,0.),.PIECEWISE_BEZIER_KNOTS.);
#6514 = CARTESIAN_POINT('',(4.,-2.5));
#6515 = CARTESIAN_POINT('',(0.,-2.5));
#6516 = ( GEOMETRIC_REPRESENTATION_CONTEXT(2) 
PARAMETRIC_REPRESENTATION_CONTEXT() REPRESENTATION_CONTEXT('2D SPACE',''
  ) );
#6517 = ORIENTED_EDGE('',*,*,#6518,.T.);
#6518 = EDGE_CURVE('',#6493,#6519,#6521,.T.);
#6519 = VERTEX_POINT('',#6520);
#6520 = CARTESIAN_POINT('',(22.5,17.,3.));
#6521 = SURFACE_CURVE('',#6522,(#6526,#6533),.PCURVE_S1.);
#6522 = LINE('',#6523,#6524);
#6523 = CARTESIAN_POINT('',(22.5,9.75,3.));
#6524 = VECTOR('',#6525,1.);
#6525 = DIRECTION('',(0.,1.,0.));
#6526 = PCURVE('',#1077,#6527);
#6527 = DEFINITIONAL_REPRESENTATION('',(#6528),#6532);
#6528 = LINE('',#6529,#6530);
#6529 = CARTESIAN_POINT('',(0.,0.));
#6530 = VECTOR('',#6531,1.);
#6531 = DIRECTION('',(0.,-1.));
#6532 = ( GEOMETRIC_REPRESENTATION_CONTEXT(2) 
PARAMETRIC_REPRESENTATION_CONTEXT() REPRESENTATION_CONTEXT('2D SPACE',''
  ) );
#6533 = PCURVE('',#4363,#6534);
#6534 = DEFINITIONAL_REPRESENTATION('',(#6535),#6539);
#6535 = LINE('',#6536,#6537);
#6536 = CARTESIAN_POINT('',(52.5,26.75));
#6537 = VECTOR('',#6538,1.);
#6538 = DIRECTION('',(0.,1.));
#6539 = ( GEOMETRIC_REPRESENTATION_CONTEXT(2) 
PARAMETRIC_REPRESENTATION_CONTEXT() REPRESENTATION_CONTEXT('2D SPACE',''
  ) );
#6540 = ORIENTED_EDGE('',*,*,#6541,.F.);
#6541 = EDGE_CURVE('',#1034,#6519,#6542,.T.);
#6542 = SURFACE_CURVE('',#6543,(#6547,#6553),.PCURVE_S1.);
#6543 = LINE('',#6544,#6545);
#6544 = CARTESIAN_POINT('',(22.5,17.,3.));
#6545 = VECTOR('',#6546,1.);
#6546 = DIRECTION('',(0.,0.,-1.));
#6547 = PCURVE('',#1077,#6548);
#6548 = DEFINITIONAL_REPRESENTATION('',(#6549),#6552);
#6549 = B_SPLINE_CURVE_WITH_KNOTS('',1,(#6550,#6551),.UNSPECIFIED.,.F.,
  .F.,(2,2),(-24.,0.),.PIECEWISE_BEZIER_KNOTS.);
#6550 = CARTESIAN_POINT('',(24.,-7.25));
#6551 = CARTESIAN_POINT('',(0.,-7.25));
#6552 = ( GEOMETRIC_REPRESENTATION_CONTEXT(2) 
PARAMETRIC_REPRESENTATION_CONTEXT() REPRESENTATION_CONTEXT('2D SPACE',''
  ) );
#6553 = PCURVE('',#1049,#6554);
#6554 = DEFINITIONAL_REPRESENTATION('',(#6555),#6558);
#6555 = B_SPLINE_CURVE_WITH_KNOTS('',1,(#6556,#6557),.UNSPECIFIED.,.F.,
  .F.,(2,2),(-24.,0.),.PIECEWISE_BEZIER_KNOTS.);
#6556 = CARTESIAN_POINT('',(24.,52.5));
#6557 = CARTESIAN_POINT('',(0.,52.5));
#6558 = ( GEOMETRIC_REPRESENTATION_CONTEXT(2) 
PARAMETRIC_REPRESENTATION_CONTEXT() REPRESENTATION_CONTEXT('2D SPACE',''
  ) );
#6559 = ORIENTED_EDGE('',*,*,#1061,.F.);
#6560 = ADVANCED_FACE('',(#6561,#6587,#6673,#6759),#1049,.F.);
#6561 = FACE_BOUND('',#6562,.F.);
#6562 = EDGE_LOOP('',(#6563,#6584,#6585,#6586));
#6563 = ORIENTED_EDGE('',*,*,#6564,.F.);
#6564 = EDGE_CURVE('',#6424,#6519,#6565,.T.);
#6565 = SURFACE_CURVE('',#6566,(#6570,#6577),.PCURVE_S1.);
#6566 = LINE('',#6567,#6568);
#6567 = CARTESIAN_POINT('',(-30.,17.,3.));
#6568 = VECTOR('',#6569,1.);
#6569 = DIRECTION('',(1.,0.,0.));
#6570 = PCURVE('',#1049,#6571);
#6571 = DEFINITIONAL_REPRESENTATION('',(#6572),#6576);
#6572 = LINE('',#6573,#6574);
#6573 = CARTESIAN_POINT('',(0.,0.));
#6574 = VECTOR('',#6575,1.);
#6575 = DIRECTION('',(0.,1.));
#6576 = ( GEOMETRIC_REPRESENTATION_CONTEXT(2) 
PARAMETRIC_REPRESENTATION_CONTEXT() REPRESENTATION_CONTEXT('2D SPACE',''
  ) );
#6577 = PCURVE('',#4363,#6578);
#6578 = DEFINITIONAL_REPRESENTATION('',(#6579),#6583);
#6579 = LINE('',#6580,#6581);
#6580 = CARTESIAN_POINT('',(0.,34.));
#6581 = VECTOR('',#6582,1.);
#6582 = DIRECTION('',(1.,0.));
#6583 = ( GEOMETRIC_REPRESENTATION_CONTEXT(2) 
PARAMETRIC_REPRESENTATION_CONTEXT() REPRESENTATION_CONTEXT('2D SPACE',''
  ) );
#6584 = ORIENTED_EDGE('',*,*,#6446,.T.);
#6585 = ORIENTED_EDGE('',*,*,#1033,.T.);
#6586 = ORIENTED_EDGE('',*,*,#6541,.T.);
#6587 = FACE_BOUND('',#6588,.F.);
#6588 = EDGE_LOOP('',(#6589,#6612,#6633,#6654));
#6589 = ORIENTED_EDGE('',*,*,#6590,.F.);
#6590 = EDGE_CURVE('',#6591,#6593,#6595,.T.);
#6591 = VERTEX_POINT('',#6592);
#6592 = CARTESIAN_POINT('',(3.,17.,10.5));
#6593 = VERTEX_POINT('',#6594);
#6594 = CARTESIAN_POINT('',(19.,17.,10.5));
#6595 = SURFACE_CURVE('',#6596,(#6600,#6606),.PCURVE_S1.);
#6596 = LINE('',#6597,#6598);
#6597 = CARTESIAN_POINT('',(-13.5,17.,10.5));
#6598 = VECTOR('',#6599,1.);
#6599 = DIRECTION('',(1.,0.,0.));
#6600 = PCURVE('',#1049,#6601);
#6601 = DEFINITIONAL_REPRESENTATION('',(#6602),#6605);
#6602 = B_SPLINE_CURVE_WITH_KNOTS('',1,(#6603,#6604),.UNSPECIFIED.,.F.,
  .F.,(2,2),(16.5,32.5),.PIECEWISE_BEZIER_KNOTS.);
#6603 = CARTESIAN_POINT('',(7.5,33.));
#6604 = CARTESIAN_POINT('',(7.5,49.));
#6605 = ( GEOMETRIC_REPRESENTATION_CONTEXT(2) 
PARAMETRIC_REPRESENTATION_CONTEXT() REPRESENTATION_CONTEXT('2D SPACE',''
  ) );
#6606 = PCURVE('',#3711,#6607);
#6607 = DEFINITIONAL_REPRESENTATION('',(#6608),#6611);
#6608 = B_SPLINE_CURVE_WITH_KNOTS('',1,(#6609,#6610),.UNSPECIFIED.,.F.,
  .F.,(2,2),(16.5,32.5),.PIECEWISE_BEZIER_KNOTS.);
#6609 = CARTESIAN_POINT('',(0.,3.75));
#6610 = CARTESIAN_POINT('',(16.,3.75));
#6611 = ( GEOMETRIC_REPRESENTATION_CONTEXT(2) 
PARAMETRIC_REPRESENTATION_CONTEXT() REPRESENTATION_CONTEXT('2D SPACE',''
  ) );
#6612 = ORIENTED_EDGE('',*,*,#6613,.T.);
#6613 = EDGE_CURVE('',#6591,#6614,#6616,.T.);
#6614 = VERTEX_POINT('',#6615);
#6615 = CARTESIAN_POINT('',(3.,17.,8.));
#6616 = SURFACE_CURVE('',#6617,(#6621,#6627),.PCURVE_S1.);
#6617 = LINE('',#6618,#6619);
#6618 = CARTESIAN_POINT('',(3.,17.,5.5));
#6619 = VECTOR('',#6620,1.);
#6620 = DIRECTION('',(0.,0.,-1.));
#6621 = PCURVE('',#1049,#6622);
#6622 = DEFINITIONAL_REPRESENTATION('',(#6623),#6626);
#6623 = B_SPLINE_CURVE_WITH_KNOTS('',1,(#6624,#6625),.UNSPECIFIED.,.F.,
  .F.,(2,2),(-5.,-2.5),.PIECEWISE_BEZIER_KNOTS.);
#6624 = CARTESIAN_POINT('',(7.5,33.));
#6625 = CARTESIAN_POINT('',(5.,33.));
#6626 = ( GEOMETRIC_REPRESENTATION_CONTEXT(2) 
PARAMETRIC_REPRESENTATION_CONTEXT() REPRESENTATION_CONTEXT('2D SPACE',''
  ) );
#6627 = PCURVE('',#3737,#6628);
#6628 = DEFINITIONAL_REPRESENTATION('',(#6629),#6632);
#6629 = B_SPLINE_CURVE_WITH_KNOTS('',1,(#6630,#6631),.UNSPECIFIED.,.F.,
  .F.,(2,2),(-5.,-2.5),.PIECEWISE_BEZIER_KNOTS.);
#6630 = CARTESIAN_POINT('',(2.5,-3.75));
#6631 = CARTESIAN_POINT('',(0.,-3.75));
#6632 = ( GEOMETRIC_REPRESENTATION_CONTEXT(2) 
PARAMETRIC_REPRESENTATION_CONTEXT() REPRESENTATION_CONTEXT('2D SPACE',''
  ) );
#6633 = ORIENTED_EDGE('',*,*,#6634,.T.);
#6634 = EDGE_CURVE('',#6614,#6635,#6637,.T.);
#6635 = VERTEX_POINT('',#6636);
#6636 = CARTESIAN_POINT('',(19.,17.,8.));
#6637 = SURFACE_CURVE('',#6638,(#6642,#6648),.PCURVE_S1.);
#6638 = LINE('',#6639,#6640);
#6639 = CARTESIAN_POINT('',(-13.5,17.,8.));
#6640 = VECTOR('',#6641,1.);
#6641 = DIRECTION('',(1.,0.,0.));
#6642 = PCURVE('',#1049,#6643);
#6643 = DEFINITIONAL_REPRESENTATION('',(#6644),#6647);
#6644 = B_SPLINE_CURVE_WITH_KNOTS('',1,(#6645,#6646),.UNSPECIFIED.,.F.,
  .F.,(2,2),(16.5,32.5),.PIECEWISE_BEZIER_KNOTS.);
#6645 = CARTESIAN_POINT('',(5.,33.));
#6646 = CARTESIAN_POINT('',(5.,49.));
#6647 = ( GEOMETRIC_REPRESENTATION_CONTEXT(2) 
PARAMETRIC_REPRESENTATION_CONTEXT() REPRESENTATION_CONTEXT('2D SPACE',''
  ) );
#6648 = PCURVE('',#3763,#6649);
#6649 = DEFINITIONAL_REPRESENTATION('',(#6650),#6653);
#6650 = B_SPLINE_CURVE_WITH_KNOTS('',1,(#6651,#6652),.UNSPECIFIED.,.F.,
  .F.,(2,2),(16.5,32.5),.PIECEWISE_BEZIER_KNOTS.);
#6651 = CARTESIAN_POINT('',(0.,3.75));
#6652 = CARTESIAN_POINT('',(16.,3.75));
#6653 = ( GEOMETRIC_REPRESENTATION_CONTEXT(2) 
PARAMETRIC_REPRESENTATION_CONTEXT() REPRESENTATION_CONTEXT('2D SPACE',''
  ) );
#6654 = ORIENTED_EDGE('',*,*,#6655,.F.);
#6655 = EDGE_CURVE('',#6593,#6635,#6656,.T.);
#6656 = SURFACE_CURVE('',#6657,(#6661,#6667),.PCURVE_S1.);
#6657 = LINE('',#6658,#6659);
#6658 = CARTESIAN_POINT('',(19.,17.,5.5));
#6659 = VECTOR('',#6660,1.);
#6660 = DIRECTION('',(0.,0.,-1.));
#6661 = PCURVE('',#1049,#6662);
#6662 = DEFINITIONAL_REPRESENTATION('',(#6663),#6666);
#6663 = B_SPLINE_CURVE_WITH_KNOTS('',1,(#6664,#6665),.UNSPECIFIED.,.F.,
  .F.,(2,2),(-5.,-2.5),.PIECEWISE_BEZIER_KNOTS.);
#6664 = CARTESIAN_POINT('',(7.5,49.));
#6665 = CARTESIAN_POINT('',(5.,49.));
#6666 = ( GEOMETRIC_REPRESENTATION_CONTEXT(2) 
PARAMETRIC_REPRESENTATION_CONTEXT() REPRESENTATION_CONTEXT('2D SPACE',''
  ) );
#6667 = PCURVE('',#3787,#6668);
#6668 = DEFINITIONAL_REPRESENTATION('',(#6669),#6672);
#6669 = B_SPLINE_CURVE_WITH_KNOTS('',1,(#6670,#6671),.UNSPECIFIED.,.F.,
  .F.,(2,2),(-5.,-2.5),.PIECEWISE_BEZIER_KNOTS.);
#6670 = CARTESIAN_POINT('',(2.5,-3.75));
#6671 = CARTESIAN_POINT('',(0.,-3.75));
#6672 = ( GEOMETRIC_REPRESENTATION_CONTEXT(2) 
PARAMETRIC_REPRESENTATION_CONTEXT() REPRESENTATION_CONTEXT('2D SPACE',''
  ) );
#6673 = FACE_BOUND('',#6674,.F.);
#6674 = EDGE_LOOP('',(#6675,#6698,#6719,#6740));
#6675 = ORIENTED_EDGE('',*,*,#6676,.F.);
#6676 = EDGE_CURVE('',#6677,#6679,#6681,.T.);
#6677 = VERTEX_POINT('',#6678);
#6678 = CARTESIAN_POINT('',(3.,17.,18.5));
#6679 = VERTEX_POINT('',#6680);
#6680 = CARTESIAN_POINT('',(19.,17.,18.5));
#6681 = SURFACE_CURVE('',#6682,(#6686,#6692),.PCURVE_S1.);
#6682 = LINE('',#6683,#6684);
#6683 = CARTESIAN_POINT('',(-13.5,17.,18.5));
#6684 = VECTOR('',#6685,1.);
#6685 = DIRECTION('',(1.,0.,0.));
#6686 = PCURVE('',#1049,#6687);
#6687 = DEFINITIONAL_REPRESENTATION('',(#6688),#6691);
#6688 = B_SPLINE_CURVE_WITH_KNOTS('',1,(#6689,#6690),.UNSPECIFIED.,.F.,
  .F.,(2,2),(16.5,32.5),.PIECEWISE_BEZIER_KNOTS.);
#6689 = CARTESIAN_POINT('',(15.5,33.));
#6690 = CARTESIAN_POINT('',(15.5,49.));
#6691 = ( GEOMETRIC_REPRESENTATION_CONTEXT(2) 
PARAMETRIC_REPRESENTATION_CONTEXT() REPRESENTATION_CONTEXT('2D SPACE',''
  ) );
#6692 = PCURVE('',#3817,#6693);
#6693 = DEFINITIONAL_REPRESENTATION('',(#6694),#6697);
#6694 = B_SPLINE_CURVE_WITH_KNOTS('',1,(#6695,#6696),.UNSPECIFIED.,.F.,
  .F.,(2,2),(16.5,32.5),.PIECEWISE_BEZIER_KNOTS.);
#6695 = CARTESIAN_POINT('',(0.,3.75));
#6696 = CARTESIAN_POINT('',(16.,3.75));
#6697 = ( GEOMETRIC_REPRESENTATION_CONTEXT(2) 
PARAMETRIC_REPRESENTATION_CONTEXT() REPRESENTATION_CONTEXT('2D SPACE',''
  ) );
#6698 = ORIENTED_EDGE('',*,*,#6699,.T.);
#6699 = EDGE_CURVE('',#6677,#6700,#6702,.T.);
#6700 = VERTEX_POINT('',#6701);
#6701 = CARTESIAN_POINT('',(3.,17.,16.));
#6702 = SURFACE_CURVE('',#6703,(#6707,#6713),.PCURVE_S1.);
#6703 = LINE('',#6704,#6705);
#6704 = CARTESIAN_POINT('',(3.,17.,9.5));
#6705 = VECTOR('',#6706,1.);
#6706 = DIRECTION('',(0.,0.,-1.));
#6707 = PCURVE('',#1049,#6708);
#6708 = DEFINITIONAL_REPRESENTATION('',(#6709),#6712);
#6709 = B_SPLINE_CURVE_WITH_KNOTS('',1,(#6710,#6711),.UNSPECIFIED.,.F.,
  .F.,(2,2),(-9.,-6.5),.PIECEWISE_BEZIER_KNOTS.);
#6710 = CARTESIAN_POINT('',(15.5,33.));
#6711 = CARTESIAN_POINT('',(13.,33.));
#6712 = ( GEOMETRIC_REPRESENTATION_CONTEXT(2) 
PARAMETRIC_REPRESENTATION_CONTEXT() REPRESENTATION_CONTEXT('2D SPACE',''
  ) );
#6713 = PCURVE('',#3843,#6714);
#6714 = DEFINITIONAL_REPRESENTATION('',(#6715),#6718);
#6715 = B_SPLINE_CURVE_WITH_KNOTS('',1,(#6716,#6717),.UNSPECIFIED.,.F.,
  .F.,(2,2),(-9.,-6.5),.PIECEWISE_BEZIER_KNOTS.);
#6716 = CARTESIAN_POINT('',(2.5,-3.75));
#6717 = CARTESIAN_POINT('',(0.,-3.75));
#6718 = ( GEOMETRIC_REPRESENTATION_CONTEXT(2) 
PARAMETRIC_REPRESENTATION_CONTEXT() REPRESENTATION_CONTEXT('2D SPACE',''
  ) );
#6719 = ORIENTED_EDGE('',*,*,#6720,.T.);
#6720 = EDGE_CURVE('',#6700,#6721,#6723,.T.);
#6721 = VERTEX_POINT('',#6722);
#6722 = CARTESIAN_POINT('',(19.,17.,16.));
#6723 = SURFACE_CURVE('',#6724,(#6728,#6734),.PCURVE_S1.);
#6724 = LINE('',#6725,#6726);
#6725 = CARTESIAN_POINT('',(-13.5,17.,16.));
#6726 = VECTOR('',#6727,1.);
#6727 = DIRECTION('',(1.,0.,0.));
#6728 = PCURVE('',#1049,#6729);
#6729 = DEFINITIONAL_REPRESENTATION('',(#6730),#6733);
#6730 = B_SPLINE_CURVE_WITH_KNOTS('',1,(#6731,#6732),.UNSPECIFIED.,.F.,
  .F.,(2,2),(16.5,32.5),.PIECEWISE_BEZIER_KNOTS.);
#6731 = CARTESIAN_POINT('',(13.,33.));
#6732 = CARTESIAN_POINT('',(13.,49.));
#6733 = ( GEOMETRIC_REPRESENTATION_CONTEXT(2) 
PARAMETRIC_REPRESENTATION_CONTEXT() REPRESENTATION_CONTEXT('2D SPACE',''
  ) );
#6734 = PCURVE('',#3869,#6735);
#6735 = DEFINITIONAL_REPRESENTATION('',(#6736),#6739);
#6736 = B_SPLINE_CURVE_WITH_KNOTS('',1,(#6737,#6738),.UNSPECIFIED.,.F.,
  .F.,(2,2),(16.5,32.5),.PIECEWISE_BEZIER_KNOTS.);
#6737 = CARTESIAN_POINT('',(0.,3.75));
#6738 = CARTESIAN_POINT('',(16.,3.75));
#6739 = ( GEOMETRIC_REPRESENTATION_CONTEXT(2) 
PARAMETRIC_REPRESENTATION_CONTEXT() REPRESENTATION_CONTEXT('2D SPACE',''
  ) );
#6740 = ORIENTED_EDGE('',*,*,#6741,.F.);
#6741 = EDGE_CURVE('',#6679,#6721,#6742,.T.);
#6742 = SURFACE_CURVE('',#6743,(#6747,#6753),.PCURVE_S1.);
#6743 = LINE('',#6744,#6745);
#6744 = CARTESIAN_POINT('',(19.,17.,9.5));
#6745 = VECTOR('',#6746,1.);
#6746 = DIRECTION('',(0.,0.,-1.));
#6747 = PCURVE('',#1049,#6748);
#6748 = DEFINITIONAL_REPRESENTATION('',(#6749),#6752);
#6749 = B_SPLINE_CURVE_WITH_KNOTS('',1,(#6750,#6751),.UNSPECIFIED.,.F.,
  .F.,(2,2),(-9.,-6.5),.PIECEWISE_BEZIER_KNOTS.);
#6750 = CARTESIAN_POINT('',(15.5,49.));
#6751 = CARTESIAN_POINT('',(13.,49.));
#6752 = ( GEOMETRIC_REPRESENTATION_CONTEXT(2) 
PARAMETRIC_REPRESENTATION_CONTEXT() REPRESENTATION_CONTEXT('2D SPACE',''
  ) );
#6753 = PCURVE('',#3893,#6754);
#6754 = DEFINITIONAL_REPRESENTATION('',(#6755),#6758);
#6755 = B_SPLINE_CURVE_WITH_KNOTS('',1,(#6756,#6757),.UNSPECIFIED.,.F.,
  .F.,(2,2),(-9.,-6.5),.PIECEWISE_BEZIER_KNOTS.);
#6756 = CARTESIAN_POINT('',(2.5,-3.75));
#6757 = CARTESIAN_POINT('',(0.,-3.75));
#6758 = ( GEOMETRIC_REPRESENTATION_CONTEXT(2) 
PARAMETRIC_REPRESENTATION_CONTEXT() REPRESENTATION_CONTEXT('2D SPACE',''
  ) );
#6759 = FACE_BOUND('',#6760,.F.);
#6760 = EDGE_LOOP('',(#6761,#6784,#6805,#6826));
#6761 = ORIENTED_EDGE('',*,*,#6762,.F.);
#6762 = EDGE_CURVE('',#6763,#6765,#6767,.T.);
#6763 = VERTEX_POINT('',#6764);
#6764 = CARTESIAN_POINT('',(3.,17.,24.5));
#6765 = VERTEX_POINT('',#6766);
#6766 = CARTESIAN_POINT('',(19.,17.,24.5));
#6767 = SURFACE_CURVE('',#6768,(#6772,#6778),.PCURVE_S1.);
#6768 = LINE('',#6769,#6770);
#6769 = CARTESIAN_POINT('',(-13.5,17.,24.5));
#6770 = VECTOR('',#6771,1.);
#6771 = DIRECTION('',(1.,0.,0.));
#6772 = PCURVE('',#1049,#6773);
#6773 = DEFINITIONAL_REPRESENTATION('',(#6774),#6777);
#6774 = B_SPLINE_CURVE_WITH_KNOTS('',1,(#6775,#6776),.UNSPECIFIED.,.F.,
  .F.,(2,2),(16.5,32.5),.PIECEWISE_BEZIER_KNOTS.);
#6775 = CARTESIAN_POINT('',(21.5,33.));
#6776 = CARTESIAN_POINT('',(21.5,49.));
#6777 = ( GEOMETRIC_REPRESENTATION_CONTEXT(2) 
PARAMETRIC_REPRESENTATION_CONTEXT() REPRESENTATION_CONTEXT('2D SPACE',''
  ) );
#6778 = PCURVE('',#3923,#6779);
#6779 = DEFINITIONAL_REPRESENTATION('',(#6780),#6783);
#6780 = B_SPLINE_CURVE_WITH_KNOTS('',1,(#6781,#6782),.UNSPECIFIED.,.F.,
  .F.,(2,2),(16.5,32.5),.PIECEWISE_BEZIER_KNOTS.);
#6781 = CARTESIAN_POINT('',(0.,3.75));
#6782 = CARTESIAN_POINT('',(16.,3.75));
#6783 = ( GEOMETRIC_REPRESENTATION_CONTEXT(2) 
PARAMETRIC_REPRESENTATION_CONTEXT() REPRESENTATION_CONTEXT('2D SPACE',''
  ) );
#6784 = ORIENTED_EDGE('',*,*,#6785,.T.);
#6785 = EDGE_CURVE('',#6763,#6786,#6788,.T.);
#6786 = VERTEX_POINT('',#6787);
#6787 = CARTESIAN_POINT('',(3.,17.,22.));
#6788 = SURFACE_CURVE('',#6789,(#6793,#6799),.PCURVE_S1.);
#6789 = LINE('',#6790,#6791);
#6790 = CARTESIAN_POINT('',(3.,17.,12.5));
#6791 = VECTOR('',#6792,1.);
#6792 = DIRECTION('',(0.,0.,-1.));
#6793 = PCURVE('',#1049,#6794);
#6794 = DEFINITIONAL_REPRESENTATION('',(#6795),#6798);
#6795 = B_SPLINE_CURVE_WITH_KNOTS('',1,(#6796,#6797),.UNSPECIFIED.,.F.,
  .F.,(2,2),(-12.,-9.5),.PIECEWISE_BEZIER_KNOTS.);
#6796 = CARTESIAN_POINT('',(21.5,33.));
#6797 = CARTESIAN_POINT('',(19.,33.));
#6798 = ( GEOMETRIC_REPRESENTATION_CONTEXT(2) 
PARAMETRIC_REPRESENTATION_CONTEXT() REPRESENTATION_CONTEXT('2D SPACE',''
  ) );
#6799 = PCURVE('',#3949,#6800);
#6800 = DEFINITIONAL_REPRESENTATION('',(#6801),#6804);
#6801 = B_SPLINE_CURVE_WITH_KNOTS('',1,(#6802,#6803),.UNSPECIFIED.,.F.,
  .F.,(2,2),(-12.,-9.5),.PIECEWISE_BEZIER_KNOTS.);
#6802 = CARTESIAN_POINT('',(2.5,-3.75));
#6803 = CARTESIAN_POINT('',(0.,-3.75));
#6804 = ( GEOMETRIC_REPRESENTATION_CONTEXT(2) 
PARAMETRIC_REPRESENTATION_CONTEXT() REPRESENTATION_CONTEXT('2D SPACE',''
  ) );
#6805 = ORIENTED_EDGE('',*,*,#6806,.T.);
#6806 = EDGE_CURVE('',#6786,#6807,#6809,.T.);
#6807 = VERTEX_POINT('',#6808);
#6808 = CARTESIAN_POINT('',(19.,17.,22.));
#6809 = SURFACE_CURVE('',#6810,(#6814,#6820),.PCURVE_S1.);
#6810 = LINE('',#6811,#6812);
#6811 = CARTESIAN_POINT('',(-13.5,17.,22.));
#6812 = VECTOR('',#6813,1.);
#6813 = DIRECTION('',(1.,0.,0.));
#6814 = PCURVE('',#1049,#6815);
#6815 = DEFINITIONAL_REPRESENTATION('',(#6816),#6819);
#6816 = B_SPLINE_CURVE_WITH_KNOTS('',1,(#6817,#6818),.UNSPECIFIED.,.F.,
  .F.,(2,2),(16.5,32.5),.PIECEWISE_BEZIER_KNOTS.);
#6817 = CARTESIAN_POINT('',(19.,33.));
#6818 = CARTESIAN_POINT('',(19.,49.));
#6819 = ( GEOMETRIC_REPRESENTATION_CONTEXT(2) 
PARAMETRIC_REPRESENTATION_CONTEXT() REPRESENTATION_CONTEXT('2D SPACE',''
  ) );
#6820 = PCURVE('',#3975,#6821);
#6821 = DEFINITIONAL_REPRESENTATION('',(#6822),#6825);
#6822 = B_SPLINE_CURVE_WITH_KNOTS('',1,(#6823,#6824),.UNSPECIFIED.,.F.,
  .F.,(2,2),(16.5,32.5),.PIECEWISE_BEZIER_KNOTS.);
#6823 = CARTESIAN_POINT('',(0.,3.75));
#6824 = CARTESIAN_POINT('',(16.,3.75));
#6825 = ( GEOMETRIC_REPRESENTATION_CONTEXT(2) 
PARAMETRIC_REPRESENTATION_CONTEXT() REPRESENTATION_CONTEXT('2D SPACE',''
  ) );
#6826 = ORIENTED_EDGE('',*,*,#6827,.F.);
#6827 = EDGE_CURVE('',#6765,#6807,#6828,.T.);
#6828 = SURFACE_CURVE('',#6829,(#6833,#6839),.PCURVE_S1.);
#6829 = LINE('',#6830,#6831);
#6830 = CARTESIAN_POINT('',(19.,17.,12.5));
#6831 = VECTOR('',#6832,1.);
#6832 = DIRECTION('',(0.,0.,-1.));
#6833 = PCURVE('',#1049,#6834);
#6834 = DEFINITIONAL_REPRESENTATION('',(#6835),#6838);
#6835 = B_SPLINE_CURVE_WITH_KNOTS('',1,(#6836,#6837),.UNSPECIFIED.,.F.,
  .F.,(2,2),(-12.,-9.5),.PIECEWISE_BEZIER_KNOTS.);
#6836 = CARTESIAN_POINT('',(21.5,49.));
#6837 = CARTESIAN_POINT('',(19.,49.));
#6838 = ( GEOMETRIC_REPRESENTATION_CONTEXT(2) 
PARAMETRIC_REPRESENTATION_CONTEXT() REPRESENTATION_CONTEXT('2D SPACE',''
  ) );
#6839 = PCURVE('',#3999,#6840);
#6840 = DEFINITIONAL_REPRESENTATION('',(#6841),#6844);
#6841 = B_SPLINE_CURVE_WITH_KNOTS('',1,(#6842,#6843),.UNSPECIFIED.,.F.,
  .F.,(2,2),(-12.,-9.5),.PIECEWISE_BEZIER_KNOTS.);
#6842 = CARTESIAN_POINT('',(2.5,-3.75));
#6843 = CARTESIAN_POINT('',(0.,-3.75));
#6844 = ( GEOMETRIC_REPRESENTATION_CONTEXT(2) 
PARAMETRIC_REPRESENTATION_CONTEXT() REPRESENTATION_CONTEXT('2D SPACE',''
  ) );
#6845 = ADVANCED_FACE('',(#6846),#1330,.F.);
#6846 = FACE_BOUND('',#6847,.T.);
#6847 = EDGE_LOOP('',(#6848,#6871,#6872,#6873));
#6848 = ORIENTED_EDGE('',*,*,#6849,.T.);
#6849 = EDGE_CURVE('',#6850,#1314,#6852,.T.);
#6850 = VERTEX_POINT('',#6851);
#6851 = CARTESIAN_POINT('',(28.25,13.75,3.));
#6852 = SEAM_CURVE('',#6853,(#6857,#6864),.PCURVE_S1.);
#6853 = LINE('',#6854,#6855);
#6854 = CARTESIAN_POINT('',(28.25,13.75,3.));
#6855 = VECTOR('',#6856,1.);
#6856 = DIRECTION('',(0.,0.,1.));
#6857 = PCURVE('',#1330,#6858);
#6858 = DEFINITIONAL_REPRESENTATION('',(#6859),#6863);
#6859 = LINE('',#6860,#6861);
#6860 = CARTESIAN_POINT('',(-0.,0.));
#6861 = VECTOR('',#6862,1.);
#6862 = DIRECTION('',(-0.,-1.));
#6863 = ( GEOMETRIC_REPRESENTATION_CONTEXT(2) 
PARAMETRIC_REPRESENTATION_CONTEXT() REPRESENTATION_CONTEXT('2D SPACE',''
  ) );
#6864 = PCURVE('',#1330,#6865);
#6865 = DEFINITIONAL_REPRESENTATION('',(#6866),#6870);
#6866 = LINE('',#6867,#6868);
#6867 = CARTESIAN_POINT('',(-6.28318530718,0.));
#6868 = VECTOR('',#6869,1.);
#6869 = DIRECTION('',(-0.,-1.));
#6870 = ( GEOMETRIC_REPRESENTATION_CONTEXT(2) 
PARAMETRIC_REPRESENTATION_CONTEXT() REPRESENTATION_CONTEXT('2D SPACE',''
  ) );
#6871 = ORIENTED_EDGE('',*,*,#1313,.T.);
#6872 = ORIENTED_EDGE('',*,*,#6849,.F.);
#6873 = ORIENTED_EDGE('',*,*,#6874,.F.);
#6874 = EDGE_CURVE('',#6850,#6850,#6875,.T.);
#6875 = SURFACE_CURVE('',#6876,(#6881,#6888),.PCURVE_S1.);
#6876 = CIRCLE('',#6877,1.75);
#6877 = AXIS2_PLACEMENT_3D('',#6878,#6879,#6880);
#6878 = CARTESIAN_POINT('',(26.5,13.75,3.));
#6879 = DIRECTION('',(0.,0.,1.));
#6880 = DIRECTION('',(1.,0.,0.));
#6881 = PCURVE('',#1330,#6882);
#6882 = DEFINITIONAL_REPRESENTATION('',(#6883),#6887);
#6883 = LINE('',#6884,#6885);
#6884 = CARTESIAN_POINT('',(-0.,0.));
#6885 = VECTOR('',#6886,1.);
#6886 = DIRECTION('',(-1.,0.));
#6887 = ( GEOMETRIC_REPRESENTATION_CONTEXT(2) 
PARAMETRIC_REPRESENTATION_CONTEXT() REPRESENTATION_CONTEXT('2D SPACE',''
  ) );
#6888 = PCURVE('',#6889,#6894);
#6889 = PLANE('',#6890);
#6890 = AXIS2_PLACEMENT_3D('',#6891,#6892,#6893);
#6891 = CARTESIAN_POINT('',(26.5,13.75,3.));
#6892 = DIRECTION('',(0.,0.,1.));
#6893 = DIRECTION('',(1.,0.,-0.));
#6894 = DEFINITIONAL_REPRESENTATION('',(#6895),#6899);
#6895 = CIRCLE('',#6896,1.75);
#6896 = AXIS2_PLACEMENT_2D('',#6897,#6898);
#6897 = CARTESIAN_POINT('',(0.,0.));
#6898 = DIRECTION('',(1.,0.));
#6899 = ( GEOMETRIC_REPRESENTATION_CONTEXT(2) 
PARAMETRIC_REPRESENTATION_CONTEXT() REPRESENTATION_CONTEXT('2D SPACE',''
  ) );
#6900 = ADVANCED_FACE('',(#6901),#1728,.F.);
#6901 = FACE_BOUND('',#6902,.F.);
#6902 = EDGE_LOOP('',(#6903,#6904,#6905,#6906));
#6903 = ORIENTED_EDGE('',*,*,#5112,.F.);
#6904 = ORIENTED_EDGE('',*,*,#1715,.T.);
#6905 = ORIENTED_EDGE('',*,*,#1767,.F.);
#6906 = ORIENTED_EDGE('',*,*,#1928,.F.);
#6907 = ADVANCED_FACE('',(#6908),#1683,.T.);
#6908 = FACE_BOUND('',#6909,.T.);
#6909 = EDGE_LOOP('',(#6910,#6931,#6932,#6933));
#6910 = ORIENTED_EDGE('',*,*,#6911,.T.);
#6911 = EDGE_CURVE('',#4774,#5068,#6912,.T.);
#6912 = SURFACE_CURVE('',#6913,(#6917,#6924),.PCURVE_S1.);
#6913 = LINE('',#6914,#6915);
#6914 = CARTESIAN_POINT('',(-30.,-17.,3.));
#6915 = VECTOR('',#6916,1.);
#6916 = DIRECTION('',(0.,1.,0.));
#6917 = PCURVE('',#1683,#6918);
#6918 = DEFINITIONAL_REPRESENTATION('',(#6919),#6923);
#6919 = LINE('',#6920,#6921);
#6920 = CARTESIAN_POINT('',(0.,0.));
#6921 = VECTOR('',#6922,1.);
#6922 = DIRECTION('',(0.,-1.));
#6923 = ( GEOMETRIC_REPRESENTATION_CONTEXT(2) 
PARAMETRIC_REPRESENTATION_CONTEXT() REPRESENTATION_CONTEXT('2D SPACE',''
  ) );
#6924 = PCURVE('',#4363,#6925);
#6925 = DEFINITIONAL_REPRESENTATION('',(#6926),#6930);
#6926 = LINE('',#6927,#6928);
#6927 = CARTESIAN_POINT('',(0.,0.));
#6928 = VECTOR('',#6929,1.);
#6929 = DIRECTION('',(0.,1.));
#6930 = ( GEOMETRIC_REPRESENTATION_CONTEXT(2) 
PARAMETRIC_REPRESENTATION_CONTEXT() REPRESENTATION_CONTEXT('2D SPACE',''
  ) );
#6931 = ORIENTED_EDGE('',*,*,#5092,.T.);
#6932 = ORIENTED_EDGE('',*,*,#1668,.T.);
#6933 = ORIENTED_EDGE('',*,*,#4796,.F.);
#6934 = ADVANCED_FACE('',(#6935),#1636,.F.);
#6935 = FACE_BOUND('',#6936,.F.);
#6936 = EDGE_LOOP('',(#6937,#6938,#6939,#6940));
#6937 = ORIENTED_EDGE('',*,*,#1621,.T.);
#6938 = ORIENTED_EDGE('',*,*,#4816,.T.);
#6939 = ORIENTED_EDGE('',*,*,#1839,.F.);
#6940 = ORIENTED_EDGE('',*,*,#1814,.T.);
#6941 = ADVANCED_FACE('',(#6942),#1896,.T.);
#6942 = FACE_BOUND('',#6943,.T.);
#6943 = EDGE_LOOP('',(#6944,#6945,#6946,#6947));
#6944 = ORIENTED_EDGE('',*,*,#1881,.F.);
#6945 = ORIENTED_EDGE('',*,*,#5134,.T.);
#6946 = ORIENTED_EDGE('',*,*,#2044,.T.);
#6947 = ORIENTED_EDGE('',*,*,#4838,.F.);
#6948 = ADVANCED_FACE('',(#6949),#2099,.F.);
#6949 = FACE_BOUND('',#6950,.F.);
#6950 = EDGE_LOOP('',(#6951,#6952,#6953,#6954));
#6951 = ORIENTED_EDGE('',*,*,#5154,.F.);
#6952 = ORIENTED_EDGE('',*,*,#2086,.T.);
#6953 = ORIENTED_EDGE('',*,*,#2138,.F.);
#6954 = ORIENTED_EDGE('',*,*,#2299,.F.);
#6955 = ADVANCED_FACE('',(#6956),#2012,.F.);
#6956 = FACE_BOUND('',#6957,.F.);
#6957 = EDGE_LOOP('',(#6958,#6959,#6960,#6961));
#6958 = ORIENTED_EDGE('',*,*,#4858,.T.);
#6959 = ORIENTED_EDGE('',*,*,#2210,.F.);
#6960 = ORIENTED_EDGE('',*,*,#2185,.T.);
#6961 = ORIENTED_EDGE('',*,*,#1997,.T.);
#6962 = ADVANCED_FACE('',(#6963),#2267,.T.);
#6963 = FACE_BOUND('',#6964,.T.);
#6964 = EDGE_LOOP('',(#6965,#6966,#6967,#6968));
#6965 = ORIENTED_EDGE('',*,*,#5176,.T.);
#6966 = ORIENTED_EDGE('',*,*,#2415,.T.);
#6967 = ORIENTED_EDGE('',*,*,#4880,.F.);
#6968 = ORIENTED_EDGE('',*,*,#2252,.F.);
#6969 = ADVANCED_FACE('',(#6970),#2470,.F.);
#6970 = FACE_BOUND('',#6971,.F.);
#6971 = EDGE_LOOP('',(#6972,#6973,#6974,#6975));
#6972 = ORIENTED_EDGE('',*,*,#2640,.F.);
#6973 = ORIENTED_EDGE('',*,*,#5196,.F.);
#6974 = ORIENTED_EDGE('',*,*,#2457,.T.);
#6975 = ORIENTED_EDGE('',*,*,#2509,.F.);
#6976 = ADVANCED_FACE('',(#6977),#2383,.F.);
#6977 = FACE_BOUND('',#6978,.F.);
#6978 = EDGE_LOOP('',(#6979,#6980,#6981,#6982));
#6979 = ORIENTED_EDGE('',*,*,#4900,.T.);
#6980 = ORIENTED_EDGE('',*,*,#2556,.F.);
#6981 = ORIENTED_EDGE('',*,*,#2665,.T.);
#6982 = ORIENTED_EDGE('',*,*,#2368,.T.);
#6983 = ADVANCED_FACE('',(#6984),#2730,.F.);
#6984 = FACE_BOUND('',#6985,.F.);
#6985 = EDGE_LOOP('',(#6986,#7007,#7008,#7029));
#6986 = ORIENTED_EDGE('',*,*,#6987,.F.);
#6987 = EDGE_CURVE('',#2714,#4419,#6988,.T.);
#6988 = SURFACE_CURVE('',#6989,(#6993,#7000),.PCURVE_S1.);
#6989 = LINE('',#6990,#6991);
#6990 = CARTESIAN_POINT('',(-21.,-20.75,11.5));
#6991 = VECTOR('',#6992,1.);
#6992 = DIRECTION('',(0.,1.,0.));
#6993 = PCURVE('',#2730,#6994);
#6994 = DEFINITIONAL_REPRESENTATION('',(#6995),#6999);
#6995 = LINE('',#6996,#6997);
#6996 = CARTESIAN_POINT('',(0.,0.));
#6997 = VECTOR('',#6998,1.);
#6998 = DIRECTION('',(0.,1.));
#6999 = ( GEOMETRIC_REPRESENTATION_CONTEXT(2) 
PARAMETRIC_REPRESENTATION_CONTEXT() REPRESENTATION_CONTEXT('2D SPACE',''
  ) );
#7000 = PCURVE('',#2756,#7001);
#7001 = DEFINITIONAL_REPRESENTATION('',(#7002),#7006);
#7002 = LINE('',#7003,#7004);
#7003 = CARTESIAN_POINT('',(2.5,0.));
#7004 = VECTOR('',#7005,1.);
#7005 = DIRECTION('',(0.,-1.));
#7006 = ( GEOMETRIC_REPRESENTATION_CONTEXT(2) 
PARAMETRIC_REPRESENTATION_CONTEXT() REPRESENTATION_CONTEXT('2D SPACE',''
  ) );
#7007 = ORIENTED_EDGE('',*,*,#2713,.T.);
#7008 = ORIENTED_EDGE('',*,*,#7009,.T.);
#7009 = EDGE_CURVE('',#2716,#4421,#7010,.T.);
#7010 = SURFACE_CURVE('',#7011,(#7015,#7022),.PCURVE_S1.);
#7011 = LINE('',#7012,#7013);
#7012 = CARTESIAN_POINT('',(-13.,-20.75,11.5));
#7013 = VECTOR('',#7014,1.);
#7014 = DIRECTION('',(0.,1.,0.));
#7015 = PCURVE('',#2730,#7016);
#7016 = DEFINITIONAL_REPRESENTATION('',(#7017),#7021);
#7017 = LINE('',#7018,#7019);
#7018 = CARTESIAN_POINT('',(8.,0.));
#7019 = VECTOR('',#7020,1.);
#7020 = DIRECTION('',(0.,1.));
#7021 = ( GEOMETRIC_REPRESENTATION_CONTEXT(2) 
PARAMETRIC_REPRESENTATION_CONTEXT() REPRESENTATION_CONTEXT('2D SPACE',''
  ) );
#7022 = PCURVE('',#2806,#7023);
#7023 = DEFINITIONAL_REPRESENTATION('',(#7024),#7028);
#7024 = LINE('',#7025,#7026);
#7025 = CARTESIAN_POINT('',(2.5,0.));
#7026 = VECTOR('',#7027,1.);
#7027 = DIRECTION('',(0.,-1.));
#7028 = ( GEOMETRIC_REPRESENTATION_CONTEXT(2) 
PARAMETRIC_REPRESENTATION_CONTEXT() REPRESENTATION_CONTEXT('2D SPACE',''
  ) );
#7029 = ORIENTED_EDGE('',*,*,#4418,.F.);
#7030 = ADVANCED_FACE('',(#7031),#2756,.T.);
#7031 = FACE_BOUND('',#7032,.T.);
#7032 = EDGE_LOOP('',(#7033,#7034,#7035,#7056));
#7033 = ORIENTED_EDGE('',*,*,#6987,.F.);
#7034 = ORIENTED_EDGE('',*,*,#2741,.T.);
#7035 = ORIENTED_EDGE('',*,*,#7036,.T.);
#7036 = EDGE_CURVE('',#2742,#4442,#7037,.T.);
#7037 = SURFACE_CURVE('',#7038,(#7042,#7049),.PCURVE_S1.);
#7038 = LINE('',#7039,#7040);
#7039 = CARTESIAN_POINT('',(-21.,-20.75,9.));
#7040 = VECTOR('',#7041,1.);
#7041 = DIRECTION('',(0.,1.,0.));
#7042 = PCURVE('',#2756,#7043);
#7043 = DEFINITIONAL_REPRESENTATION('',(#7044),#7048);
#7044 = LINE('',#7045,#7046);
#7045 = CARTESIAN_POINT('',(0.,0.));
#7046 = VECTOR('',#7047,1.);
#7047 = DIRECTION('',(0.,-1.));
#7048 = ( GEOMETRIC_REPRESENTATION_CONTEXT(2) 
PARAMETRIC_REPRESENTATION_CONTEXT() REPRESENTATION_CONTEXT('2D SPACE',''
  ) );
#7049 = PCURVE('',#2782,#7050);
#7050 = DEFINITIONAL_REPRESENTATION('',(#7051),#7055);
#7051 = LINE('',#7052,#7053);
#7052 = CARTESIAN_POINT('',(0.,0.));
#7053 = VECTOR('',#7054,1.);
#7054 = DIRECTION('',(0.,1.));
#7055 = ( GEOMETRIC_REPRESENTATION_CONTEXT(2) 
PARAMETRIC_REPRESENTATION_CONTEXT() REPRESENTATION_CONTEXT('2D SPACE',''
  ) );
#7056 = ORIENTED_EDGE('',*,*,#4441,.F.);
#7057 = ADVANCED_FACE('',(#7058),#2806,.F.);
#7058 = FACE_BOUND('',#7059,.F.);
#7059 = EDGE_LOOP('',(#7060,#7061,#7062,#7083));
#7060 = ORIENTED_EDGE('',*,*,#7009,.F.);
#7061 = ORIENTED_EDGE('',*,*,#2793,.T.);
#7062 = ORIENTED_EDGE('',*,*,#7063,.T.);
#7063 = EDGE_CURVE('',#2768,#4463,#7064,.T.);
#7064 = SURFACE_CURVE('',#7065,(#7069,#7076),.PCURVE_S1.);
#7065 = LINE('',#7066,#7067);
#7066 = CARTESIAN_POINT('',(-13.,-20.75,9.));
#7067 = VECTOR('',#7068,1.);
#7068 = DIRECTION('',(0.,1.,0.));
#7069 = PCURVE('',#2806,#7070);
#7070 = DEFINITIONAL_REPRESENTATION('',(#7071),#7075);
#7071 = LINE('',#7072,#7073);
#7072 = CARTESIAN_POINT('',(0.,0.));
#7073 = VECTOR('',#7074,1.);
#7074 = DIRECTION('',(0.,-1.));
#7075 = ( GEOMETRIC_REPRESENTATION_CONTEXT(2) 
PARAMETRIC_REPRESENTATION_CONTEXT() REPRESENTATION_CONTEXT('2D SPACE',''
  ) );
#7076 = PCURVE('',#2782,#7077);
#7077 = DEFINITIONAL_REPRESENTATION('',(#7078),#7082);
#7078 = LINE('',#7079,#7080);
#7079 = CARTESIAN_POINT('',(8.,0.));
#7080 = VECTOR('',#7081,1.);
#7081 = DIRECTION('',(0.,1.));
#7082 = ( GEOMETRIC_REPRESENTATION_CONTEXT(2) 
PARAMETRIC_REPRESENTATION_CONTEXT() REPRESENTATION_CONTEXT('2D SPACE',''
  ) );
#7083 = ORIENTED_EDGE('',*,*,#4483,.F.);
#7084 = ADVANCED_FACE('',(#7085),#2782,.T.);
#7085 = FACE_BOUND('',#7086,.T.);
#7086 = EDGE_LOOP('',(#7087,#7088,#7089,#7090));
#7087 = ORIENTED_EDGE('',*,*,#7036,.F.);
#7088 = ORIENTED_EDGE('',*,*,#2767,.T.);
#7089 = ORIENTED_EDGE('',*,*,#7063,.T.);
#7090 = ORIENTED_EDGE('',*,*,#4462,.F.);
#7091 = ADVANCED_FACE('',(#7092),#2836,.F.);
#7092 = FACE_BOUND('',#7093,.F.);
#7093 = EDGE_LOOP('',(#7094,#7115,#7116,#7137));
#7094 = ORIENTED_EDGE('',*,*,#7095,.F.);
#7095 = EDGE_CURVE('',#2820,#4505,#7096,.T.);
#7096 = SURFACE_CURVE('',#7097,(#7101,#7108),.PCURVE_S1.);
#7097 = LINE('',#7098,#7099);
#7098 = CARTESIAN_POINT('',(-21.,-20.75,16.5));
#7099 = VECTOR('',#7100,1.);
#7100 = DIRECTION('',(0.,1.,0.));
#7101 = PCURVE('',#2836,#7102);
#7102 = DEFINITIONAL_REPRESENTATION('',(#7103),#7107);
#7103 = LINE('',#7104,#7105);
#7104 = CARTESIAN_POINT('',(0.,0.));
#7105 = VECTOR('',#7106,1.);
#7106 = DIRECTION('',(0.,1.));
#7107 = ( GEOMETRIC_REPRESENTATION_CONTEXT(2) 
PARAMETRIC_REPRESENTATION_CONTEXT() REPRESENTATION_CONTEXT('2D SPACE',''
  ) );
#7108 = PCURVE('',#2862,#7109);
#7109 = DEFINITIONAL_REPRESENTATION('',(#7110),#7114);
#7110 = LINE('',#7111,#7112);
#7111 = CARTESIAN_POINT('',(2.5,0.));
#7112 = VECTOR('',#7113,1.);
#7113 = DIRECTION('',(0.,-1.));
#7114 = ( GEOMETRIC_REPRESENTATION_CONTEXT(2) 
PARAMETRIC_REPRESENTATION_CONTEXT() REPRESENTATION_CONTEXT('2D SPACE',''
  ) );
#7115 = ORIENTED_EDGE('',*,*,#2819,.T.);
#7116 = ORIENTED_EDGE('',*,*,#7117,.T.);
#7117 = EDGE_CURVE('',#2822,#4507,#7118,.T.);
#7118 = SURFACE_CURVE('',#7119,(#7123,#7130),.PCURVE_S1.);
#7119 = LINE('',#7120,#7121);
#7120 = CARTESIAN_POINT('',(-13.,-20.75,16.5));
#7121 = VECTOR('',#7122,1.);
#7122 = DIRECTION('',(0.,1.,0.));
#7123 = PCURVE('',#2836,#7124);
#7124 = DEFINITIONAL_REPRESENTATION('',(#7125),#7129);
#7125 = LINE('',#7126,#7127);
#7126 = CARTESIAN_POINT('',(8.,0.));
#7127 = VECTOR('',#7128,1.);
#7128 = DIRECTION('',(0.,1.));
#7129 = ( GEOMETRIC_REPRESENTATION_CONTEXT(2) 
PARAMETRIC_REPRESENTATION_CONTEXT() REPRESENTATION_CONTEXT('2D SPACE',''
  ) );
#7130 = PCURVE('',#2912,#7131);
#7131 = DEFINITIONAL_REPRESENTATION('',(#7132),#7136);
#7132 = LINE('',#7133,#7134);
#7133 = CARTESIAN_POINT('',(2.5,0.));
#7134 = VECTOR('',#7135,1.);
#7135 = DIRECTION('',(0.,-1.));
#7136 = ( GEOMETRIC_REPRESENTATION_CONTEXT(2) 
PARAMETRIC_REPRESENTATION_CONTEXT() REPRESENTATION_CONTEXT('2D SPACE',''
  ) );
#7137 = ORIENTED_EDGE('',*,*,#4504,.F.);
#7138 = ADVANCED_FACE('',(#7139),#2862,.T.);
#7139 = FACE_BOUND('',#7140,.T.);
#7140 = EDGE_LOOP('',(#7141,#7142,#7143,#7164));
#7141 = ORIENTED_EDGE('',*,*,#7095,.F.);
#7142 = ORIENTED_EDGE('',*,*,#2847,.T.);
#7143 = ORIENTED_EDGE('',*,*,#7144,.T.);
#7144 = EDGE_CURVE('',#2848,#4528,#7145,.T.);
#7145 = SURFACE_CURVE('',#7146,(#7150,#7157),.PCURVE_S1.);
#7146 = LINE('',#7147,#7148);
#7147 = CARTESIAN_POINT('',(-21.,-20.75,14.));
#7148 = VECTOR('',#7149,1.);
#7149 = DIRECTION('',(0.,1.,0.));
#7150 = PCURVE('',#2862,#7151);
#7151 = DEFINITIONAL_REPRESENTATION('',(#7152),#7156);
#7152 = LINE('',#7153,#7154);
#7153 = CARTESIAN_POINT('',(0.,0.));
#7154 = VECTOR('',#7155,1.);
#7155 = DIRECTION('',(0.,-1.));
#7156 = ( GEOMETRIC_REPRESENTATION_CONTEXT(2) 
PARAMETRIC_REPRESENTATION_CONTEXT() REPRESENTATION_CONTEXT('2D SPACE',''
  ) );
#7157 = PCURVE('',#2888,#7158);
#7158 = DEFINITIONAL_REPRESENTATION('',(#7159),#7163);
#7159 = LINE('',#7160,#7161);
#7160 = CARTESIAN_POINT('',(0.,0.));
#7161 = VECTOR('',#7162,1.);
#7162 = DIRECTION('',(0.,1.));
#7163 = ( GEOMETRIC_REPRESENTATION_CONTEXT(2) 
PARAMETRIC_REPRESENTATION_CONTEXT() REPRESENTATION_CONTEXT('2D SPACE',''
  ) );
#7164 = ORIENTED_EDGE('',*,*,#4527,.F.);
#7165 = ADVANCED_FACE('',(#7166),#2912,.F.);
#7166 = FACE_BOUND('',#7167,.F.);
#7167 = EDGE_LOOP('',(#7168,#7169,#7170,#7191));
#7168 = ORIENTED_EDGE('',*,*,#7117,.F.);
#7169 = ORIENTED_EDGE('',*,*,#2899,.T.);
#7170 = ORIENTED_EDGE('',*,*,#7171,.T.);
#7171 = EDGE_CURVE('',#2874,#4549,#7172,.T.);
#7172 = SURFACE_CURVE('',#7173,(#7177,#7184),.PCURVE_S1.);
#7173 = LINE('',#7174,#7175);
#7174 = CARTESIAN_POINT('',(-13.,-20.75,14.));
#7175 = VECTOR('',#7176,1.);
#7176 = DIRECTION('',(0.,1.,0.));
#7177 = PCURVE('',#2912,#7178);
#7178 = DEFINITIONAL_REPRESENTATION('',(#7179),#7183);
#7179 = LINE('',#7180,#7181);
#7180 = CARTESIAN_POINT('',(0.,0.));
#7181 = VECTOR('',#7182,1.);
#7182 = DIRECTION('',(0.,-1.));
#7183 = ( GEOMETRIC_REPRESENTATION_CONTEXT(2) 
PARAMETRIC_REPRESENTATION_CONTEXT() REPRESENTATION_CONTEXT('2D SPACE',''
  ) );
#7184 = PCURVE('',#2888,#7185);
#7185 = DEFINITIONAL_REPRESENTATION('',(#7186),#7190);
#7186 = LINE('',#7187,#7188);
#7187 = CARTESIAN_POINT('',(8.,0.));
#7188 = VECTOR('',#7189,1.);
#7189 = DIRECTION('',(0.,1.));
#7190 = ( GEOMETRIC_REPRESENTATION_CONTEXT(2) 
PARAMETRIC_REPRESENTATION_CONTEXT() REPRESENTATION_CONTEXT('2D SPACE',''
  ) );
#7191 = ORIENTED_EDGE('',*,*,#4569,.F.);
#7192 = ADVANCED_FACE('',(#7193),#2888,.T.);
#7193 = FACE_BOUND('',#7194,.T.);
#7194 = EDGE_LOOP('',(#7195,#7196,#7197,#7198));
#7195 = ORIENTED_EDGE('',*,*,#7144,.F.);
#7196 = ORIENTED_EDGE('',*,*,#2873,.T.);
#7197 = ORIENTED_EDGE('',*,*,#7171,.T.);
#7198 = ORIENTED_EDGE('',*,*,#4548,.F.);
#7199 = ADVANCED_FACE('',(#7200),#2942,.F.);
#7200 = FACE_BOUND('',#7201,.F.);
#7201 = EDGE_LOOP('',(#7202,#7223,#7224,#7245));
#7202 = ORIENTED_EDGE('',*,*,#7203,.F.);
#7203 = EDGE_CURVE('',#2926,#4591,#7204,.T.);
#7204 = SURFACE_CURVE('',#7205,(#7209,#7216),.PCURVE_S1.);
#7205 = LINE('',#7206,#7207);
#7206 = CARTESIAN_POINT('',(-21.,-20.75,21.5));
#7207 = VECTOR('',#7208,1.);
#7208 = DIRECTION('',(0.,1.,0.));
#7209 = PCURVE('',#2942,#7210);
#7210 = DEFINITIONAL_REPRESENTATION('',(#7211),#7215);
#7211 = LINE('',#7212,#7213);
#7212 = CARTESIAN_POINT('',(0.,0.));
#7213 = VECTOR('',#7214,1.);
#7214 = DIRECTION('',(0.,1.));
#7215 = ( GEOMETRIC_REPRESENTATION_CONTEXT(2) 
PARAMETRIC_REPRESENTATION_CONTEXT() REPRESENTATION_CONTEXT('2D SPACE',''
  ) );
#7216 = PCURVE('',#2968,#7217);
#7217 = DEFINITIONAL_REPRESENTATION('',(#7218),#7222);
#7218 = LINE('',#7219,#7220);
#7219 = CARTESIAN_POINT('',(2.5,0.));
#7220 = VECTOR('',#7221,1.);
#7221 = DIRECTION('',(0.,-1.));
#7222 = ( GEOMETRIC_REPRESENTATION_CONTEXT(2) 
PARAMETRIC_REPRESENTATION_CONTEXT() REPRESENTATION_CONTEXT('2D SPACE',''
  ) );
#7223 = ORIENTED_EDGE('',*,*,#2925,.T.);
#7224 = ORIENTED_EDGE('',*,*,#7225,.T.);
#7225 = EDGE_CURVE('',#2928,#4593,#7226,.T.);
#7226 = SURFACE_CURVE('',#7227,(#7231,#7238),.PCURVE_S1.);
#7227 = LINE('',#7228,#7229);
#7228 = CARTESIAN_POINT('',(-13.,-20.75,21.5));
#7229 = VECTOR('',#7230,1.);
#7230 = DIRECTION('',(0.,1.,0.));
#7231 = PCURVE('',#2942,#7232);
#7232 = DEFINITIONAL_REPRESENTATION('',(#7233),#7237);
#7233 = LINE('',#7234,#7235);
#7234 = CARTESIAN_POINT('',(8.,0.));
#7235 = VECTOR('',#7236,1.);
#7236 = DIRECTION('',(0.,1.));
#7237 = ( GEOMETRIC_REPRESENTATION_CONTEXT(2) 
PARAMETRIC_REPRESENTATION_CONTEXT() REPRESENTATION_CONTEXT('2D SPACE',''
  ) );
#7238 = PCURVE('',#3018,#7239);
#7239 = DEFINITIONAL_REPRESENTATION('',(#7240),#7244);
#7240 = LINE('',#7241,#7242);
#7241 = CARTESIAN_POINT('',(2.5,0.));
#7242 = VECTOR('',#7243,1.);
#7243 = DIRECTION('',(0.,-1.));
#7244 = ( GEOMETRIC_REPRESENTATION_CONTEXT(2) 
PARAMETRIC_REPRESENTATION_CONTEXT() REPRESENTATION_CONTEXT('2D SPACE',''
  ) );
#7245 = ORIENTED_EDGE('',*,*,#4590,.F.);
#7246 = ADVANCED_FACE('',(#7247),#2968,.T.);
#7247 = FACE_BOUND('',#7248,.T.);
#7248 = EDGE_LOOP('',(#7249,#7250,#7251,#7272));
#7249 = ORIENTED_EDGE('',*,*,#7203,.F.);
#7250 = ORIENTED_EDGE('',*,*,#2953,.T.);
#7251 = ORIENTED_EDGE('',*,*,#7252,.T.);
#7252 = EDGE_CURVE('',#2954,#4614,#7253,.T.);
#7253 = SURFACE_CURVE('',#7254,(#7258,#7265),.PCURVE_S1.);
#7254 = LINE('',#7255,#7256);
#7255 = CARTESIAN_POINT('',(-21.,-20.75,19.));
#7256 = VECTOR('',#7257,1.);
#7257 = DIRECTION('',(0.,1.,0.));
#7258 = PCURVE('',#2968,#7259);
#7259 = DEFINITIONAL_REPRESENTATION('',(#7260),#7264);
#7260 = LINE('',#7261,#7262);
#7261 = CARTESIAN_POINT('',(0.,0.));
#7262 = VECTOR('',#7263,1.);
#7263 = DIRECTION('',(0.,-1.));
#7264 = ( GEOMETRIC_REPRESENTATION_CONTEXT(2) 
PARAMETRIC_REPRESENTATION_CONTEXT() REPRESENTATION_CONTEXT('2D SPACE',''
  ) );
#7265 = PCURVE('',#2994,#7266);
#7266 = DEFINITIONAL_REPRESENTATION('',(#7267),#7271);
#7267 = LINE('',#7268,#7269);
#7268 = CARTESIAN_POINT('',(0.,0.));
#7269 = VECTOR('',#7270,1.);
#7270 = DIRECTION('',(0.,1.));
#7271 = ( GEOMETRIC_REPRESENTATION_CONTEXT(2) 
PARAMETRIC_REPRESENTATION_CONTEXT() REPRESENTATION_CONTEXT('2D SPACE',''
  ) );
#7272 = ORIENTED_EDGE('',*,*,#4613,.F.);
#7273 = ADVANCED_FACE('',(#7274),#3018,.F.);
#7274 = FACE_BOUND('',#7275,.F.);
#7275 = EDGE_LOOP('',(#7276,#7277,#7278,#7299));
#7276 = ORIENTED_EDGE('',*,*,#7225,.F.);
#7277 = ORIENTED_EDGE('',*,*,#3005,.T.);
#7278 = ORIENTED_EDGE('',*,*,#7279,.T.);
#7279 = EDGE_CURVE('',#2980,#4635,#7280,.T.);
#7280 = SURFACE_CURVE('',#7281,(#7285,#7292),.PCURVE_S1.);
#7281 = LINE('',#7282,#7283);
#7282 = CARTESIAN_POINT('',(-13.,-20.75,19.));
#7283 = VECTOR('',#7284,1.);
#7284 = DIRECTION('',(0.,1.,0.));
#7285 = PCURVE('',#3018,#7286);
#7286 = DEFINITIONAL_REPRESENTATION('',(#7287),#7291);
#7287 = LINE('',#7288,#7289);
#7288 = CARTESIAN_POINT('',(0.,0.));
#7289 = VECTOR('',#7290,1.);
#7290 = DIRECTION('',(0.,-1.));
#7291 = ( GEOMETRIC_REPRESENTATION_CONTEXT(2) 
PARAMETRIC_REPRESENTATION_CONTEXT() REPRESENTATION_CONTEXT('2D SPACE',''
  ) );
#7292 = PCURVE('',#2994,#7293);
#7293 = DEFINITIONAL_REPRESENTATION('',(#7294),#7298);
#7294 = LINE('',#7295,#7296);
#7295 = CARTESIAN_POINT('',(8.,0.));
#7296 = VECTOR('',#7297,1.);
#7297 = DIRECTION('',(0.,1.));
#7298 = ( GEOMETRIC_REPRESENTATION_CONTEXT(2) 
PARAMETRIC_REPRESENTATION_CONTEXT() REPRESENTATION_CONTEXT('2D SPACE',''
  ) );
#7299 = ORIENTED_EDGE('',*,*,#4655,.F.);
#7300 = ADVANCED_FACE('',(#7301),#2994,.T.);
#7301 = FACE_BOUND('',#7302,.T.);
#7302 = EDGE_LOOP('',(#7303,#7304,#7305,#7306));
#7303 = ORIENTED_EDGE('',*,*,#7252,.F.);
#7304 = ORIENTED_EDGE('',*,*,#2979,.T.);
#7305 = ORIENTED_EDGE('',*,*,#7279,.T.);
#7306 = ORIENTED_EDGE('',*,*,#4634,.F.);
#7307 = ADVANCED_FACE('',(#7308),#3048,.F.);
#7308 = FACE_BOUND('',#7309,.F.);
#7309 = EDGE_LOOP('',(#7310,#7331,#7332,#7353));
#7310 = ORIENTED_EDGE('',*,*,#7311,.F.);
#7311 = EDGE_CURVE('',#3032,#5291,#7312,.T.);
#7312 = SURFACE_CURVE('',#7313,(#7317,#7324),.PCURVE_S1.);
#7313 = LINE('',#7314,#7315);
#7314 = CARTESIAN_POINT('',(3.,-20.75,10.5));
#7315 = VECTOR('',#7316,1.);
#7316 = DIRECTION('',(0.,1.,0.));
#7317 = PCURVE('',#3048,#7318);
#7318 = DEFINITIONAL_REPRESENTATION('',(#7319),#7323);
#7319 = LINE('',#7320,#7321);
#7320 = CARTESIAN_POINT('',(0.,0.));
#7321 = VECTOR('',#7322,1.);
#7322 = DIRECTION('',(0.,1.));
#7323 = ( GEOMETRIC_REPRESENTATION_CONTEXT(2) 
PARAMETRIC_REPRESENTATION_CONTEXT() REPRESENTATION_CONTEXT('2D SPACE',''
  ) );
#7324 = PCURVE('',#3074,#7325);
#7325 = DEFINITIONAL_REPRESENTATION('',(#7326),#7330);
#7326 = LINE('',#7327,#7328);
#7327 = CARTESIAN_POINT('',(2.5,0.));
#7328 = VECTOR('',#7329,1.);
#7329 = DIRECTION('',(0.,-1.));
#7330 = ( GEOMETRIC_REPRESENTATION_CONTEXT(2) 
PARAMETRIC_REPRESENTATION_CONTEXT() REPRESENTATION_CONTEXT('2D SPACE',''
  ) );
#7331 = ORIENTED_EDGE('',*,*,#3031,.T.);
#7332 = ORIENTED_EDGE('',*,*,#7333,.T.);
#7333 = EDGE_CURVE('',#3034,#5293,#7334,.T.);
#7334 = SURFACE_CURVE('',#7335,(#7339,#7346),.PCURVE_S1.);
#7335 = LINE('',#7336,#7337);
#7336 = CARTESIAN_POINT('',(19.,-20.75,10.5));
#7337 = VECTOR('',#7338,1.);
#7338 = DIRECTION('',(0.,1.,0.));
#7339 = PCURVE('',#3048,#7340);
#7340 = DEFINITIONAL_REPRESENTATION('',(#7341),#7345);
#7341 = LINE('',#7342,#7343);
#7342 = CARTESIAN_POINT('',(16.,0.));
#7343 = VECTOR('',#7344,1.);
#7344 = DIRECTION('',(0.,1.));
#7345 = ( GEOMETRIC_REPRESENTATION_CONTEXT(2) 
PARAMETRIC_REPRESENTATION_CONTEXT() REPRESENTATION_CONTEXT('2D SPACE',''
  ) );
#7346 = PCURVE('',#3124,#7347);
#7347 = DEFINITIONAL_REPRESENTATION('',(#7348),#7352);
#7348 = LINE('',#7349,#7350);
#7349 = CARTESIAN_POINT('',(2.5,0.));
#7350 = VECTOR('',#7351,1.);
#7351 = DIRECTION('',(0.,-1.));
#7352 = ( GEOMETRIC_REPRESENTATION_CONTEXT(2) 
PARAMETRIC_REPRESENTATION_CONTEXT() REPRESENTATION_CONTEXT('2D SPACE',''
  ) );
#7353 = ORIENTED_EDGE('',*,*,#5290,.F.);
#7354 = ADVANCED_FACE('',(#7355),#3074,.T.);
#7355 = FACE_BOUND('',#7356,.T.);
#7356 = EDGE_LOOP('',(#7357,#7358,#7359,#7380));
#7357 = ORIENTED_EDGE('',*,*,#7311,.F.);
#7358 = ORIENTED_EDGE('',*,*,#3059,.T.);
#7359 = ORIENTED_EDGE('',*,*,#7360,.T.);
#7360 = EDGE_CURVE('',#3060,#5314,#7361,.T.);
#7361 = SURFACE_CURVE('',#7362,(#7366,#7373),.PCURVE_S1.);
#7362 = LINE('',#7363,#7364);
#7363 = CARTESIAN_POINT('',(3.,-20.75,8.));
#7364 = VECTOR('',#7365,1.);
#7365 = DIRECTION('',(0.,1.,0.));
#7366 = PCURVE('',#3074,#7367);
#7367 = DEFINITIONAL_REPRESENTATION('',(#7368),#7372);
#7368 = LINE('',#7369,#7370);
#7369 = CARTESIAN_POINT('',(0.,0.));
#7370 = VECTOR('',#7371,1.);
#7371 = DIRECTION('',(0.,-1.));
#7372 = ( GEOMETRIC_REPRESENTATION_CONTEXT(2) 
PARAMETRIC_REPRESENTATION_CONTEXT() REPRESENTATION_CONTEXT('2D SPACE',''
  ) );
#7373 = PCURVE('',#3100,#7374);
#7374 = DEFINITIONAL_REPRESENTATION('',(#7375),#7379);
#7375 = LINE('',#7376,#7377);
#7376 = CARTESIAN_POINT('',(0.,0.));
#7377 = VECTOR('',#7378,1.);
#7378 = DIRECTION('',(0.,1.));
#7379 = ( GEOMETRIC_REPRESENTATION_CONTEXT(2) 
PARAMETRIC_REPRESENTATION_CONTEXT() REPRESENTATION_CONTEXT('2D SPACE',''
  ) );
#7380 = ORIENTED_EDGE('',*,*,#5313,.F.);
#7381 = ADVANCED_FACE('',(#7382),#3124,.F.);
#7382 = FACE_BOUND('',#7383,.F.);
#7383 = EDGE_LOOP('',(#7384,#7385,#7386,#7407));
#7384 = ORIENTED_EDGE('',*,*,#7333,.F.);
#7385 = ORIENTED_EDGE('',*,*,#3111,.T.);
#7386 = ORIENTED_EDGE('',*,*,#7387,.T.);
#7387 = EDGE_CURVE('',#3086,#5335,#7388,.T.);
#7388 = SURFACE_CURVE('',#7389,(#7393,#7400),.PCURVE_S1.);
#7389 = LINE('',#7390,#7391);
#7390 = CARTESIAN_POINT('',(19.,-20.75,8.));
#7391 = VECTOR('',#7392,1.);
#7392 = DIRECTION('',(0.,1.,0.));
#7393 = PCURVE('',#3124,#7394);
#7394 = DEFINITIONAL_REPRESENTATION('',(#7395),#7399);
#7395 = LINE('',#7396,#7397);
#7396 = CARTESIAN_POINT('',(0.,0.));
#7397 = VECTOR('',#7398,1.);
#7398 = DIRECTION('',(0.,-1.));
#7399 = ( GEOMETRIC_REPRESENTATION_CONTEXT(2) 
PARAMETRIC_REPRESENTATION_CONTEXT() REPRESENTATION_CONTEXT('2D SPACE',''
  ) );
#7400 = PCURVE('',#3100,#7401);
#7401 = DEFINITIONAL_REPRESENTATION('',(#7402),#7406);
#7402 = LINE('',#7403,#7404);
#7403 = CARTESIAN_POINT('',(16.,0.));
#7404 = VECTOR('',#7405,1.);
#7405 = DIRECTION('',(0.,1.));
#7406 = ( GEOMETRIC_REPRESENTATION_CONTEXT(2) 
PARAMETRIC_REPRESENTATION_CONTEXT() REPRESENTATION_CONTEXT('2D SPACE',''
  ) );
#7407 = ORIENTED_EDGE('',*,*,#5355,.F.);
#7408 = ADVANCED_FACE('',(#7409),#3100,.T.);
#7409 = FACE_BOUND('',#7410,.T.);
#7410 = EDGE_LOOP('',(#7411,#7412,#7413,#7414));
#7411 = ORIENTED_EDGE('',*,*,#7360,.F.);
#7412 = ORIENTED_EDGE('',*,*,#3085,.T.);
#7413 = ORIENTED_EDGE('',*,*,#7387,.T.);
#7414 = ORIENTED_EDGE('',*,*,#5334,.F.);
#7415 = ADVANCED_FACE('',(#7416),#3154,.F.);
#7416 = FACE_BOUND('',#7417,.F.);
#7417 = EDGE_LOOP('',(#7418,#7439,#7440,#7461));
#7418 = ORIENTED_EDGE('',*,*,#7419,.F.);
#7419 = EDGE_CURVE('',#3138,#5377,#7420,.T.);
#7420 = SURFACE_CURVE('',#7421,(#7425,#7432),.PCURVE_S1.);
#7421 = LINE('',#7422,#7423);
#7422 = CARTESIAN_POINT('',(3.,-20.75,18.5));
#7423 = VECTOR('',#7424,1.);
#7424 = DIRECTION('',(0.,1.,0.));
#7425 = PCURVE('',#3154,#7426);
#7426 = DEFINITIONAL_REPRESENTATION('',(#7427),#7431);
#7427 = LINE('',#7428,#7429);
#7428 = CARTESIAN_POINT('',(0.,0.));
#7429 = VECTOR('',#7430,1.);
#7430 = DIRECTION('',(0.,1.));
#7431 = ( GEOMETRIC_REPRESENTATION_CONTEXT(2) 
PARAMETRIC_REPRESENTATION_CONTEXT() REPRESENTATION_CONTEXT('2D SPACE',''
  ) );
#7432 = PCURVE('',#3180,#7433);
#7433 = DEFINITIONAL_REPRESENTATION('',(#7434),#7438);
#7434 = LINE('',#7435,#7436);
#7435 = CARTESIAN_POINT('',(2.5,0.));
#7436 = VECTOR('',#7437,1.);
#7437 = DIRECTION('',(0.,-1.));
#7438 = ( GEOMETRIC_REPRESENTATION_CONTEXT(2) 
PARAMETRIC_REPRESENTATION_CONTEXT() REPRESENTATION_CONTEXT('2D SPACE',''
  ) );
#7439 = ORIENTED_EDGE('',*,*,#3137,.T.);
#7440 = ORIENTED_EDGE('',*,*,#7441,.T.);
#7441 = EDGE_CURVE('',#3140,#5379,#7442,.T.);
#7442 = SURFACE_CURVE('',#7443,(#7447,#7454),.PCURVE_S1.);
#7443 = LINE('',#7444,#7445);
#7444 = CARTESIAN_POINT('',(19.,-20.75,18.5));
#7445 = VECTOR('',#7446,1.);
#7446 = DIRECTION('',(0.,1.,0.));
#7447 = PCURVE('',#3154,#7448);
#7448 = DEFINITIONAL_REPRESENTATION('',(#7449),#7453);
#7449 = LINE('',#7450,#7451);
#7450 = CARTESIAN_POINT('',(16.,0.));
#7451 = VECTOR('',#7452,1.);
#7452 = DIRECTION('',(0.,1.));
#7453 = ( GEOMETRIC_REPRESENTATION_CONTEXT(2) 
PARAMETRIC_REPRESENTATION_CONTEXT() REPRESENTATION_CONTEXT('2D SPACE',''
  ) );
#7454 = PCURVE('',#3230,#7455);
#7455 = DEFINITIONAL_REPRESENTATION('',(#7456),#7460);
#7456 = LINE('',#7457,#7458);
#7457 = CARTESIAN_POINT('',(2.5,0.));
#7458 = VECTOR('',#7459,1.);
#7459 = DIRECTION('',(0.,-1.));
#7460 = ( GEOMETRIC_REPRESENTATION_CONTEXT(2) 
PARAMETRIC_REPRESENTATION_CONTEXT() REPRESENTATION_CONTEXT('2D SPACE',''
  ) );
#7461 = ORIENTED_EDGE('',*,*,#5376,.F.);
#7462 = ADVANCED_FACE('',(#7463),#3180,.T.);
#7463 = FACE_BOUND('',#7464,.T.);
#7464 = EDGE_LOOP('',(#7465,#7466,#7467,#7488));
#7465 = ORIENTED_EDGE('',*,*,#7419,.F.);
#7466 = ORIENTED_EDGE('',*,*,#3165,.T.);
#7467 = ORIENTED_EDGE('',*,*,#7468,.T.);
#7468 = EDGE_CURVE('',#3166,#5400,#7469,.T.);
#7469 = SURFACE_CURVE('',#7470,(#7474,#7481),.PCURVE_S1.);
#7470 = LINE('',#7471,#7472);
#7471 = CARTESIAN_POINT('',(3.,-20.75,16.));
#7472 = VECTOR('',#7473,1.);
#7473 = DIRECTION('',(0.,1.,0.));
#7474 = PCURVE('',#3180,#7475);
#7475 = DEFINITIONAL_REPRESENTATION('',(#7476),#7480);
#7476 = LINE('',#7477,#7478);
#7477 = CARTESIAN_POINT('',(0.,0.));
#7478 = VECTOR('',#7479,1.);
#7479 = DIRECTION('',(0.,-1.));
#7480 = ( GEOMETRIC_REPRESENTATION_CONTEXT(2) 
PARAMETRIC_REPRESENTATION_CONTEXT() REPRESENTATION_CONTEXT('2D SPACE',''
  ) );
#7481 = PCURVE('',#3206,#7482);
#7482 = DEFINITIONAL_REPRESENTATION('',(#7483),#7487);
#7483 = LINE('',#7484,#7485);
#7484 = CARTESIAN_POINT('',(0.,0.));
#7485 = VECTOR('',#7486,1.);
#7486 = DIRECTION('',(0.,1.));
#7487 = ( GEOMETRIC_REPRESENTATION_CONTEXT(2) 
PARAMETRIC_REPRESENTATION_CONTEXT() REPRESENTATION_CONTEXT('2D SPACE',''
  ) );
#7488 = ORIENTED_EDGE('',*,*,#5399,.F.);
#7489 = ADVANCED_FACE('',(#7490),#3230,.F.);
#7490 = FACE_BOUND('',#7491,.F.);
#7491 = EDGE_LOOP('',(#7492,#7493,#7494,#7515));
#7492 = ORIENTED_EDGE('',*,*,#7441,.F.);
#7493 = ORIENTED_EDGE('',*,*,#3217,.T.);
#7494 = ORIENTED_EDGE('',*,*,#7495,.T.);
#7495 = EDGE_CURVE('',#3192,#5421,#7496,.T.);
#7496 = SURFACE_CURVE('',#7497,(#7501,#7508),.PCURVE_S1.);
#7497 = LINE('',#7498,#7499);
#7498 = CARTESIAN_POINT('',(19.,-20.75,16.));
#7499 = VECTOR('',#7500,1.);
#7500 = DIRECTION('',(0.,1.,0.));
#7501 = PCURVE('',#3230,#7502);
#7502 = DEFINITIONAL_REPRESENTATION('',(#7503),#7507);
#7503 = LINE('',#7504,#7505);
#7504 = CARTESIAN_POINT('',(0.,0.));
#7505 = VECTOR('',#7506,1.);
#7506 = DIRECTION('',(0.,-1.));
#7507 = ( GEOMETRIC_REPRESENTATION_CONTEXT(2) 
PARAMETRIC_REPRESENTATION_CONTEXT() REPRESENTATION_CONTEXT('2D SPACE',''
  ) );
#7508 = PCURVE('',#3206,#7509);
#7509 = DEFINITIONAL_REPRESENTATION('',(#7510),#7514);
#7510 = LINE('',#7511,#7512);
#7511 = CARTESIAN_POINT('',(16.,0.));
#7512 = VECTOR('',#7513,1.);
#7513 = DIRECTION('',(0.,1.));
#7514 = ( GEOMETRIC_REPRESENTATION_CONTEXT(2) 
PARAMETRIC_REPRESENTATION_CONTEXT() REPRESENTATION_CONTEXT('2D SPACE',''
  ) );
#7515 = ORIENTED_EDGE('',*,*,#5441,.F.);
#7516 = ADVANCED_FACE('',(#7517),#3206,.T.);
#7517 = FACE_BOUND('',#7518,.T.);
#7518 = EDGE_LOOP('',(#7519,#7520,#7521,#7522));
#7519 = ORIENTED_EDGE('',*,*,#7468,.F.);
#7520 = ORIENTED_EDGE('',*,*,#3191,.T.);
#7521 = ORIENTED_EDGE('',*,*,#7495,.T.);
#7522 = ORIENTED_EDGE('',*,*,#5420,.F.);
#7523 = ADVANCED_FACE('',(#7524),#3260,.F.);
#7524 = FACE_BOUND('',#7525,.F.);
#7525 = EDGE_LOOP('',(#7526,#7547,#7548,#7569));
#7526 = ORIENTED_EDGE('',*,*,#7527,.F.);
#7527 = EDGE_CURVE('',#3244,#5463,#7528,.T.);
#7528 = SURFACE_CURVE('',#7529,(#7533,#7540),.PCURVE_S1.);
#7529 = LINE('',#7530,#7531);
#7530 = CARTESIAN_POINT('',(3.,-20.75,24.5));
#7531 = VECTOR('',#7532,1.);
#7532 = DIRECTION('',(0.,1.,0.));
#7533 = PCURVE('',#3260,#7534);
#7534 = DEFINITIONAL_REPRESENTATION('',(#7535),#7539);
#7535 = LINE('',#7536,#7537);
#7536 = CARTESIAN_POINT('',(0.,0.));
#7537 = VECTOR('',#7538,1.);
#7538 = DIRECTION('',(0.,1.));
#7539 = ( GEOMETRIC_REPRESENTATION_CONTEXT(2) 
PARAMETRIC_REPRESENTATION_CONTEXT() REPRESENTATION_CONTEXT('2D SPACE',''
  ) );
#7540 = PCURVE('',#3286,#7541);
#7541 = DEFINITIONAL_REPRESENTATION('',(#7542),#7546);
#7542 = LINE('',#7543,#7544);
#7543 = CARTESIAN_POINT('',(2.5,0.));
#7544 = VECTOR('',#7545,1.);
#7545 = DIRECTION('',(0.,-1.));
#7546 = ( GEOMETRIC_REPRESENTATION_CONTEXT(2) 
PARAMETRIC_REPRESENTATION_CONTEXT() REPRESENTATION_CONTEXT('2D SPACE',''
  ) );
#7547 = ORIENTED_EDGE('',*,*,#3243,.T.);
#7548 = ORIENTED_EDGE('',*,*,#7549,.T.);
#7549 = EDGE_CURVE('',#3246,#5465,#7550,.T.);
#7550 = SURFACE_CURVE('',#7551,(#7555,#7562),.PCURVE_S1.);
#7551 = LINE('',#7552,#7553);
#7552 = CARTESIAN_POINT('',(19.,-20.75,24.5));
#7553 = VECTOR('',#7554,1.);
#7554 = DIRECTION('',(0.,1.,0.));
#7555 = PCURVE('',#3260,#7556);
#7556 = DEFINITIONAL_REPRESENTATION('',(#7557),#7561);
#7557 = LINE('',#7558,#7559);
#7558 = CARTESIAN_POINT('',(16.,0.));
#7559 = VECTOR('',#7560,1.);
#7560 = DIRECTION('',(0.,1.));
#7561 = ( GEOMETRIC_REPRESENTATION_CONTEXT(2) 
PARAMETRIC_REPRESENTATION_CONTEXT() REPRESENTATION_CONTEXT('2D SPACE',''
  ) );
#7562 = PCURVE('',#3336,#7563);
#7563 = DEFINITIONAL_REPRESENTATION('',(#7564),#7568);
#7564 = LINE('',#7565,#7566);
#7565 = CARTESIAN_POINT('',(2.5,0.));
#7566 = VECTOR('',#7567,1.);
#7567 = DIRECTION('',(0.,-1.));
#7568 = ( GEOMETRIC_REPRESENTATION_CONTEXT(2) 
PARAMETRIC_REPRESENTATION_CONTEXT() REPRESENTATION_CONTEXT('2D SPACE',''
  ) );
#7569 = ORIENTED_EDGE('',*,*,#5462,.F.);
#7570 = ADVANCED_FACE('',(#7571),#3336,.F.);
#7571 = FACE_BOUND('',#7572,.F.);
#7572 = EDGE_LOOP('',(#7573,#7574,#7575,#7596));
#7573 = ORIENTED_EDGE('',*,*,#7549,.F.);
#7574 = ORIENTED_EDGE('',*,*,#3323,.T.);
#7575 = ORIENTED_EDGE('',*,*,#7576,.T.);
#7576 = EDGE_CURVE('',#3298,#5507,#7577,.T.);
#7577 = SURFACE_CURVE('',#7578,(#7582,#7589),.PCURVE_S1.);
#7578 = LINE('',#7579,#7580);
#7579 = CARTESIAN_POINT('',(19.,-20.75,22.));
#7580 = VECTOR('',#7581,1.);
#7581 = DIRECTION('',(0.,1.,0.));
#7582 = PCURVE('',#3336,#7583);
#7583 = DEFINITIONAL_REPRESENTATION('',(#7584),#7588);
#7584 = LINE('',#7585,#7586);
#7585 = CARTESIAN_POINT('',(0.,0.));
#7586 = VECTOR('',#7587,1.);
#7587 = DIRECTION('',(0.,-1.));
#7588 = ( GEOMETRIC_REPRESENTATION_CONTEXT(2) 
PARAMETRIC_REPRESENTATION_CONTEXT() REPRESENTATION_CONTEXT('2D SPACE',''
  ) );
#7589 = PCURVE('',#3312,#7590);
#7590 = DEFINITIONAL_REPRESENTATION('',(#7591),#7595);
#7591 = LINE('',#7592,#7593);
#7592 = CARTESIAN_POINT('',(16.,0.));
#7593 = VECTOR('',#7594,1.);
#7594 = DIRECTION('',(0.,1.));
#7595 = ( GEOMETRIC_REPRESENTATION_CONTEXT(2) 
PARAMETRIC_REPRESENTATION_CONTEXT() REPRESENTATION_CONTEXT('2D SPACE',''
  ) );
#7596 = ORIENTED_EDGE('',*,*,#5527,.F.);
#7597 = ADVANCED_FACE('',(#7598),#3312,.T.);
#7598 = FACE_BOUND('',#7599,.T.);
#7599 = EDGE_LOOP('',(#7600,#7621,#7622,#7623));
#7600 = ORIENTED_EDGE('',*,*,#7601,.F.);
#7601 = EDGE_CURVE('',#3272,#5486,#7602,.T.);
#7602 = SURFACE_CURVE('',#7603,(#7607,#7614),.PCURVE_S1.);
#7603 = LINE('',#7604,#7605);
#7604 = CARTESIAN_POINT('',(3.,-20.75,22.));
#7605 = VECTOR('',#7606,1.);
#7606 = DIRECTION('',(0.,1.,0.));
#7607 = PCURVE('',#3312,#7608);
#7608 = DEFINITIONAL_REPRESENTATION('',(#7609),#7613);
#7609 = LINE('',#7610,#7611);
#7610 = CARTESIAN_POINT('',(0.,0.));
#7611 = VECTOR('',#7612,1.);
#7612 = DIRECTION('',(0.,1.));
#7613 = ( GEOMETRIC_REPRESENTATION_CONTEXT(2) 
PARAMETRIC_REPRESENTATION_CONTEXT() REPRESENTATION_CONTEXT('2D SPACE',''
  ) );
#7614 = PCURVE('',#3286,#7615);
#7615 = DEFINITIONAL_REPRESENTATION('',(#7616),#7620);
#7616 = LINE('',#7617,#7618);
#7617 = CARTESIAN_POINT('',(0.,0.));
#7618 = VECTOR('',#7619,1.);
#7619 = DIRECTION('',(0.,-1.));
#7620 = ( GEOMETRIC_REPRESENTATION_CONTEXT(2) 
PARAMETRIC_REPRESENTATION_CONTEXT() REPRESENTATION_CONTEXT('2D SPACE',''
  ) );
#7621 = ORIENTED_EDGE('',*,*,#3297,.T.);
#7622 = ORIENTED_EDGE('',*,*,#7576,.T.);
#7623 = ORIENTED_EDGE('',*,*,#5506,.F.);
#7624 = ADVANCED_FACE('',(#7625),#3286,.T.);
#7625 = FACE_BOUND('',#7626,.T.);
#7626 = EDGE_LOOP('',(#7627,#7628,#7629,#7630));
#7627 = ORIENTED_EDGE('',*,*,#7527,.F.);
#7628 = ORIENTED_EDGE('',*,*,#3271,.T.);
#7629 = ORIENTED_EDGE('',*,*,#7601,.T.);
#7630 = ORIENTED_EDGE('',*,*,#5485,.F.);
#7631 = ADVANCED_FACE('',(#7632),#3393,.F.);
#7632 = FACE_BOUND('',#7633,.F.);
#7633 = EDGE_LOOP('',(#7634,#7655,#7656,#7677));
#7634 = ORIENTED_EDGE('',*,*,#7635,.F.);
#7635 = EDGE_CURVE('',#5746,#3377,#7636,.T.);
#7636 = SURFACE_CURVE('',#7637,(#7641,#7648),.PCURVE_S1.);
#7637 = LINE('',#7638,#7639);
#7638 = CARTESIAN_POINT('',(-21.,13.25,11.5));
#7639 = VECTOR('',#7640,1.);
#7640 = DIRECTION('',(0.,1.,0.));
#7641 = PCURVE('',#3393,#7642);
#7642 = DEFINITIONAL_REPRESENTATION('',(#7643),#7647);
#7643 = LINE('',#7644,#7645);
#7644 = CARTESIAN_POINT('',(0.,0.));
#7645 = VECTOR('',#7646,1.);
#7646 = DIRECTION('',(0.,1.));
#7647 = ( GEOMETRIC_REPRESENTATION_CONTEXT(2) 
PARAMETRIC_REPRESENTATION_CONTEXT() REPRESENTATION_CONTEXT('2D SPACE',''
  ) );
#7648 = PCURVE('',#3419,#7649);
#7649 = DEFINITIONAL_REPRESENTATION('',(#7650),#7654);
#7650 = LINE('',#7651,#7652);
#7651 = CARTESIAN_POINT('',(2.5,0.));
#7652 = VECTOR('',#7653,1.);
#7653 = DIRECTION('',(0.,-1.));
#7654 = ( GEOMETRIC_REPRESENTATION_CONTEXT(2) 
PARAMETRIC_REPRESENTATION_CONTEXT() REPRESENTATION_CONTEXT('2D SPACE',''
  ) );
#7655 = ORIENTED_EDGE('',*,*,#5745,.T.);
#7656 = ORIENTED_EDGE('',*,*,#7657,.T.);
#7657 = EDGE_CURVE('',#5748,#3379,#7658,.T.);
#7658 = SURFACE_CURVE('',#7659,(#7663,#7670),.PCURVE_S1.);
#7659 = LINE('',#7660,#7661);
#7660 = CARTESIAN_POINT('',(-13.,13.25,11.5));
#7661 = VECTOR('',#7662,1.);
#7662 = DIRECTION('',(0.,1.,0.));
#7663 = PCURVE('',#3393,#7664);
#7664 = DEFINITIONAL_REPRESENTATION('',(#7665),#7669);
#7665 = LINE('',#7666,#7667);
#7666 = CARTESIAN_POINT('',(8.,0.));
#7667 = VECTOR('',#7668,1.);
#7668 = DIRECTION('',(0.,1.));
#7669 = ( GEOMETRIC_REPRESENTATION_CONTEXT(2) 
PARAMETRIC_REPRESENTATION_CONTEXT() REPRESENTATION_CONTEXT('2D SPACE',''
  ) );
#7670 = PCURVE('',#3469,#7671);
#7671 = DEFINITIONAL_REPRESENTATION('',(#7672),#7676);
#7672 = LINE('',#7673,#7674);
#7673 = CARTESIAN_POINT('',(2.5,0.));
#7674 = VECTOR('',#7675,1.);
#7675 = DIRECTION('',(0.,-1.));
#7676 = ( GEOMETRIC_REPRESENTATION_CONTEXT(2) 
PARAMETRIC_REPRESENTATION_CONTEXT() REPRESENTATION_CONTEXT('2D SPACE',''
  ) );
#7677 = ORIENTED_EDGE('',*,*,#3376,.F.);
#7678 = ADVANCED_FACE('',(#7679),#3419,.T.);
#7679 = FACE_BOUND('',#7680,.T.);
#7680 = EDGE_LOOP('',(#7681,#7682,#7683,#7704));
#7681 = ORIENTED_EDGE('',*,*,#7635,.F.);
#7682 = ORIENTED_EDGE('',*,*,#5768,.T.);
#7683 = ORIENTED_EDGE('',*,*,#7684,.T.);
#7684 = EDGE_CURVE('',#5769,#3405,#7685,.T.);
#7685 = SURFACE_CURVE('',#7686,(#7690,#7697),.PCURVE_S1.);
#7686 = LINE('',#7687,#7688);
#7687 = CARTESIAN_POINT('',(-21.,13.25,9.));
#7688 = VECTOR('',#7689,1.);
#7689 = DIRECTION('',(0.,1.,0.));
#7690 = PCURVE('',#3419,#7691);
#7691 = DEFINITIONAL_REPRESENTATION('',(#7692),#7696);
#7692 = LINE('',#7693,#7694);
#7693 = CARTESIAN_POINT('',(0.,0.));
#7694 = VECTOR('',#7695,1.);
#7695 = DIRECTION('',(0.,-1.));
#7696 = ( GEOMETRIC_REPRESENTATION_CONTEXT(2) 
PARAMETRIC_REPRESENTATION_CONTEXT() REPRESENTATION_CONTEXT('2D SPACE',''
  ) );
#7697 = PCURVE('',#3445,#7698);
#7698 = DEFINITIONAL_REPRESENTATION('',(#7699),#7703);
#7699 = LINE('',#7700,#7701);
#7700 = CARTESIAN_POINT('',(0.,0.));
#7701 = VECTOR('',#7702,1.);
#7702 = DIRECTION('',(0.,1.));
#7703 = ( GEOMETRIC_REPRESENTATION_CONTEXT(2) 
PARAMETRIC_REPRESENTATION_CONTEXT() REPRESENTATION_CONTEXT('2D SPACE',''
  ) );
#7704 = ORIENTED_EDGE('',*,*,#3404,.F.);
#7705 = ADVANCED_FACE('',(#7706),#3469,.F.);
#7706 = FACE_BOUND('',#7707,.F.);
#7707 = EDGE_LOOP('',(#7708,#7709,#7710,#7731));
#7708 = ORIENTED_EDGE('',*,*,#7657,.F.);
#7709 = ORIENTED_EDGE('',*,*,#5810,.T.);
#7710 = ORIENTED_EDGE('',*,*,#7711,.T.);
#7711 = EDGE_CURVE('',#5790,#3431,#7712,.T.);
#7712 = SURFACE_CURVE('',#7713,(#7717,#7724),.PCURVE_S1.);
#7713 = LINE('',#7714,#7715);
#7714 = CARTESIAN_POINT('',(-13.,13.25,9.));
#7715 = VECTOR('',#7716,1.);
#7716 = DIRECTION('',(0.,1.,0.));
#7717 = PCURVE('',#3469,#7718);
#7718 = DEFINITIONAL_REPRESENTATION('',(#7719),#7723);
#7719 = LINE('',#7720,#7721);
#7720 = CARTESIAN_POINT('',(0.,0.));
#7721 = VECTOR('',#7722,1.);
#7722 = DIRECTION('',(0.,-1.));
#7723 = ( GEOMETRIC_REPRESENTATION_CONTEXT(2) 
PARAMETRIC_REPRESENTATION_CONTEXT() REPRESENTATION_CONTEXT('2D SPACE',''
  ) );
#7724 = PCURVE('',#3445,#7725);
#7725 = DEFINITIONAL_REPRESENTATION('',(#7726),#7730);
#7726 = LINE('',#7727,#7728);
#7727 = CARTESIAN_POINT('',(8.,0.));
#7728 = VECTOR('',#7729,1.);
#7729 = DIRECTION('',(0.,1.));
#7730 = ( GEOMETRIC_REPRESENTATION_CONTEXT(2) 
PARAMETRIC_REPRESENTATION_CONTEXT() REPRESENTATION_CONTEXT('2D SPACE',''
  ) );
#7731 = ORIENTED_EDGE('',*,*,#3456,.F.);
#7732 = ADVANCED_FACE('',(#7733),#3445,.T.);
#7733 = FACE_BOUND('',#7734,.T.);
#7734 = EDGE_LOOP('',(#7735,#7736,#7737,#7738));
#7735 = ORIENTED_EDGE('',*,*,#7684,.F.);
#7736 = ORIENTED_EDGE('',*,*,#5789,.T.);
#7737 = ORIENTED_EDGE('',*,*,#7711,.T.);
#7738 = ORIENTED_EDGE('',*,*,#3430,.F.);
#7739 = ADVANCED_FACE('',(#7740),#3499,.F.);
#7740 = FACE_BOUND('',#7741,.F.);
#7741 = EDGE_LOOP('',(#7742,#7763,#7764,#7785));
#7742 = ORIENTED_EDGE('',*,*,#7743,.F.);
#7743 = EDGE_CURVE('',#5832,#3483,#7744,.T.);
#7744 = SURFACE_CURVE('',#7745,(#7749,#7756),.PCURVE_S1.);
#7745 = LINE('',#7746,#7747);
#7746 = CARTESIAN_POINT('',(-21.,13.25,16.5));
#7747 = VECTOR('',#7748,1.);
#7748 = DIRECTION('',(0.,1.,0.));
#7749 = PCURVE('',#3499,#7750);
#7750 = DEFINITIONAL_REPRESENTATION('',(#7751),#7755);
#7751 = LINE('',#7752,#7753);
#7752 = CARTESIAN_POINT('',(0.,0.));
#7753 = VECTOR('',#7754,1.);
#7754 = DIRECTION('',(0.,1.));
#7755 = ( GEOMETRIC_REPRESENTATION_CONTEXT(2) 
PARAMETRIC_REPRESENTATION_CONTEXT() REPRESENTATION_CONTEXT('2D SPACE',''
  ) );
#7756 = PCURVE('',#3525,#7757);
#7757 = DEFINITIONAL_REPRESENTATION('',(#7758),#7762);
#7758 = LINE('',#7759,#7760);
#7759 = CARTESIAN_POINT('',(2.5,0.));
#7760 = VECTOR('',#7761,1.);
#7761 = DIRECTION('',(0.,-1.));
#7762 = ( GEOMETRIC_REPRESENTATION_CONTEXT(2) 
PARAMETRIC_REPRESENTATION_CONTEXT() REPRESENTATION_CONTEXT('2D SPACE',''
  ) );
#7763 = ORIENTED_EDGE('',*,*,#5831,.T.);
#7764 = ORIENTED_EDGE('',*,*,#7765,.T.);
#7765 = EDGE_CURVE('',#5834,#3485,#7766,.T.);
#7766 = SURFACE_CURVE('',#7767,(#7771,#7778),.PCURVE_S1.);
#7767 = LINE('',#7768,#7769);
#7768 = CARTESIAN_POINT('',(-13.,13.25,16.5));
#7769 = VECTOR('',#7770,1.);
#7770 = DIRECTION('',(0.,1.,0.));
#7771 = PCURVE('',#3499,#7772);
#7772 = DEFINITIONAL_REPRESENTATION('',(#7773),#7777);
#7773 = LINE('',#7774,#7775);
#7774 = CARTESIAN_POINT('',(8.,0.));
#7775 = VECTOR('',#7776,1.);
#7776 = DIRECTION('',(0.,1.));
#7777 = ( GEOMETRIC_REPRESENTATION_CONTEXT(2) 
PARAMETRIC_REPRESENTATION_CONTEXT() REPRESENTATION_CONTEXT('2D SPACE',''
  ) );
#7778 = PCURVE('',#3575,#7779);
#7779 = DEFINITIONAL_REPRESENTATION('',(#7780),#7784);
#7780 = LINE('',#7781,#7782);
#7781 = CARTESIAN_POINT('',(2.5,0.));
#7782 = VECTOR('',#7783,1.);
#7783 = DIRECTION('',(0.,-1.));
#7784 = ( GEOMETRIC_REPRESENTATION_CONTEXT(2) 
PARAMETRIC_REPRESENTATION_CONTEXT() REPRESENTATION_CONTEXT('2D SPACE',''
  ) );
#7785 = ORIENTED_EDGE('',*,*,#3482,.F.);
#7786 = ADVANCED_FACE('',(#7787),#3525,.T.);
#7787 = FACE_BOUND('',#7788,.T.);
#7788 = EDGE_LOOP('',(#7789,#7790,#7791,#7812));
#7789 = ORIENTED_EDGE('',*,*,#7743,.F.);
#7790 = ORIENTED_EDGE('',*,*,#5854,.T.);
#7791 = ORIENTED_EDGE('',*,*,#7792,.T.);
#7792 = EDGE_CURVE('',#5855,#3511,#7793,.T.);
#7793 = SURFACE_CURVE('',#7794,(#7798,#7805),.PCURVE_S1.);
#7794 = LINE('',#7795,#7796);
#7795 = CARTESIAN_POINT('',(-21.,13.25,14.));
#7796 = VECTOR('',#7797,1.);
#7797 = DIRECTION('',(0.,1.,0.));
#7798 = PCURVE('',#3525,#7799);
#7799 = DEFINITIONAL_REPRESENTATION('',(#7800),#7804);
#7800 = LINE('',#7801,#7802);
#7801 = CARTESIAN_POINT('',(0.,0.));
#7802 = VECTOR('',#7803,1.);
#7803 = DIRECTION('',(0.,-1.));
#7804 = ( GEOMETRIC_REPRESENTATION_CONTEXT(2) 
PARAMETRIC_REPRESENTATION_CONTEXT() REPRESENTATION_CONTEXT('2D SPACE',''
  ) );
#7805 = PCURVE('',#3551,#7806);
#7806 = DEFINITIONAL_REPRESENTATION('',(#7807),#7811);
#7807 = LINE('',#7808,#7809);
#7808 = CARTESIAN_POINT('',(0.,0.));
#7809 = VECTOR('',#7810,1.);
#7810 = DIRECTION('',(0.,1.));
#7811 = ( GEOMETRIC_REPRESENTATION_CONTEXT(2) 
PARAMETRIC_REPRESENTATION_CONTEXT() REPRESENTATION_CONTEXT('2D SPACE',''
  ) );
#7812 = ORIENTED_EDGE('',*,*,#3510,.F.);
#7813 = ADVANCED_FACE('',(#7814),#3575,.F.);
#7814 = FACE_BOUND('',#7815,.F.);
#7815 = EDGE_LOOP('',(#7816,#7817,#7818,#7839));
#7816 = ORIENTED_EDGE('',*,*,#7765,.F.);
#7817 = ORIENTED_EDGE('',*,*,#5896,.T.);
#7818 = ORIENTED_EDGE('',*,*,#7819,.T.);
#7819 = EDGE_CURVE('',#5876,#3537,#7820,.T.);
#7820 = SURFACE_CURVE('',#7821,(#7825,#7832),.PCURVE_S1.);
#7821 = LINE('',#7822,#7823);
#7822 = CARTESIAN_POINT('',(-13.,13.25,14.));
#7823 = VECTOR('',#7824,1.);
#7824 = DIRECTION('',(0.,1.,0.));
#7825 = PCURVE('',#3575,#7826);
#7826 = DEFINITIONAL_REPRESENTATION('',(#7827),#7831);
#7827 = LINE('',#7828,#7829);
#7828 = CARTESIAN_POINT('',(0.,0.));
#7829 = VECTOR('',#7830,1.);
#7830 = DIRECTION('',(0.,-1.));
#7831 = ( GEOMETRIC_REPRESENTATION_CONTEXT(2) 
PARAMETRIC_REPRESENTATION_CONTEXT() REPRESENTATION_CONTEXT('2D SPACE',''
  ) );
#7832 = PCURVE('',#3551,#7833);
#7833 = DEFINITIONAL_REPRESENTATION('',(#7834),#7838);
#7834 = LINE('',#7835,#7836);
#7835 = CARTESIAN_POINT('',(8.,0.));
#7836 = VECTOR('',#7837,1.);
#7837 = DIRECTION('',(0.,1.));
#7838 = ( GEOMETRIC_REPRESENTATION_CONTEXT(2) 
PARAMETRIC_REPRESENTATION_CONTEXT() REPRESENTATION_CONTEXT('2D SPACE',''
  ) );
#7839 = ORIENTED_EDGE('',*,*,#3562,.F.);
#7840 = ADVANCED_FACE('',(#7841),#3551,.T.);
#7841 = FACE_BOUND('',#7842,.T.);
#7842 = EDGE_LOOP('',(#7843,#7844,#7845,#7846));
#7843 = ORIENTED_EDGE('',*,*,#7792,.F.);
#7844 = ORIENTED_EDGE('',*,*,#5875,.T.);
#7845 = ORIENTED_EDGE('',*,*,#7819,.T.);
#7846 = ORIENTED_EDGE('',*,*,#3536,.F.);
#7847 = ADVANCED_FACE('',(#7848),#3605,.F.);
#7848 = FACE_BOUND('',#7849,.F.);
#7849 = EDGE_LOOP('',(#7850,#7871,#7872,#7893));
#7850 = ORIENTED_EDGE('',*,*,#7851,.F.);
#7851 = EDGE_CURVE('',#5918,#3589,#7852,.T.);
#7852 = SURFACE_CURVE('',#7853,(#7857,#7864),.PCURVE_S1.);
#7853 = LINE('',#7854,#7855);
#7854 = CARTESIAN_POINT('',(-21.,13.25,21.5));
#7855 = VECTOR('',#7856,1.);
#7856 = DIRECTION('',(0.,1.,0.));
#7857 = PCURVE('',#3605,#7858);
#7858 = DEFINITIONAL_REPRESENTATION('',(#7859),#7863);
#7859 = LINE('',#7860,#7861);
#7860 = CARTESIAN_POINT('',(0.,0.));
#7861 = VECTOR('',#7862,1.);
#7862 = DIRECTION('',(0.,1.));
#7863 = ( GEOMETRIC_REPRESENTATION_CONTEXT(2) 
PARAMETRIC_REPRESENTATION_CONTEXT() REPRESENTATION_CONTEXT('2D SPACE',''
  ) );
#7864 = PCURVE('',#3631,#7865);
#7865 = DEFINITIONAL_REPRESENTATION('',(#7866),#7870);
#7866 = LINE('',#7867,#7868);
#7867 = CARTESIAN_POINT('',(2.5,0.));
#7868 = VECTOR('',#7869,1.);
#7869 = DIRECTION('',(0.,-1.));
#7870 = ( GEOMETRIC_REPRESENTATION_CONTEXT(2) 
PARAMETRIC_REPRESENTATION_CONTEXT() REPRESENTATION_CONTEXT('2D SPACE',''
  ) );
#7871 = ORIENTED_EDGE('',*,*,#5917,.T.);
#7872 = ORIENTED_EDGE('',*,*,#7873,.T.);
#7873 = EDGE_CURVE('',#5920,#3591,#7874,.T.);
#7874 = SURFACE_CURVE('',#7875,(#7879,#7886),.PCURVE_S1.);
#7875 = LINE('',#7876,#7877);
#7876 = CARTESIAN_POINT('',(-13.,13.25,21.5));
#7877 = VECTOR('',#7878,1.);
#7878 = DIRECTION('',(0.,1.,0.));
#7879 = PCURVE('',#3605,#7880);
#7880 = DEFINITIONAL_REPRESENTATION('',(#7881),#7885);
#7881 = LINE('',#7882,#7883);
#7882 = CARTESIAN_POINT('',(8.,0.));
#7883 = VECTOR('',#7884,1.);
#7884 = DIRECTION('',(0.,1.));
#7885 = ( GEOMETRIC_REPRESENTATION_CONTEXT(2) 
PARAMETRIC_REPRESENTATION_CONTEXT() REPRESENTATION_CONTEXT('2D SPACE',''
  ) );
#7886 = PCURVE('',#3681,#7887);
#7887 = DEFINITIONAL_REPRESENTATION('',(#7888),#7892);
#7888 = LINE('',#7889,#7890);
#7889 = CARTESIAN_POINT('',(2.5,0.));
#7890 = VECTOR('',#7891,1.);
#7891 = DIRECTION('',(0.,-1.));
#7892 = ( GEOMETRIC_REPRESENTATION_CONTEXT(2) 
PARAMETRIC_REPRESENTATION_CONTEXT() REPRESENTATION_CONTEXT('2D SPACE',''
  ) );
#7893 = ORIENTED_EDGE('',*,*,#3588,.F.);
#7894 = ADVANCED_FACE('',(#7895),#3631,.T.);
#7895 = FACE_BOUND('',#7896,.T.);
#7896 = EDGE_LOOP('',(#7897,#7898,#7899,#7920));
#7897 = ORIENTED_EDGE('',*,*,#7851,.F.);
#7898 = ORIENTED_EDGE('',*,*,#5940,.T.);
#7899 = ORIENTED_EDGE('',*,*,#7900,.T.);
#7900 = EDGE_CURVE('',#5941,#3617,#7901,.T.);
#7901 = SURFACE_CURVE('',#7902,(#7906,#7913),.PCURVE_S1.);
#7902 = LINE('',#7903,#7904);
#7903 = CARTESIAN_POINT('',(-21.,13.25,19.));
#7904 = VECTOR('',#7905,1.);
#7905 = DIRECTION('',(0.,1.,0.));
#7906 = PCURVE('',#3631,#7907);
#7907 = DEFINITIONAL_REPRESENTATION('',(#7908),#7912);
#7908 = LINE('',#7909,#7910);
#7909 = CARTESIAN_POINT('',(0.,0.));
#7910 = VECTOR('',#7911,1.);
#7911 = DIRECTION('',(0.,-1.));
#7912 = ( GEOMETRIC_REPRESENTATION_CONTEXT(2) 
PARAMETRIC_REPRESENTATION_CONTEXT() REPRESENTATION_CONTEXT('2D SPACE',''
  ) );
#7913 = PCURVE('',#3657,#7914);
#7914 = DEFINITIONAL_REPRESENTATION('',(#7915),#7919);
#7915 = LINE('',#7916,#7917);
#7916 = CARTESIAN_POINT('',(0.,0.));
#7917 = VECTOR('',#7918,1.);
#7918 = DIRECTION('',(0.,1.));
#7919 = ( GEOMETRIC_REPRESENTATION_CONTEXT(2) 
PARAMETRIC_REPRESENTATION_CONTEXT() REPRESENTATION_CONTEXT('2D SPACE',''
  ) );
#7920 = ORIENTED_EDGE('',*,*,#3616,.F.);
#7921 = ADVANCED_FACE('',(#7922),#3681,.F.);
#7922 = FACE_BOUND('',#7923,.F.);
#7923 = EDGE_LOOP('',(#7924,#7925,#7926,#7947));
#7924 = ORIENTED_EDGE('',*,*,#7873,.F.);
#7925 = ORIENTED_EDGE('',*,*,#5982,.T.);
#7926 = ORIENTED_EDGE('',*,*,#7927,.T.);
#7927 = EDGE_CURVE('',#5962,#3643,#7928,.T.);
#7928 = SURFACE_CURVE('',#7929,(#7933,#7940),.PCURVE_S1.);
#7929 = LINE('',#7930,#7931);
#7930 = CARTESIAN_POINT('',(-13.,13.25,19.));
#7931 = VECTOR('',#7932,1.);
#7932 = DIRECTION('',(0.,1.,0.));
#7933 = PCURVE('',#3681,#7934);
#7934 = DEFINITIONAL_REPRESENTATION('',(#7935),#7939);
#7935 = LINE('',#7936,#7937);
#7936 = CARTESIAN_POINT('',(0.,0.));
#7937 = VECTOR('',#7938,1.);
#7938 = DIRECTION('',(0.,-1.));
#7939 = ( GEOMETRIC_REPRESENTATION_CONTEXT(2) 
PARAMETRIC_REPRESENTATION_CONTEXT() REPRESENTATION_CONTEXT('2D SPACE',''
  ) );
#7940 = PCURVE('',#3657,#7941);
#7941 = DEFINITIONAL_REPRESENTATION('',(#7942),#7946);
#7942 = LINE('',#7943,#7944);
#7943 = CARTESIAN_POINT('',(8.,0.));
#7944 = VECTOR('',#7945,1.);
#7945 = DIRECTION('',(0.,1.));
#7946 = ( GEOMETRIC_REPRESENTATION_CONTEXT(2) 
PARAMETRIC_REPRESENTATION_CONTEXT() REPRESENTATION_CONTEXT('2D SPACE',''
  ) );
#7947 = ORIENTED_EDGE('',*,*,#3668,.F.);
#7948 = ADVANCED_FACE('',(#7949),#3657,.T.);
#7949 = FACE_BOUND('',#7950,.T.);
#7950 = EDGE_LOOP('',(#7951,#7952,#7953,#7954));
#7951 = ORIENTED_EDGE('',*,*,#7900,.F.);
#7952 = ORIENTED_EDGE('',*,*,#5961,.T.);
#7953 = ORIENTED_EDGE('',*,*,#7927,.T.);
#7954 = ORIENTED_EDGE('',*,*,#3642,.F.);
#7955 = ADVANCED_FACE('',(#7956),#3711,.F.);
#7956 = FACE_BOUND('',#7957,.F.);
#7957 = EDGE_LOOP('',(#7958,#7979,#7980,#8001));
#7958 = ORIENTED_EDGE('',*,*,#7959,.F.);
#7959 = EDGE_CURVE('',#6591,#3695,#7960,.T.);
#7960 = SURFACE_CURVE('',#7961,(#7965,#7972),.PCURVE_S1.);
#7961 = LINE('',#7962,#7963);
#7962 = CARTESIAN_POINT('',(3.,13.25,10.5));
#7963 = VECTOR('',#7964,1.);
#7964 = DIRECTION('',(0.,1.,0.));
#7965 = PCURVE('',#3711,#7966);
#7966 = DEFINITIONAL_REPRESENTATION('',(#7967),#7971);
#7967 = LINE('',#7968,#7969);
#7968 = CARTESIAN_POINT('',(0.,0.));
#7969 = VECTOR('',#7970,1.);
#7970 = DIRECTION('',(0.,1.));
#7971 = ( GEOMETRIC_REPRESENTATION_CONTEXT(2) 
PARAMETRIC_REPRESENTATION_CONTEXT() REPRESENTATION_CONTEXT('2D SPACE',''
  ) );
#7972 = PCURVE('',#3737,#7973);
#7973 = DEFINITIONAL_REPRESENTATION('',(#7974),#7978);
#7974 = LINE('',#7975,#7976);
#7975 = CARTESIAN_POINT('',(2.5,0.));
#7976 = VECTOR('',#7977,1.);
#7977 = DIRECTION('',(0.,-1.));
#7978 = ( GEOMETRIC_REPRESENTATION_CONTEXT(2) 
PARAMETRIC_REPRESENTATION_CONTEXT() REPRESENTATION_CONTEXT('2D SPACE',''
  ) );
#7979 = ORIENTED_EDGE('',*,*,#6590,.T.);
#7980 = ORIENTED_EDGE('',*,*,#7981,.T.);
#7981 = EDGE_CURVE('',#6593,#3697,#7982,.T.);
#7982 = SURFACE_CURVE('',#7983,(#7987,#7994),.PCURVE_S1.);
#7983 = LINE('',#7984,#7985);
#7984 = CARTESIAN_POINT('',(19.,13.25,10.5));
#7985 = VECTOR('',#7986,1.);
#7986 = DIRECTION('',(0.,1.,0.));
#7987 = PCURVE('',#3711,#7988);
#7988 = DEFINITIONAL_REPRESENTATION('',(#7989),#7993);
#7989 = LINE('',#7990,#7991);
#7990 = CARTESIAN_POINT('',(16.,0.));
#7991 = VECTOR('',#7992,1.);
#7992 = DIRECTION('',(0.,1.));
#7993 = ( GEOMETRIC_REPRESENTATION_CONTEXT(2) 
PARAMETRIC_REPRESENTATION_CONTEXT() REPRESENTATION_CONTEXT('2D SPACE',''
  ) );
#7994 = PCURVE('',#3787,#7995);
#7995 = DEFINITIONAL_REPRESENTATION('',(#7996),#8000);
#7996 = LINE('',#7997,#7998);
#7997 = CARTESIAN_POINT('',(2.5,0.));
#7998 = VECTOR('',#7999,1.);
#7999 = DIRECTION('',(0.,-1.));
#8000 = ( GEOMETRIC_REPRESENTATION_CONTEXT(2) 
PARAMETRIC_REPRESENTATION_CONTEXT() REPRESENTATION_CONTEXT('2D SPACE',''
  ) );
#8001 = ORIENTED_EDGE('',*,*,#3694,.F.);
#8002 = ADVANCED_FACE('',(#8003),#3737,.T.);
#8003 = FACE_BOUND('',#8004,.T.);
#8004 = EDGE_LOOP('',(#8005,#8006,#8007,#8028));
#8005 = ORIENTED_EDGE('',*,*,#7959,.F.);
#8006 = ORIENTED_EDGE('',*,*,#6613,.T.);
#8007 = ORIENTED_EDGE('',*,*,#8008,.T.);
#8008 = EDGE_CURVE('',#6614,#3723,#8009,.T.);
#8009 = SURFACE_CURVE('',#8010,(#8014,#8021),.PCURVE_S1.);
#8010 = LINE('',#8011,#8012);
#8011 = CARTESIAN_POINT('',(3.,13.25,8.));
#8012 = VECTOR('',#8013,1.);
#8013 = DIRECTION('',(0.,1.,0.));
#8014 = PCURVE('',#3737,#8015);
#8015 = DEFINITIONAL_REPRESENTATION('',(#8016),#8020);
#8016 = LINE('',#8017,#8018);
#8017 = CARTESIAN_POINT('',(0.,0.));
#8018 = VECTOR('',#8019,1.);
#8019 = DIRECTION('',(0.,-1.));
#8020 = ( GEOMETRIC_REPRESENTATION_CONTEXT(2) 
PARAMETRIC_REPRESENTATION_CONTEXT() REPRESENTATION_CONTEXT('2D SPACE',''
  ) );
#8021 = PCURVE('',#3763,#8022);
#8022 = DEFINITIONAL_REPRESENTATION('',(#8023),#8027);
#8023 = LINE('',#8024,#8025);
#8024 = CARTESIAN_POINT('',(0.,0.));
#8025 = VECTOR('',#8026,1.);
#8026 = DIRECTION('',(0.,1.));
#8027 = ( GEOMETRIC_REPRESENTATION_CONTEXT(2) 
PARAMETRIC_REPRESENTATION_CONTEXT() REPRESENTATION_CONTEXT('2D SPACE',''
  ) );
#8028 = ORIENTED_EDGE('',*,*,#3722,.F.);
#8029 = ADVANCED_FACE('',(#8030),#3787,.F.);
#8030 = FACE_BOUND('',#8031,.F.);
#8031 = EDGE_LOOP('',(#8032,#8033,#8034,#8055));
#8032 = ORIENTED_EDGE('',*,*,#7981,.F.);
#8033 = ORIENTED_EDGE('',*,*,#6655,.T.);
#8034 = ORIENTED_EDGE('',*,*,#8035,.T.);
#8035 = EDGE_CURVE('',#6635,#3749,#8036,.T.);
#8036 = SURFACE_CURVE('',#8037,(#8041,#8048),.PCURVE_S1.);
#8037 = LINE('',#8038,#8039);
#8038 = CARTESIAN_POINT('',(19.,13.25,8.));
#8039 = VECTOR('',#8040,1.);
#8040 = DIRECTION('',(0.,1.,0.));
#8041 = PCURVE('',#3787,#8042);
#8042 = DEFINITIONAL_REPRESENTATION('',(#8043),#8047);
#8043 = LINE('',#8044,#8045);
#8044 = CARTESIAN_POINT('',(0.,0.));
#8045 = VECTOR('',#8046,1.);
#8046 = DIRECTION('',(0.,-1.));
#8047 = ( GEOMETRIC_REPRESENTATION_CONTEXT(2) 
PARAMETRIC_REPRESENTATION_CONTEXT() REPRESENTATION_CONTEXT('2D SPACE',''
  ) );
#8048 = PCURVE('',#3763,#8049);
#8049 = DEFINITIONAL_REPRESENTATION('',(#8050),#8054);
#8050 = LINE('',#8051,#8052);
#8051 = CARTESIAN_POINT('',(16.,0.));
#8052 = VECTOR('',#8053,1.);
#8053 = DIRECTION('',(0.,1.));
#8054 = ( GEOMETRIC_REPRESENTATION_CONTEXT(2) 
PARAMETRIC_REPRESENTATION_CONTEXT() REPRESENTATION_CONTEXT('2D SPACE',''
  ) );
#8055 = ORIENTED_EDGE('',*,*,#3774,.F.);
#8056 = ADVANCED_FACE('',(#8057),#3763,.T.);
#8057 = FACE_BOUND('',#8058,.T.);
#8058 = EDGE_LOOP('',(#8059,#8060,#8061,#8062));
#8059 = ORIENTED_EDGE('',*,*,#8008,.F.);
#8060 = ORIENTED_EDGE('',*,*,#6634,.T.);
#8061 = ORIENTED_EDGE('',*,*,#8035,.T.);
#8062 = ORIENTED_EDGE('',*,*,#3748,.F.);
#8063 = ADVANCED_FACE('',(#8064),#3817,.F.);
#8064 = FACE_BOUND('',#8065,.F.);
#8065 = EDGE_LOOP('',(#8066,#8087,#8088,#8109));
#8066 = ORIENTED_EDGE('',*,*,#8067,.F.);
#8067 = EDGE_CURVE('',#6677,#3801,#8068,.T.);
#8068 = SURFACE_CURVE('',#8069,(#8073,#8080),.PCURVE_S1.);
#8069 = LINE('',#8070,#8071);
#8070 = CARTESIAN_POINT('',(3.,13.25,18.5));
#8071 = VECTOR('',#8072,1.);
#8072 = DIRECTION('',(0.,1.,0.));
#8073 = PCURVE('',#3817,#8074);
#8074 = DEFINITIONAL_REPRESENTATION('',(#8075),#8079);
#8075 = LINE('',#8076,#8077);
#8076 = CARTESIAN_POINT('',(0.,0.));
#8077 = VECTOR('',#8078,1.);
#8078 = DIRECTION('',(0.,1.));
#8079 = ( GEOMETRIC_REPRESENTATION_CONTEXT(2) 
PARAMETRIC_REPRESENTATION_CONTEXT() REPRESENTATION_CONTEXT('2D SPACE',''
  ) );
#8080 = PCURVE('',#3843,#8081);
#8081 = DEFINITIONAL_REPRESENTATION('',(#8082),#8086);
#8082 = LINE('',#8083,#8084);
#8083 = CARTESIAN_POINT('',(2.5,0.));
#8084 = VECTOR('',#8085,1.);
#8085 = DIRECTION('',(0.,-1.));
#8086 = ( GEOMETRIC_REPRESENTATION_CONTEXT(2) 
PARAMETRIC_REPRESENTATION_CONTEXT() REPRESENTATION_CONTEXT('2D SPACE',''
  ) );
#8087 = ORIENTED_EDGE('',*,*,#6676,.T.);
#8088 = ORIENTED_EDGE('',*,*,#8089,.T.);
#8089 = EDGE_CURVE('',#6679,#3803,#8090,.T.);
#8090 = SURFACE_CURVE('',#8091,(#8095,#8102),.PCURVE_S1.);
#8091 = LINE('',#8092,#8093);
#8092 = CARTESIAN_POINT('',(19.,13.25,18.5));
#8093 = VECTOR('',#8094,1.);
#8094 = DIRECTION('',(0.,1.,0.));
#8095 = PCURVE('',#3817,#8096);
#8096 = DEFINITIONAL_REPRESENTATION('',(#8097),#8101);
#8097 = LINE('',#8098,#8099);
#8098 = CARTESIAN_POINT('',(16.,0.));
#8099 = VECTOR('',#8100,1.);
#8100 = DIRECTION('',(0.,1.));
#8101 = ( GEOMETRIC_REPRESENTATION_CONTEXT(2) 
PARAMETRIC_REPRESENTATION_CONTEXT() REPRESENTATION_CONTEXT('2D SPACE',''
  ) );
#8102 = PCURVE('',#3893,#8103);
#8103 = DEFINITIONAL_REPRESENTATION('',(#8104),#8108);
#8104 = LINE('',#8105,#8106);
#8105 = CARTESIAN_POINT('',(2.5,0.));
#8106 = VECTOR('',#8107,1.);
#8107 = DIRECTION('',(0.,-1.));
#8108 = ( GEOMETRIC_REPRESENTATION_CONTEXT(2) 
PARAMETRIC_REPRESENTATION_CONTEXT() REPRESENTATION_CONTEXT('2D SPACE',''
  ) );
#8109 = ORIENTED_EDGE('',*,*,#3800,.F.);
#8110 = ADVANCED_FACE('',(#8111),#3843,.T.);
#8111 = FACE_BOUND('',#8112,.T.);
#8112 = EDGE_LOOP('',(#8113,#8114,#8115,#8136));
#8113 = ORIENTED_EDGE('',*,*,#8067,.F.);
#8114 = ORIENTED_EDGE('',*,*,#6699,.T.);
#8115 = ORIENTED_EDGE('',*,*,#8116,.T.);
#8116 = EDGE_CURVE('',#6700,#3829,#8117,.T.);
#8117 = SURFACE_CURVE('',#8118,(#8122,#8129),.PCURVE_S1.);
#8118 = LINE('',#8119,#8120);
#8119 = CARTESIAN_POINT('',(3.,13.25,16.));
#8120 = VECTOR('',#8121,1.);
#8121 = DIRECTION('',(0.,1.,0.));
#8122 = PCURVE('',#3843,#8123);
#8123 = DEFINITIONAL_REPRESENTATION('',(#8124),#8128);
#8124 = LINE('',#8125,#8126);
#8125 = CARTESIAN_POINT('',(0.,0.));
#8126 = VECTOR('',#8127,1.);
#8127 = DIRECTION('',(0.,-1.));
#8128 = ( GEOMETRIC_REPRESENTATION_CONTEXT(2) 
PARAMETRIC_REPRESENTATION_CONTEXT() REPRESENTATION_CONTEXT('2D SPACE',''
  ) );
#8129 = PCURVE('',#3869,#8130);
#8130 = DEFINITIONAL_REPRESENTATION('',(#8131),#8135);
#8131 = LINE('',#8132,#8133);
#8132 = CARTESIAN_POINT('',(0.,0.));
#8133 = VECTOR('',#8134,1.);
#8134 = DIRECTION('',(0.,1.));
#8135 = ( GEOMETRIC_REPRESENTATION_CONTEXT(2) 
PARAMETRIC_REPRESENTATION_CONTEXT() REPRESENTATION_CONTEXT('2D SPACE',''
  ) );
#8136 = ORIENTED_EDGE('',*,*,#3828,.F.);
#8137 = ADVANCED_FACE('',(#8138),#3893,.F.);
#8138 = FACE_BOUND('',#8139,.F.);
#8139 = EDGE_LOOP('',(#8140,#8141,#8142,#8163));
#8140 = ORIENTED_EDGE('',*,*,#8089,.F.);
#8141 = ORIENTED_EDGE('',*,*,#6741,.T.);
#8142 = ORIENTED_EDGE('',*,*,#8143,.T.);
#8143 = EDGE_CURVE('',#6721,#3855,#8144,.T.);
#8144 = SURFACE_CURVE('',#8145,(#8149,#8156),.PCURVE_S1.);
#8145 = LINE('',#8146,#8147);
#8146 = CARTESIAN_POINT('',(19.,13.25,16.));
#8147 = VECTOR('',#8148,1.);
#8148 = DIRECTION('',(0.,1.,0.));
#8149 = PCURVE('',#3893,#8150);
#8150 = DEFINITIONAL_REPRESENTATION('',(#8151),#8155);
#8151 = LINE('',#8152,#8153);
#8152 = CARTESIAN_POINT('',(0.,0.));
#8153 = VECTOR('',#8154,1.);
#8154 = DIRECTION('',(0.,-1.));
#8155 = ( GEOMETRIC_REPRESENTATION_CONTEXT(2) 
PARAMETRIC_REPRESENTATION_CONTEXT() REPRESENTATION_CONTEXT('2D SPACE',''
  ) );
#8156 = PCURVE('',#3869,#8157);
#8157 = DEFINITIONAL_REPRESENTATION('',(#8158),#8162);
#8158 = LINE('',#8159,#8160);
#8159 = CARTESIAN_POINT('',(16.,0.));
#8160 = VECTOR('',#8161,1.);
#8161 = DIRECTION('',(0.,1.));
#8162 = ( GEOMETRIC_REPRESENTATION_CONTEXT(2) 
PARAMETRIC_REPRESENTATION_CONTEXT() REPRESENTATION_CONTEXT('2D SPACE',''
  ) );
#8163 = ORIENTED_EDGE('',*,*,#3880,.F.);
#8164 = ADVANCED_FACE('',(#8165),#3869,.T.);
#8165 = FACE_BOUND('',#8166,.T.);
#8166 = EDGE_LOOP('',(#8167,#8168,#8169,#8170));
#8167 = ORIENTED_EDGE('',*,*,#8116,.F.);
#8168 = ORIENTED_EDGE('',*,*,#6720,.T.);
#8169 = ORIENTED_EDGE('',*,*,#8143,.T.);
#8170 = ORIENTED_EDGE('',*,*,#3854,.F.);
#8171 = ADVANCED_FACE('',(#8172),#3923,.F.);
#8172 = FACE_BOUND('',#8173,.F.);
#8173 = EDGE_LOOP('',(#8174,#8195,#8196,#8217));
#8174 = ORIENTED_EDGE('',*,*,#8175,.F.);
#8175 = EDGE_CURVE('',#6763,#3907,#8176,.T.);
#8176 = SURFACE_CURVE('',#8177,(#8181,#8188),.PCURVE_S1.);
#8177 = LINE('',#8178,#8179);
#8178 = CARTESIAN_POINT('',(3.,13.25,24.5));
#8179 = VECTOR('',#8180,1.);
#8180 = DIRECTION('',(0.,1.,0.));
#8181 = PCURVE('',#3923,#8182);
#8182 = DEFINITIONAL_REPRESENTATION('',(#8183),#8187);
#8183 = LINE('',#8184,#8185);
#8184 = CARTESIAN_POINT('',(0.,0.));
#8185 = VECTOR('',#8186,1.);
#8186 = DIRECTION('',(0.,1.));
#8187 = ( GEOMETRIC_REPRESENTATION_CONTEXT(2) 
PARAMETRIC_REPRESENTATION_CONTEXT() REPRESENTATION_CONTEXT('2D SPACE',''
  ) );
#8188 = PCURVE('',#3949,#8189);
#8189 = DEFINITIONAL_REPRESENTATION('',(#8190),#8194);
#8190 = LINE('',#8191,#8192);
#8191 = CARTESIAN_POINT('',(2.5,0.));
#8192 = VECTOR('',#8193,1.);
#8193 = DIRECTION('',(0.,-1.));
#8194 = ( GEOMETRIC_REPRESENTATION_CONTEXT(2) 
PARAMETRIC_REPRESENTATION_CONTEXT() REPRESENTATION_CONTEXT('2D SPACE',''
  ) );
#8195 = ORIENTED_EDGE('',*,*,#6762,.T.);
#8196 = ORIENTED_EDGE('',*,*,#8197,.T.);
#8197 = EDGE_CURVE('',#6765,#3909,#8198,.T.);
#8198 = SURFACE_CURVE('',#8199,(#8203,#8210),.PCURVE_S1.);
#8199 = LINE('',#8200,#8201);
#8200 = CARTESIAN_POINT('',(19.,13.25,24.5));
#8201 = VECTOR('',#8202,1.);
#8202 = DIRECTION('',(0.,1.,0.));
#8203 = PCURVE('',#3923,#8204);
#8204 = DEFINITIONAL_REPRESENTATION('',(#8205),#8209);
#8205 = LINE('',#8206,#8207);
#8206 = CARTESIAN_POINT('',(16.,0.));
#8207 = VECTOR('',#8208,1.);
#8208 = DIRECTION('',(0.,1.));
#8209 = ( GEOMETRIC_REPRESENTATION_CONTEXT(2) 
PARAMETRIC_REPRESENTATION_CONTEXT() REPRESENTATION_CONTEXT('2D SPACE',''
  ) );
#8210 = PCURVE('',#3999,#8211);
#8211 = DEFINITIONAL_REPRESENTATION('',(#8212),#8216);
#8212 = LINE('',#8213,#8214);
#8213 = CARTESIAN_POINT('',(2.5,0.));
#8214 = VECTOR('',#8215,1.);
#8215 = DIRECTION('',(0.,-1.));
#8216 = ( GEOMETRIC_REPRESENTATION_CONTEXT(2) 
PARAMETRIC_REPRESENTATION_CONTEXT() REPRESENTATION_CONTEXT('2D SPACE',''
  ) );
#8217 = ORIENTED_EDGE('',*,*,#3906,.F.);
#8218 = ADVANCED_FACE('',(#8219),#3999,.F.);
#8219 = FACE_BOUND('',#8220,.F.);
#8220 = EDGE_LOOP('',(#8221,#8222,#8223,#8244));
#8221 = ORIENTED_EDGE('',*,*,#8197,.F.);
#8222 = ORIENTED_EDGE('',*,*,#6827,.T.);
#8223 = ORIENTED_EDGE('',*,*,#8224,.T.);
#8224 = EDGE_CURVE('',#6807,#3961,#8225,.T.);
#8225 = SURFACE_CURVE('',#8226,(#8230,#8237),.PCURVE_S1.);
#8226 = LINE('',#8227,#8228);
#8227 = CARTESIAN_POINT('',(19.,13.25,22.));
#8228 = VECTOR('',#8229,1.);
#8229 = DIRECTION('',(0.,1.,0.));
#8230 = PCURVE('',#3999,#8231);
#8231 = DEFINITIONAL_REPRESENTATION('',(#8232),#8236);
#8232 = LINE('',#8233,#8234);
#8233 = CARTESIAN_POINT('',(0.,0.));
#8234 = VECTOR('',#8235,1.);
#8235 = DIRECTION('',(0.,-1.));
#8236 = ( GEOMETRIC_REPRESENTATION_CONTEXT(2) 
PARAMETRIC_REPRESENTATION_CONTEXT() REPRESENTATION_CONTEXT('2D SPACE',''
  ) );
#8237 = PCURVE('',#3975,#8238);
#8238 = DEFINITIONAL_REPRESENTATION('',(#8239),#8243);
#8239 = LINE('',#8240,#8241);
#8240 = CARTESIAN_POINT('',(16.,0.));
#8241 = VECTOR('',#8242,1.);
#8242 = DIRECTION('',(0.,1.));
#8243 = ( GEOMETRIC_REPRESENTATION_CONTEXT(2) 
PARAMETRIC_REPRESENTATION_CONTEXT() REPRESENTATION_CONTEXT('2D SPACE',''
  ) );
#8244 = ORIENTED_EDGE('',*,*,#3986,.F.);
#8245 = ADVANCED_FACE('',(#8246),#3975,.T.);
#8246 = FACE_BOUND('',#8247,.T.);
#8247 = EDGE_LOOP('',(#8248,#8269,#8270,#8271));
#8248 = ORIENTED_EDGE('',*,*,#8249,.F.);
#8249 = EDGE_CURVE('',#6786,#3935,#8250,.T.);
#8250 = SURFACE_CURVE('',#8251,(#8255,#8262),.PCURVE_S1.);
#8251 = LINE('',#8252,#8253);
#8252 = CARTESIAN_POINT('',(3.,13.25,22.));
#8253 = VECTOR('',#8254,1.);
#8254 = DIRECTION('',(0.,1.,0.));
#8255 = PCURVE('',#3975,#8256);
#8256 = DEFINITIONAL_REPRESENTATION('',(#8257),#8261);
#8257 = LINE('',#8258,#8259);
#8258 = CARTESIAN_POINT('',(0.,0.));
#8259 = VECTOR('',#8260,1.);
#8260 = DIRECTION('',(0.,1.));
#8261 = ( GEOMETRIC_REPRESENTATION_CONTEXT(2) 
PARAMETRIC_REPRESENTATION_CONTEXT() REPRESENTATION_CONTEXT('2D SPACE',''
  ) );
#8262 = PCURVE('',#3949,#8263);
#8263 = DEFINITIONAL_REPRESENTATION('',(#8264),#8268);
#8264 = LINE('',#8265,#8266);
#8265 = CARTESIAN_POINT('',(0.,0.));
#8266 = VECTOR('',#8267,1.);
#8267 = DIRECTION('',(0.,-1.));
#8268 = ( GEOMETRIC_REPRESENTATION_CONTEXT(2) 
PARAMETRIC_REPRESENTATION_CONTEXT() REPRESENTATION_CONTEXT('2D SPACE',''
  ) );
#8269 = ORIENTED_EDGE('',*,*,#6806,.T.);
#8270 = ORIENTED_EDGE('',*,*,#8224,.T.);
#8271 = ORIENTED_EDGE('',*,*,#3960,.F.);
#8272 = ADVANCED_FACE('',(#8273),#3949,.T.);
#8273 = FACE_BOUND('',#8274,.T.);
#8274 = EDGE_LOOP('',(#8275,#8276,#8277,#8278));
#8275 = ORIENTED_EDGE('',*,*,#8175,.F.);
#8276 = ORIENTED_EDGE('',*,*,#6785,.T.);
#8277 = ORIENTED_EDGE('',*,*,#8249,.T.);
#8278 = ORIENTED_EDGE('',*,*,#3934,.F.);
#8279 = ADVANCED_FACE('',(#8280),#4090,.T.);
#8280 = FACE_BOUND('',#8281,.T.);
#8281 = EDGE_LOOP('',(#8282,#8303,#8304,#8325));
#8282 = ORIENTED_EDGE('',*,*,#8283,.F.);
#8283 = EDGE_CURVE('',#6197,#4074,#8284,.T.);
#8284 = SURFACE_CURVE('',#8285,(#8289,#8296),.PCURVE_S1.);
#8285 = LINE('',#8286,#8287);
#8286 = CARTESIAN_POINT('',(26.25,7.5,3.5));
#8287 = VECTOR('',#8288,1.);
#8288 = DIRECTION('',(1.,0.,0.));
#8289 = PCURVE('',#4090,#8290);
#8290 = DEFINITIONAL_REPRESENTATION('',(#8291),#8295);
#8291 = LINE('',#8292,#8293);
#8292 = CARTESIAN_POINT('',(0.,15.));
#8293 = VECTOR('',#8294,1.);
#8294 = DIRECTION('',(1.,0.));
#8295 = ( GEOMETRIC_REPRESENTATION_CONTEXT(2) 
PARAMETRIC_REPRESENTATION_CONTEXT() REPRESENTATION_CONTEXT('2D SPACE',''
  ) );
#8296 = PCURVE('',#4166,#8297);
#8297 = DEFINITIONAL_REPRESENTATION('',(#8298),#8302);
#8298 = LINE('',#8299,#8300);
#8299 = CARTESIAN_POINT('',(0.,0.));
#8300 = VECTOR('',#8301,1.);
#8301 = DIRECTION('',(0.,1.));
#8302 = ( GEOMETRIC_REPRESENTATION_CONTEXT(2) 
PARAMETRIC_REPRESENTATION_CONTEXT() REPRESENTATION_CONTEXT('2D SPACE',''
  ) );
#8303 = ORIENTED_EDGE('',*,*,#6196,.T.);
#8304 = ORIENTED_EDGE('',*,*,#8305,.T.);
#8305 = EDGE_CURVE('',#6199,#4076,#8306,.T.);
#8306 = SURFACE_CURVE('',#8307,(#8311,#8318),.PCURVE_S1.);
#8307 = LINE('',#8308,#8309);
#8308 = CARTESIAN_POINT('',(26.25,-7.5,3.5));
#8309 = VECTOR('',#8310,1.);
#8310 = DIRECTION('',(1.,0.,0.));
#8311 = PCURVE('',#4090,#8312);
#8312 = DEFINITIONAL_REPRESENTATION('',(#8313),#8317);
#8313 = LINE('',#8314,#8315);
#8314 = CARTESIAN_POINT('',(0.,0.));
#8315 = VECTOR('',#8316,1.);
#8316 = DIRECTION('',(1.,0.));
#8317 = ( GEOMETRIC_REPRESENTATION_CONTEXT(2) 
PARAMETRIC_REPRESENTATION_CONTEXT() REPRESENTATION_CONTEXT('2D SPACE',''
  ) );
#8318 = PCURVE('',#4116,#8319);
#8319 = DEFINITIONAL_REPRESENTATION('',(#8320),#8324);
#8320 = LINE('',#8321,#8322);
#8321 = CARTESIAN_POINT('',(0.,0.));
#8322 = VECTOR('',#8323,1.);
#8323 = DIRECTION('',(0.,1.));
#8324 = ( GEOMETRIC_REPRESENTATION_CONTEXT(2) 
PARAMETRIC_REPRESENTATION_CONTEXT() REPRESENTATION_CONTEXT('2D SPACE',''
  ) );
#8325 = ORIENTED_EDGE('',*,*,#4073,.F.);
#8326 = ADVANCED_FACE('',(#8327),#4166,.F.);
#8327 = FACE_BOUND('',#8328,.F.);
#8328 = EDGE_LOOP('',(#8329,#8330,#8331,#8352));
#8329 = ORIENTED_EDGE('',*,*,#8283,.F.);
#8330 = ORIENTED_EDGE('',*,*,#6261,.T.);
#8331 = ORIENTED_EDGE('',*,*,#8332,.T.);
#8332 = EDGE_CURVE('',#6241,#4128,#8333,.T.);
#8333 = SURFACE_CURVE('',#8334,(#8338,#8345),.PCURVE_S1.);
#8334 = LINE('',#8335,#8336);
#8335 = CARTESIAN_POINT('',(26.25,7.5,12.5));
#8336 = VECTOR('',#8337,1.);
#8337 = DIRECTION('',(1.,0.,0.));
#8338 = PCURVE('',#4166,#8339);
#8339 = DEFINITIONAL_REPRESENTATION('',(#8340),#8344);
#8340 = LINE('',#8341,#8342);
#8341 = CARTESIAN_POINT('',(9.,0.));
#8342 = VECTOR('',#8343,1.);
#8343 = DIRECTION('',(0.,1.));
#8344 = ( GEOMETRIC_REPRESENTATION_CONTEXT(2) 
PARAMETRIC_REPRESENTATION_CONTEXT() REPRESENTATION_CONTEXT('2D SPACE',''
  ) );
#8345 = PCURVE('',#4142,#8346);
#8346 = DEFINITIONAL_REPRESENTATION('',(#8347),#8351);
#8347 = LINE('',#8348,#8349);
#8348 = CARTESIAN_POINT('',(0.,15.));
#8349 = VECTOR('',#8350,1.);
#8350 = DIRECTION('',(1.,0.));
#8351 = ( GEOMETRIC_REPRESENTATION_CONTEXT(2) 
PARAMETRIC_REPRESENTATION_CONTEXT() REPRESENTATION_CONTEXT('2D SPACE',''
  ) );
#8352 = ORIENTED_EDGE('',*,*,#4153,.F.);
#8353 = ADVANCED_FACE('',(#8354),#4142,.F.);
#8354 = FACE_BOUND('',#8355,.F.);
#8355 = EDGE_LOOP('',(#8356,#8357,#8358,#8379));
#8356 = ORIENTED_EDGE('',*,*,#8332,.F.);
#8357 = ORIENTED_EDGE('',*,*,#6240,.T.);
#8358 = ORIENTED_EDGE('',*,*,#8359,.T.);
#8359 = EDGE_CURVE('',#6220,#4102,#8360,.T.);
#8360 = SURFACE_CURVE('',#8361,(#8365,#8372),.PCURVE_S1.);
#8361 = LINE('',#8362,#8363);
#8362 = CARTESIAN_POINT('',(26.25,-7.5,12.5));
#8363 = VECTOR('',#8364,1.);
#8364 = DIRECTION('',(1.,0.,0.));
#8365 = PCURVE('',#4142,#8366);
#8366 = DEFINITIONAL_REPRESENTATION('',(#8367),#8371);
#8367 = LINE('',#8368,#8369);
#8368 = CARTESIAN_POINT('',(0.,0.));
#8369 = VECTOR('',#8370,1.);
#8370 = DIRECTION('',(1.,0.));
#8371 = ( GEOMETRIC_REPRESENTATION_CONTEXT(2) 
PARAMETRIC_REPRESENTATION_CONTEXT() REPRESENTATION_CONTEXT('2D SPACE',''
  ) );
#8372 = PCURVE('',#4116,#8373);
#8373 = DEFINITIONAL_REPRESENTATION('',(#8374),#8378);
#8374 = LINE('',#8375,#8376);
#8375 = CARTESIAN_POINT('',(9.,0.));
#8376 = VECTOR('',#8377,1.);
#8377 = DIRECTION('',(0.,1.));
#8378 = ( GEOMETRIC_REPRESENTATION_CONTEXT(2) 
PARAMETRIC_REPRESENTATION_CONTEXT() REPRESENTATION_CONTEXT('2D SPACE',''
  ) );
#8379 = ORIENTED_EDGE('',*,*,#4127,.F.);
#8380 = ADVANCED_FACE('',(#8381),#4116,.T.);
#8381 = FACE_BOUND('',#8382,.T.);
#8382 = EDGE_LOOP('',(#8383,#8384,#8385,#8386));
#8383 = ORIENTED_EDGE('',*,*,#8305,.F.);
#8384 = ORIENTED_EDGE('',*,*,#6219,.T.);
#8385 = ORIENTED_EDGE('',*,*,#8359,.T.);
#8386 = ORIENTED_EDGE('',*,*,#4101,.F.);
#8387 = ADVANCED_FACE('',(#8388),#4220,.T.);
#8388 = FACE_BOUND('',#8389,.T.);
#8389 = EDGE_LOOP('',(#8390));
#8390 = ORIENTED_EDGE('',*,*,#4205,.T.);
#8391 = ADVANCED_FACE('',(#8392),#4275,.T.);
#8392 = FACE_BOUND('',#8393,.T.);
#8393 = EDGE_LOOP('',(#8394));
#8394 = ORIENTED_EDGE('',*,*,#4260,.T.);
#8395 = ADVANCED_FACE('',(#8396),#4330,.T.);
#8396 = FACE_BOUND('',#8397,.T.);
#8397 = EDGE_LOOP('',(#8398));
#8398 = ORIENTED_EDGE('',*,*,#4315,.T.);
#8399 = ADVANCED_FACE('',(#8400,#8491),#4363,.T.);
#8400 = FACE_BOUND('',#8401,.T.);
#8401 = EDGE_LOOP('',(#8402,#8403,#8404,#8405,#8406,#8407,#8408,#8409,
    #8410,#8411,#8412,#8413,#8414,#8437,#8465,#8486,#8487,#8488,#8489,
    #8490));
#8402 = ORIENTED_EDGE('',*,*,#5697,.F.);
#8403 = ORIENTED_EDGE('',*,*,#5551,.F.);
#8404 = ORIENTED_EDGE('',*,*,#5067,.F.);
#8405 = ORIENTED_EDGE('',*,*,#6911,.F.);
#8406 = ORIENTED_EDGE('',*,*,#4773,.T.);
#8407 = ORIENTED_EDGE('',*,*,#4679,.F.);
#8408 = ORIENTED_EDGE('',*,*,#4345,.T.);
#8409 = ORIENTED_EDGE('',*,*,#4728,.T.);
#8410 = ORIENTED_EDGE('',*,*,#4946,.T.);
#8411 = ORIENTED_EDGE('',*,*,#5042,.F.);
#8412 = ORIENTED_EDGE('',*,*,#5244,.T.);
#8413 = ORIENTED_EDGE('',*,*,#5598,.T.);
#8414 = ORIENTED_EDGE('',*,*,#8415,.T.);
#8415 = EDGE_CURVE('',#5599,#8416,#8418,.T.);
#8416 = VERTEX_POINT('',#8417);
#8417 = CARTESIAN_POINT('',(0.5,-11.5,3.));
#8418 = SURFACE_CURVE('',#8419,(#8423,#8430),.PCURVE_S1.);
#8419 = LINE('',#8420,#8421);
#8420 = CARTESIAN_POINT('',(27.,-11.5,3.));
#8421 = VECTOR('',#8422,1.);
#8422 = DIRECTION('',(-1.,0.,0.));
#8423 = PCURVE('',#4363,#8424);
#8424 = DEFINITIONAL_REPRESENTATION('',(#8425),#8429);
#8425 = LINE('',#8426,#8427);
#8426 = CARTESIAN_POINT('',(57.,5.5));
#8427 = VECTOR('',#8428,1.);
#8428 = DIRECTION('',(-1.,0.));
#8429 = ( GEOMETRIC_REPRESENTATION_CONTEXT(2) 
PARAMETRIC_REPRESENTATION_CONTEXT() REPRESENTATION_CONTEXT('2D SPACE',''
  ) );
#8430 = PCURVE('',#5636,#8431);
#8431 = DEFINITIONAL_REPRESENTATION('',(#8432),#8436);
#8432 = LINE('',#8433,#8434);
#8433 = CARTESIAN_POINT('',(0.,26.5));
#8434 = VECTOR('',#8435,1.);
#8435 = DIRECTION('',(0.,-1.));
#8436 = ( GEOMETRIC_REPRESENTATION_CONTEXT(2) 
PARAMETRIC_REPRESENTATION_CONTEXT() REPRESENTATION_CONTEXT('2D SPACE',''
  ) );
#8437 = ORIENTED_EDGE('',*,*,#8438,.T.);
#8438 = EDGE_CURVE('',#8416,#8439,#8441,.T.);
#8439 = VERTEX_POINT('',#8440);
#8440 = CARTESIAN_POINT('',(0.5,11.5,3.));
#8441 = SURFACE_CURVE('',#8442,(#8446,#8453),.PCURVE_S1.);
#8442 = LINE('',#8443,#8444);
#8443 = CARTESIAN_POINT('',(0.5,-11.5,3.));
#8444 = VECTOR('',#8445,1.);
#8445 = DIRECTION('',(0.,1.,0.));
#8446 = PCURVE('',#4363,#8447);
#8447 = DEFINITIONAL_REPRESENTATION('',(#8448),#8452);
#8448 = LINE('',#8449,#8450);
#8449 = CARTESIAN_POINT('',(30.5,5.5));
#8450 = VECTOR('',#8451,1.);
#8451 = DIRECTION('',(0.,1.));
#8452 = ( GEOMETRIC_REPRESENTATION_CONTEXT(2) 
PARAMETRIC_REPRESENTATION_CONTEXT() REPRESENTATION_CONTEXT('2D SPACE',''
  ) );
#8453 = PCURVE('',#8454,#8459);
#8454 = PLANE('',#8455);
#8455 = AXIS2_PLACEMENT_3D('',#8456,#8457,#8458);
#8456 = CARTESIAN_POINT('',(0.5,-11.5,3.));
#8457 = DIRECTION('',(1.,0.,0.));
#8458 = DIRECTION('',(0.,0.,1.));
#8459 = DEFINITIONAL_REPRESENTATION('',(#8460),#8464);
#8460 = LINE('',#8461,#8462);
#8461 = CARTESIAN_POINT('',(0.,0.));
#8462 = VECTOR('',#8463,1.);
#8463 = DIRECTION('',(0.,-1.));
#8464 = ( GEOMETRIC_REPRESENTATION_CONTEXT(2) 
PARAMETRIC_REPRESENTATION_CONTEXT() REPRESENTATION_CONTEXT('2D SPACE',''
  ) );
#8465 = ORIENTED_EDGE('',*,*,#8466,.T.);
#8466 = EDGE_CURVE('',#8439,#6493,#8467,.T.);
#8467 = SURFACE_CURVE('',#8468,(#8472,#8479),.PCURVE_S1.);
#8468 = LINE('',#8469,#8470);
#8469 = CARTESIAN_POINT('',(0.5,11.5,3.));
#8470 = VECTOR('',#8471,1.);
#8471 = DIRECTION('',(1.,0.,0.));
#8472 = PCURVE('',#4363,#8473);
#8473 = DEFINITIONAL_REPRESENTATION('',(#8474),#8478);
#8474 = LINE('',#8475,#8476);
#8475 = CARTESIAN_POINT('',(30.5,28.5));
#8476 = VECTOR('',#8477,1.);
#8477 = DIRECTION('',(1.,0.));
#8478 = ( GEOMETRIC_REPRESENTATION_CONTEXT(2) 
PARAMETRIC_REPRESENTATION_CONTEXT() REPRESENTATION_CONTEXT('2D SPACE',''
  ) );
#8479 = PCURVE('',#6507,#8480);
#8480 = DEFINITIONAL_REPRESENTATION('',(#8481),#8485);
#8481 = LINE('',#8482,#8483);
#8482 = CARTESIAN_POINT('',(0.,-24.5));
#8483 = VECTOR('',#8484,1.);
#8484 = DIRECTION('',(0.,1.));
#8485 = ( GEOMETRIC_REPRESENTATION_CONTEXT(2) 
PARAMETRIC_REPRESENTATION_CONTEXT() REPRESENTATION_CONTEXT('2D SPACE',''
  ) );
#8486 = ORIENTED_EDGE('',*,*,#6518,.T.);
#8487 = ORIENTED_EDGE('',*,*,#6564,.F.);
#8488 = ORIENTED_EDGE('',*,*,#6423,.F.);
#8489 = ORIENTED_EDGE('',*,*,#6283,.F.);
#8490 = ORIENTED_EDGE('',*,*,#6125,.T.);
#8491 = FACE_BOUND('',#8492,.T.);
#8492 = EDGE_LOOP('',(#8493,#8523,#8551,#8579));
#8493 = ORIENTED_EDGE('',*,*,#8494,.T.);
#8494 = EDGE_CURVE('',#8495,#8497,#8499,.T.);
#8495 = VERTEX_POINT('',#8496);
#8496 = CARTESIAN_POINT('',(-22.,-9.,3.));
#8497 = VERTEX_POINT('',#8498);
#8498 = CARTESIAN_POINT('',(-22.,9.,3.));
#8499 = SURFACE_CURVE('',#8500,(#8504,#8511),.PCURVE_S1.);
#8500 = LINE('',#8501,#8502);
#8501 = CARTESIAN_POINT('',(-22.,-9.,3.));
#8502 = VECTOR('',#8503,1.);
#8503 = DIRECTION('',(0.,1.,0.));
#8504 = PCURVE('',#4363,#8505);
#8505 = DEFINITIONAL_REPRESENTATION('',(#8506),#8510);
#8506 = LINE('',#8507,#8508);
#8507 = CARTESIAN_POINT('',(8.,8.));
#8508 = VECTOR('',#8509,1.);
#8509 = DIRECTION('',(0.,1.));
#8510 = ( GEOMETRIC_REPRESENTATION_CONTEXT(2) 
PARAMETRIC_REPRESENTATION_CONTEXT() REPRESENTATION_CONTEXT('2D SPACE',''
  ) );
#8511 = PCURVE('',#8512,#8517);
#8512 = PLANE('',#8513);
#8513 = AXIS2_PLACEMENT_3D('',#8514,#8515,#8516);
#8514 = CARTESIAN_POINT('',(-22.,-9.,3.));
#8515 = DIRECTION('',(1.,0.,0.));
#8516 = DIRECTION('',(0.,0.,1.));
#8517 = DEFINITIONAL_REPRESENTATION('',(#8518),#8522);
#8518 = LINE('',#8519,#8520);
#8519 = CARTESIAN_POINT('',(0.,0.));
#8520 = VECTOR('',#8521,1.);
#8521 = DIRECTION('',(0.,-1.));
#8522 = ( GEOMETRIC_REPRESENTATION_CONTEXT(2) 
PARAMETRIC_REPRESENTATION_CONTEXT() REPRESENTATION_CONTEXT('2D SPACE',''
  ) );
#8523 = ORIENTED_EDGE('',*,*,#8524,.T.);
#8524 = EDGE_CURVE('',#8497,#8525,#8527,.T.);
#8525 = VERTEX_POINT('',#8526);
#8526 = CARTESIAN_POINT('',(-16.,9.,3.));
#8527 = SURFACE_CURVE('',#8528,(#8532,#8539),.PCURVE_S1.);
#8528 = LINE('',#8529,#8530);
#8529 = CARTESIAN_POINT('',(-22.,9.,3.));
#8530 = VECTOR('',#8531,1.);
#8531 = DIRECTION('',(1.,0.,0.));
#8532 = PCURVE('',#4363,#8533);
#8533 = DEFINITIONAL_REPRESENTATION('',(#8534),#8538);
#8534 = LINE('',#8535,#8536);
#8535 = CARTESIAN_POINT('',(8.,26.));
#8536 = VECTOR('',#8537,1.);
#8537 = DIRECTION('',(1.,0.));
#8538 = ( GEOMETRIC_REPRESENTATION_CONTEXT(2) 
PARAMETRIC_REPRESENTATION_CONTEXT() REPRESENTATION_CONTEXT('2D SPACE',''
  ) );
#8539 = PCURVE('',#8540,#8545);
#8540 = PLANE('',#8541);
#8541 = AXIS2_PLACEMENT_3D('',#8542,#8543,#8544);
#8542 = CARTESIAN_POINT('',(-22.,9.,3.));
#8543 = DIRECTION('',(0.,1.,0.));
#8544 = DIRECTION('',(0.,0.,1.));
#8545 = DEFINITIONAL_REPRESENTATION('',(#8546),#8550);
#8546 = LINE('',#8547,#8548);
#8547 = CARTESIAN_POINT('',(0.,0.));
#8548 = VECTOR('',#8549,1.);
#8549 = DIRECTION('',(0.,1.));
#8550 = ( GEOMETRIC_REPRESENTATION_CONTEXT(2) 
PARAMETRIC_REPRESENTATION_CONTEXT() REPRESENTATION_CONTEXT('2D SPACE',''
  ) );
#8551 = ORIENTED_EDGE('',*,*,#8552,.F.);
#8552 = EDGE_CURVE('',#8553,#8525,#8555,.T.);
#8553 = VERTEX_POINT('',#8554);
#8554 = CARTESIAN_POINT('',(-16.,-9.,3.));
#8555 = SURFACE_CURVE('',#8556,(#8560,#8567),.PCURVE_S1.);
#8556 = LINE('',#8557,#8558);
#8557 = CARTESIAN_POINT('',(-16.,-9.,3.));
#8558 = VECTOR('',#8559,1.);
#8559 = DIRECTION('',(0.,1.,0.));
#8560 = PCURVE('',#4363,#8561);
#8561 = DEFINITIONAL_REPRESENTATION('',(#8562),#8566);
#8562 = LINE('',#8563,#8564);
#8563 = CARTESIAN_POINT('',(14.,8.));
#8564 = VECTOR('',#8565,1.);
#8565 = DIRECTION('',(0.,1.));
#8566 = ( GEOMETRIC_REPRESENTATION_CONTEXT(2) 
PARAMETRIC_REPRESENTATION_CONTEXT() REPRESENTATION_CONTEXT('2D SPACE',''
  ) );
#8567 = PCURVE('',#8568,#8573);
#8568 = PLANE('',#8569);
#8569 = AXIS2_PLACEMENT_3D('',#8570,#8571,#8572);
#8570 = CARTESIAN_POINT('',(-16.,-9.,3.));
#8571 = DIRECTION('',(1.,0.,0.));
#8572 = DIRECTION('',(0.,0.,1.));
#8573 = DEFINITIONAL_REPRESENTATION('',(#8574),#8578);
#8574 = LINE('',#8575,#8576);
#8575 = CARTESIAN_POINT('',(0.,0.));
#8576 = VECTOR('',#8577,1.);
#8577 = DIRECTION('',(0.,-1.));
#8578 = ( GEOMETRIC_REPRESENTATION_CONTEXT(2) 
PARAMETRIC_REPRESENTATION_CONTEXT() REPRESENTATION_CONTEXT('2D SPACE',''
  ) );
#8579 = ORIENTED_EDGE('',*,*,#8580,.F.);
#8580 = EDGE_CURVE('',#8495,#8553,#8581,.T.);
#8581 = SURFACE_CURVE('',#8582,(#8586,#8593),.PCURVE_S1.);
#8582 = LINE('',#8583,#8584);
#8583 = CARTESIAN_POINT('',(-22.,-9.,3.));
#8584 = VECTOR('',#8585,1.);
#8585 = DIRECTION('',(1.,0.,0.));
#8586 = PCURVE('',#4363,#8587);
#8587 = DEFINITIONAL_REPRESENTATION('',(#8588),#8592);
#8588 = LINE('',#8589,#8590);
#8589 = CARTESIAN_POINT('',(8.,8.));
#8590 = VECTOR('',#8591,1.);
#8591 = DIRECTION('',(1.,0.));
#8592 = ( GEOMETRIC_REPRESENTATION_CONTEXT(2) 
PARAMETRIC_REPRESENTATION_CONTEXT() REPRESENTATION_CONTEXT('2D SPACE',''
  ) );
#8593 = PCURVE('',#8594,#8599);
#8594 = PLANE('',#8595);
#8595 = AXIS2_PLACEMENT_3D('',#8596,#8597,#8598);
#8596 = CARTESIAN_POINT('',(-22.,-9.,3.));
#8597 = DIRECTION('',(0.,1.,0.));
#8598 = DIRECTION('',(0.,0.,1.));
#8599 = DEFINITIONAL_REPRESENTATION('',(#8600),#8604);
#8600 = LINE('',#8601,#8602);
#8601 = CARTESIAN_POINT('',(0.,0.));
#8602 = VECTOR('',#8603,1.);
#8603 = DIRECTION('',(0.,1.));
#8604 = ( GEOMETRIC_REPRESENTATION_CONTEXT(2) 
PARAMETRIC_REPRESENTATION_CONTEXT() REPRESENTATION_CONTEXT('2D SPACE',''
  ) );
#8605 = ADVANCED_FACE('',(#8606,#8801),#5662,.T.);
#8606 = FACE_BOUND('',#8607,.T.);
#8607 = EDGE_LOOP('',(#8608,#8633,#8654,#8655,#8656,#8679,#8705,#8731,
    #8757,#8778,#8779,#8780));
#8608 = ORIENTED_EDGE('',*,*,#8609,.F.);
#8609 = EDGE_CURVE('',#8610,#8612,#8614,.T.);
#8610 = VERTEX_POINT('',#8611);
#8611 = CARTESIAN_POINT('',(0.5,-11.5,7.));
#8612 = VERTEX_POINT('',#8613);
#8613 = CARTESIAN_POINT('',(0.5,11.5,7.));
#8614 = SURFACE_CURVE('',#8615,(#8619,#8626),.PCURVE_S1.);
#8615 = LINE('',#8616,#8617);
#8616 = CARTESIAN_POINT('',(0.5,-11.5,7.));
#8617 = VECTOR('',#8618,1.);
#8618 = DIRECTION('',(0.,1.,0.));
#8619 = PCURVE('',#5662,#8620);
#8620 = DEFINITIONAL_REPRESENTATION('',(#8621),#8625);
#8621 = LINE('',#8622,#8623);
#8622 = CARTESIAN_POINT('',(0.,0.));
#8623 = VECTOR('',#8624,1.);
#8624 = DIRECTION('',(0.,1.));
#8625 = ( GEOMETRIC_REPRESENTATION_CONTEXT(2) 
PARAMETRIC_REPRESENTATION_CONTEXT() REPRESENTATION_CONTEXT('2D SPACE',''
  ) );
#8626 = PCURVE('',#8454,#8627);
#8627 = DEFINITIONAL_REPRESENTATION('',(#8628),#8632);
#8628 = LINE('',#8629,#8630);
#8629 = CARTESIAN_POINT('',(4.,0.));
#8630 = VECTOR('',#8631,1.);
#8631 = DIRECTION('',(0.,-1.));
#8632 = ( GEOMETRIC_REPRESENTATION_CONTEXT(2) 
PARAMETRIC_REPRESENTATION_CONTEXT() REPRESENTATION_CONTEXT('2D SPACE',''
  ) );
#8633 = ORIENTED_EDGE('',*,*,#8634,.F.);
#8634 = EDGE_CURVE('',#5622,#8610,#8635,.T.);
#8635 = SURFACE_CURVE('',#8636,(#8640,#8647),.PCURVE_S1.);
#8636 = LINE('',#8637,#8638);
#8637 = CARTESIAN_POINT('',(27.,-11.5,7.));
#8638 = VECTOR('',#8639,1.);
#8639 = DIRECTION('',(-1.,0.,0.));
#8640 = PCURVE('',#5662,#8641);
#8641 = DEFINITIONAL_REPRESENTATION('',(#8642),#8646);
#8642 = LINE('',#8643,#8644);
#8643 = CARTESIAN_POINT('',(26.5,0.));
#8644 = VECTOR('',#8645,1.);
#8645 = DIRECTION('',(-1.,0.));
#8646 = ( GEOMETRIC_REPRESENTATION_CONTEXT(2) 
PARAMETRIC_REPRESENTATION_CONTEXT() REPRESENTATION_CONTEXT('2D SPACE',''
  ) );
#8647 = PCURVE('',#5636,#8648);
#8648 = DEFINITIONAL_REPRESENTATION('',(#8649),#8653);
#8649 = LINE('',#8650,#8651);
#8650 = CARTESIAN_POINT('',(4.,26.5));
#8651 = VECTOR('',#8652,1.);
#8652 = DIRECTION('',(0.,-1.));
#8653 = ( GEOMETRIC_REPRESENTATION_CONTEXT(2) 
PARAMETRIC_REPRESENTATION_CONTEXT() REPRESENTATION_CONTEXT('2D SPACE',''
  ) );
#8654 = ORIENTED_EDGE('',*,*,#5647,.T.);
#8655 = ORIENTED_EDGE('',*,*,#6060,.F.);
#8656 = ORIENTED_EDGE('',*,*,#8657,.F.);
#8657 = EDGE_CURVE('',#8658,#6035,#8660,.T.);
#8658 = VERTEX_POINT('',#8659);
#8659 = CARTESIAN_POINT('',(27.,-7.5,7.));
#8660 = SURFACE_CURVE('',#8661,(#8665,#8672),.PCURVE_S1.);
#8661 = LINE('',#8662,#8663);
#8662 = CARTESIAN_POINT('',(27.,11.5,7.));
#8663 = VECTOR('',#8664,1.);
#8664 = DIRECTION('',(0.,-1.,0.));
#8665 = PCURVE('',#5662,#8666);
#8666 = DEFINITIONAL_REPRESENTATION('',(#8667),#8671);
#8667 = LINE('',#8668,#8669);
#8668 = CARTESIAN_POINT('',(26.5,23.));
#8669 = VECTOR('',#8670,1.);
#8670 = DIRECTION('',(0.,-1.));
#8671 = ( GEOMETRIC_REPRESENTATION_CONTEXT(2) 
PARAMETRIC_REPRESENTATION_CONTEXT() REPRESENTATION_CONTEXT('2D SPACE',''
  ) );
#8672 = PCURVE('',#6049,#8673);
#8673 = DEFINITIONAL_REPRESENTATION('',(#8674),#8678);
#8674 = LINE('',#8675,#8676);
#8675 = CARTESIAN_POINT('',(4.,-23.));
#8676 = VECTOR('',#8677,1.);
#8677 = DIRECTION('',(0.,1.));
#8678 = ( GEOMETRIC_REPRESENTATION_CONTEXT(2) 
PARAMETRIC_REPRESENTATION_CONTEXT() REPRESENTATION_CONTEXT('2D SPACE',''
  ) );
#8679 = ORIENTED_EDGE('',*,*,#8680,.T.);
#8680 = EDGE_CURVE('',#8658,#8681,#8683,.T.);
#8681 = VERTEX_POINT('',#8682);
#8682 = CARTESIAN_POINT('',(26.25,-7.5,7.));
#8683 = SURFACE_CURVE('',#8684,(#8688,#8694),.PCURVE_S1.);
#8684 = LINE('',#8685,#8686);
#8685 = CARTESIAN_POINT('',(13.375,-7.5,7.));
#8686 = VECTOR('',#8687,1.);
#8687 = DIRECTION('',(-1.,0.,0.));
#8688 = PCURVE('',#5662,#8689);
#8689 = DEFINITIONAL_REPRESENTATION('',(#8690),#8693);
#8690 = B_SPLINE_CURVE_WITH_KNOTS('',1,(#8691,#8692),.UNSPECIFIED.,.F.,
  .F.,(2,2),(-13.625,-12.875),.PIECEWISE_BEZIER_KNOTS.);
#8691 = CARTESIAN_POINT('',(26.5,4.));
#8692 = CARTESIAN_POINT('',(25.75,4.));
#8693 = ( GEOMETRIC_REPRESENTATION_CONTEXT(2) 
PARAMETRIC_REPRESENTATION_CONTEXT() REPRESENTATION_CONTEXT('2D SPACE',''
  ) );
#8694 = PCURVE('',#8695,#8700);
#8695 = PLANE('',#8696);
#8696 = AXIS2_PLACEMENT_3D('',#8697,#8698,#8699);
#8697 = CARTESIAN_POINT('',(26.25,-7.5,3.5));
#8698 = DIRECTION('',(0.,1.,0.));
#8699 = DIRECTION('',(0.,0.,1.));
#8700 = DEFINITIONAL_REPRESENTATION('',(#8701),#8704);
#8701 = B_SPLINE_CURVE_WITH_KNOTS('',1,(#8702,#8703),.UNSPECIFIED.,.F.,
  .F.,(2,2),(-13.625,-12.875),.PIECEWISE_BEZIER_KNOTS.);
#8702 = CARTESIAN_POINT('',(3.5,0.75));
#8703 = CARTESIAN_POINT('',(3.5,0.));
#8704 = ( GEOMETRIC_REPRESENTATION_CONTEXT(2) 
PARAMETRIC_REPRESENTATION_CONTEXT() REPRESENTATION_CONTEXT('2D SPACE',''
  ) );
#8705 = ORIENTED_EDGE('',*,*,#8706,.T.);
#8706 = EDGE_CURVE('',#8681,#8707,#8709,.T.);
#8707 = VERTEX_POINT('',#8708);
#8708 = CARTESIAN_POINT('',(26.25,7.5,7.));
#8709 = SURFACE_CURVE('',#8710,(#8714,#8720),.PCURVE_S1.);
#8710 = LINE('',#8711,#8712);
#8711 = CARTESIAN_POINT('',(26.25,-9.5,7.));
#8712 = VECTOR('',#8713,1.);
#8713 = DIRECTION('',(0.,1.,0.));
#8714 = PCURVE('',#5662,#8715);
#8715 = DEFINITIONAL_REPRESENTATION('',(#8716),#8719);
#8716 = B_SPLINE_CURVE_WITH_KNOTS('',1,(#8717,#8718),.UNSPECIFIED.,.F.,
  .F.,(2,2),(2.,17.),.PIECEWISE_BEZIER_KNOTS.);
#8717 = CARTESIAN_POINT('',(25.75,4.));
#8718 = CARTESIAN_POINT('',(25.75,19.));
#8719 = ( GEOMETRIC_REPRESENTATION_CONTEXT(2) 
PARAMETRIC_REPRESENTATION_CONTEXT() REPRESENTATION_CONTEXT('2D SPACE',''
  ) );
#8720 = PCURVE('',#8721,#8726);
#8721 = PLANE('',#8722);
#8722 = AXIS2_PLACEMENT_3D('',#8723,#8724,#8725);
#8723 = CARTESIAN_POINT('',(26.25,-7.5,3.5));
#8724 = DIRECTION('',(1.,0.,0.));
#8725 = DIRECTION('',(0.,0.,1.));
#8726 = DEFINITIONAL_REPRESENTATION('',(#8727),#8730);
#8727 = B_SPLINE_CURVE_WITH_KNOTS('',1,(#8728,#8729),.UNSPECIFIED.,.F.,
  .F.,(2,2),(2.,17.),.PIECEWISE_BEZIER_KNOTS.);
#8728 = CARTESIAN_POINT('',(3.5,0.));
#8729 = CARTESIAN_POINT('',(3.5,-15.));
#8730 = ( GEOMETRIC_REPRESENTATION_CONTEXT(2) 
PARAMETRIC_REPRESENTATION_CONTEXT() REPRESENTATION_CONTEXT('2D SPACE',''
  ) );
#8731 = ORIENTED_EDGE('',*,*,#8732,.F.);
#8732 = EDGE_CURVE('',#8733,#8707,#8735,.T.);
#8733 = VERTEX_POINT('',#8734);
#8734 = CARTESIAN_POINT('',(27.,7.5,7.));
#8735 = SURFACE_CURVE('',#8736,(#8740,#8746),.PCURVE_S1.);
#8736 = LINE('',#8737,#8738);
#8737 = CARTESIAN_POINT('',(13.375,7.5,7.));
#8738 = VECTOR('',#8739,1.);
#8739 = DIRECTION('',(-1.,0.,0.));
#8740 = PCURVE('',#5662,#8741);
#8741 = DEFINITIONAL_REPRESENTATION('',(#8742),#8745);
#8742 = B_SPLINE_CURVE_WITH_KNOTS('',1,(#8743,#8744),.UNSPECIFIED.,.F.,
  .F.,(2,2),(-13.625,-12.875),.PIECEWISE_BEZIER_KNOTS.);
#8743 = CARTESIAN_POINT('',(26.5,19.));
#8744 = CARTESIAN_POINT('',(25.75,19.));
#8745 = ( GEOMETRIC_REPRESENTATION_CONTEXT(2) 
PARAMETRIC_REPRESENTATION_CONTEXT() REPRESENTATION_CONTEXT('2D SPACE',''
  ) );
#8746 = PCURVE('',#8747,#8752);
#8747 = PLANE('',#8748);
#8748 = AXIS2_PLACEMENT_3D('',#8749,#8750,#8751);
#8749 = CARTESIAN_POINT('',(26.25,7.5,3.5));
#8750 = DIRECTION('',(0.,1.,0.));
#8751 = DIRECTION('',(0.,0.,1.));
#8752 = DEFINITIONAL_REPRESENTATION('',(#8753),#8756);
#8753 = B_SPLINE_CURVE_WITH_KNOTS('',1,(#8754,#8755),.UNSPECIFIED.,.F.,
  .F.,(2,2),(-13.625,-12.875),.PIECEWISE_BEZIER_KNOTS.);
#8754 = CARTESIAN_POINT('',(3.5,0.75));
#8755 = CARTESIAN_POINT('',(3.5,0.));
#8756 = ( GEOMETRIC_REPRESENTATION_CONTEXT(2) 
PARAMETRIC_REPRESENTATION_CONTEXT() REPRESENTATION_CONTEXT('2D SPACE',''
  ) );
#8757 = ORIENTED_EDGE('',*,*,#8758,.F.);
#8758 = EDGE_CURVE('',#6354,#8733,#8759,.T.);
#8759 = SURFACE_CURVE('',#8760,(#8764,#8771),.PCURVE_S1.);
#8760 = LINE('',#8761,#8762);
#8761 = CARTESIAN_POINT('',(27.,11.5,7.));
#8762 = VECTOR('',#8763,1.);
#8763 = DIRECTION('',(0.,-1.,0.));
#8764 = PCURVE('',#5662,#8765);
#8765 = DEFINITIONAL_REPRESENTATION('',(#8766),#8770);
#8766 = LINE('',#8767,#8768);
#8767 = CARTESIAN_POINT('',(26.5,23.));
#8768 = VECTOR('',#8769,1.);
#8769 = DIRECTION('',(0.,-1.));
#8770 = ( GEOMETRIC_REPRESENTATION_CONTEXT(2) 
PARAMETRIC_REPRESENTATION_CONTEXT() REPRESENTATION_CONTEXT('2D SPACE',''
  ) );
#8771 = PCURVE('',#6049,#8772);
#8772 = DEFINITIONAL_REPRESENTATION('',(#8773),#8777);
#8773 = LINE('',#8774,#8775);
#8774 = CARTESIAN_POINT('',(4.,-23.));
#8775 = VECTOR('',#8776,1.);
#8776 = DIRECTION('',(0.,1.));
#8777 = ( GEOMETRIC_REPRESENTATION_CONTEXT(2) 
PARAMETRIC_REPRESENTATION_CONTEXT() REPRESENTATION_CONTEXT('2D SPACE',''
  ) );
#8778 = ORIENTED_EDGE('',*,*,#6374,.T.);
#8779 = ORIENTED_EDGE('',*,*,#6471,.T.);
#8780 = ORIENTED_EDGE('',*,*,#8781,.F.);
#8781 = EDGE_CURVE('',#8612,#6472,#8782,.T.);
#8782 = SURFACE_CURVE('',#8783,(#8787,#8794),.PCURVE_S1.);
#8783 = LINE('',#8784,#8785);
#8784 = CARTESIAN_POINT('',(0.5,11.5,7.));
#8785 = VECTOR('',#8786,1.);
#8786 = DIRECTION('',(1.,0.,0.));
#8787 = PCURVE('',#5662,#8788);
#8788 = DEFINITIONAL_REPRESENTATION('',(#8789),#8793);
#8789 = LINE('',#8790,#8791);
#8790 = CARTESIAN_POINT('',(0.,23.));
#8791 = VECTOR('',#8792,1.);
#8792 = DIRECTION('',(1.,0.));
#8793 = ( GEOMETRIC_REPRESENTATION_CONTEXT(2) 
PARAMETRIC_REPRESENTATION_CONTEXT() REPRESENTATION_CONTEXT('2D SPACE',''
  ) );
#8794 = PCURVE('',#6507,#8795);
#8795 = DEFINITIONAL_REPRESENTATION('',(#8796),#8800);
#8796 = LINE('',#8797,#8798);
#8797 = CARTESIAN_POINT('',(4.,-24.5));
#8798 = VECTOR('',#8799,1.);
#8799 = DIRECTION('',(0.,1.));
#8800 = ( GEOMETRIC_REPRESENTATION_CONTEXT(2) 
PARAMETRIC_REPRESENTATION_CONTEXT() REPRESENTATION_CONTEXT('2D SPACE',''
  ) );
#8801 = FACE_BOUND('',#8802,.T.);
#8802 = EDGE_LOOP('',(#8803,#8833,#8861,#8889));
#8803 = ORIENTED_EDGE('',*,*,#8804,.T.);
#8804 = EDGE_CURVE('',#8805,#8807,#8809,.T.);
#8805 = VERTEX_POINT('',#8806);
#8806 = CARTESIAN_POINT('',(2.5,-9.5,7.));
#8807 = VERTEX_POINT('',#8808);
#8808 = CARTESIAN_POINT('',(2.5,9.5,7.));
#8809 = SURFACE_CURVE('',#8810,(#8814,#8821),.PCURVE_S1.);
#8810 = LINE('',#8811,#8812);
#8811 = CARTESIAN_POINT('',(2.5,-11.5,7.));
#8812 = VECTOR('',#8813,1.);
#8813 = DIRECTION('',(0.,1.,0.));
#8814 = PCURVE('',#5662,#8815);
#8815 = DEFINITIONAL_REPRESENTATION('',(#8816),#8820);
#8816 = LINE('',#8817,#8818);
#8817 = CARTESIAN_POINT('',(2.,0.));
#8818 = VECTOR('',#8819,1.);
#8819 = DIRECTION('',(0.,1.));
#8820 = ( GEOMETRIC_REPRESENTATION_CONTEXT(2) 
PARAMETRIC_REPRESENTATION_CONTEXT() REPRESENTATION_CONTEXT('2D SPACE',''
  ) );
#8821 = PCURVE('',#8822,#8827);
#8822 = PLANE('',#8823);
#8823 = AXIS2_PLACEMENT_3D('',#8824,#8825,#8826);
#8824 = CARTESIAN_POINT('',(2.5,-11.5,3.));
#8825 = DIRECTION('',(1.,0.,0.));
#8826 = DIRECTION('',(0.,0.,1.));
#8827 = DEFINITIONAL_REPRESENTATION('',(#8828),#8832);
#8828 = LINE('',#8829,#8830);
#8829 = CARTESIAN_POINT('',(4.,0.));
#8830 = VECTOR('',#8831,1.);
#8831 = DIRECTION('',(0.,-1.));
#8832 = ( GEOMETRIC_REPRESENTATION_CONTEXT(2) 
PARAMETRIC_REPRESENTATION_CONTEXT() REPRESENTATION_CONTEXT('2D SPACE',''
  ) );
#8833 = ORIENTED_EDGE('',*,*,#8834,.T.);
#8834 = EDGE_CURVE('',#8807,#8835,#8837,.T.);
#8835 = VERTEX_POINT('',#8836);
#8836 = CARTESIAN_POINT('',(25.,9.5,7.));
#8837 = SURFACE_CURVE('',#8838,(#8842,#8849),.PCURVE_S1.);
#8838 = LINE('',#8839,#8840);
#8839 = CARTESIAN_POINT('',(0.5,9.5,7.));
#8840 = VECTOR('',#8841,1.);
#8841 = DIRECTION('',(1.,0.,0.));
#8842 = PCURVE('',#5662,#8843);
#8843 = DEFINITIONAL_REPRESENTATION('',(#8844),#8848);
#8844 = LINE('',#8845,#8846);
#8845 = CARTESIAN_POINT('',(0.,21.));
#8846 = VECTOR('',#8847,1.);
#8847 = DIRECTION('',(1.,0.));
#8848 = ( GEOMETRIC_REPRESENTATION_CONTEXT(2) 
PARAMETRIC_REPRESENTATION_CONTEXT() REPRESENTATION_CONTEXT('2D SPACE',''
  ) );
#8849 = PCURVE('',#8850,#8855);
#8850 = PLANE('',#8851);
#8851 = AXIS2_PLACEMENT_3D('',#8852,#8853,#8854);
#8852 = CARTESIAN_POINT('',(0.5,9.5,3.));
#8853 = DIRECTION('',(0.,1.,0.));
#8854 = DIRECTION('',(0.,0.,1.));
#8855 = DEFINITIONAL_REPRESENTATION('',(#8856),#8860);
#8856 = LINE('',#8857,#8858);
#8857 = CARTESIAN_POINT('',(4.,0.));
#8858 = VECTOR('',#8859,1.);
#8859 = DIRECTION('',(0.,1.));
#8860 = ( GEOMETRIC_REPRESENTATION_CONTEXT(2) 
PARAMETRIC_REPRESENTATION_CONTEXT() REPRESENTATION_CONTEXT('2D SPACE',''
  ) );
#8861 = ORIENTED_EDGE('',*,*,#8862,.F.);
#8862 = EDGE_CURVE('',#8863,#8835,#8865,.T.);
#8863 = VERTEX_POINT('',#8864);
#8864 = CARTESIAN_POINT('',(25.,-9.5,7.));
#8865 = SURFACE_CURVE('',#8866,(#8870,#8877),.PCURVE_S1.);
#8866 = LINE('',#8867,#8868);
#8867 = CARTESIAN_POINT('',(25.,-11.5,7.));
#8868 = VECTOR('',#8869,1.);
#8869 = DIRECTION('',(0.,1.,0.));
#8870 = PCURVE('',#5662,#8871);
#8871 = DEFINITIONAL_REPRESENTATION('',(#8872),#8876);
#8872 = LINE('',#8873,#8874);
#8873 = CARTESIAN_POINT('',(24.5,0.));
#8874 = VECTOR('',#8875,1.);
#8875 = DIRECTION('',(0.,1.));
#8876 = ( GEOMETRIC_REPRESENTATION_CONTEXT(2) 
PARAMETRIC_REPRESENTATION_CONTEXT() REPRESENTATION_CONTEXT('2D SPACE',''
  ) );
#8877 = PCURVE('',#8878,#8883);
#8878 = PLANE('',#8879);
#8879 = AXIS2_PLACEMENT_3D('',#8880,#8881,#8882);
#8880 = CARTESIAN_POINT('',(25.,-11.5,3.));
#8881 = DIRECTION('',(1.,0.,0.));
#8882 = DIRECTION('',(0.,0.,1.));
#8883 = DEFINITIONAL_REPRESENTATION('',(#8884),#8888);
#8884 = LINE('',#8885,#8886);
#8885 = CARTESIAN_POINT('',(4.,0.));
#8886 = VECTOR('',#8887,1.);
#8887 = DIRECTION('',(0.,-1.));
#8888 = ( GEOMETRIC_REPRESENTATION_CONTEXT(2) 
PARAMETRIC_REPRESENTATION_CONTEXT() REPRESENTATION_CONTEXT('2D SPACE',''
  ) );
#8889 = ORIENTED_EDGE('',*,*,#8890,.F.);
#8890 = EDGE_CURVE('',#8805,#8863,#8891,.T.);
#8891 = SURFACE_CURVE('',#8892,(#8896,#8903),.PCURVE_S1.);
#8892 = LINE('',#8893,#8894);
#8893 = CARTESIAN_POINT('',(0.5,-9.5,7.));
#8894 = VECTOR('',#8895,1.);
#8895 = DIRECTION('',(1.,0.,0.));
#8896 = PCURVE('',#5662,#8897);
#8897 = DEFINITIONAL_REPRESENTATION('',(#8898),#8902);
#8898 = LINE('',#8899,#8900);
#8899 = CARTESIAN_POINT('',(0.,2.));
#8900 = VECTOR('',#8901,1.);
#8901 = DIRECTION('',(1.,0.));
#8902 = ( GEOMETRIC_REPRESENTATION_CONTEXT(2) 
PARAMETRIC_REPRESENTATION_CONTEXT() REPRESENTATION_CONTEXT('2D SPACE',''
  ) );
#8903 = PCURVE('',#8904,#8909);
#8904 = PLANE('',#8905);
#8905 = AXIS2_PLACEMENT_3D('',#8906,#8907,#8908);
#8906 = CARTESIAN_POINT('',(0.5,-9.5,3.));
#8907 = DIRECTION('',(0.,1.,0.));
#8908 = DIRECTION('',(0.,0.,1.));
#8909 = DEFINITIONAL_REPRESENTATION('',(#8910),#8914);
#8910 = LINE('',#8911,#8912);
#8911 = CARTESIAN_POINT('',(4.,0.));
#8912 = VECTOR('',#8913,1.);
#8913 = DIRECTION('',(0.,1.));
#8914 = ( GEOMETRIC_REPRESENTATION_CONTEXT(2) 
PARAMETRIC_REPRESENTATION_CONTEXT() REPRESENTATION_CONTEXT('2D SPACE',''
  ) );
#8915 = ADVANCED_FACE('',(#8916),#5636,.F.);
#8916 = FACE_BOUND('',#8917,.F.);
#8917 = EDGE_LOOP('',(#8918,#8919,#8940,#8941));
#8918 = ORIENTED_EDGE('',*,*,#8415,.T.);
#8919 = ORIENTED_EDGE('',*,*,#8920,.T.);
#8920 = EDGE_CURVE('',#8416,#8610,#8921,.T.);
#8921 = SURFACE_CURVE('',#8922,(#8926,#8933),.PCURVE_S1.);
#8922 = LINE('',#8923,#8924);
#8923 = CARTESIAN_POINT('',(0.5,-11.5,3.));
#8924 = VECTOR('',#8925,1.);
#8925 = DIRECTION('',(0.,0.,1.));
#8926 = PCURVE('',#5636,#8927);
#8927 = DEFINITIONAL_REPRESENTATION('',(#8928),#8932);
#8928 = LINE('',#8929,#8930);
#8929 = CARTESIAN_POINT('',(0.,0.));
#8930 = VECTOR('',#8931,1.);
#8931 = DIRECTION('',(1.,0.));
#8932 = ( GEOMETRIC_REPRESENTATION_CONTEXT(2) 
PARAMETRIC_REPRESENTATION_CONTEXT() REPRESENTATION_CONTEXT('2D SPACE',''
  ) );
#8933 = PCURVE('',#8454,#8934);
#8934 = DEFINITIONAL_REPRESENTATION('',(#8935),#8939);
#8935 = LINE('',#8936,#8937);
#8936 = CARTESIAN_POINT('',(0.,0.));
#8937 = VECTOR('',#8938,1.);
#8938 = DIRECTION('',(1.,0.));
#8939 = ( GEOMETRIC_REPRESENTATION_CONTEXT(2) 
PARAMETRIC_REPRESENTATION_CONTEXT() REPRESENTATION_CONTEXT('2D SPACE',''
  ) );
#8940 = ORIENTED_EDGE('',*,*,#8634,.F.);
#8941 = ORIENTED_EDGE('',*,*,#5621,.T.);
#8942 = ADVANCED_FACE('',(#8943),#6022,.T.);
#8943 = FACE_BOUND('',#8944,.T.);
#8944 = EDGE_LOOP('',(#8945,#8946,#8947,#8968));
#8945 = ORIENTED_EDGE('',*,*,#6152,.T.);
#8946 = ORIENTED_EDGE('',*,*,#6330,.F.);
#8947 = ORIENTED_EDGE('',*,*,#8948,.T.);
#8948 = EDGE_CURVE('',#6331,#6005,#8949,.T.);
#8949 = SURFACE_CURVE('',#8950,(#8954,#8961),.PCURVE_S1.);
#8950 = LINE('',#8951,#8952);
#8951 = CARTESIAN_POINT('',(27.,11.5,3.));
#8952 = VECTOR('',#8953,1.);
#8953 = DIRECTION('',(0.,-1.,0.));
#8954 = PCURVE('',#6022,#8955);
#8955 = DEFINITIONAL_REPRESENTATION('',(#8956),#8960);
#8956 = LINE('',#8957,#8958);
#8957 = CARTESIAN_POINT('',(57.,28.5));
#8958 = VECTOR('',#8959,1.);
#8959 = DIRECTION('',(0.,-1.));
#8960 = ( GEOMETRIC_REPRESENTATION_CONTEXT(2) 
PARAMETRIC_REPRESENTATION_CONTEXT() REPRESENTATION_CONTEXT('2D SPACE',''
  ) );
#8961 = PCURVE('',#6049,#8962);
#8962 = DEFINITIONAL_REPRESENTATION('',(#8963),#8967);
#8963 = LINE('',#8964,#8965);
#8964 = CARTESIAN_POINT('',(0.,-23.));
#8965 = VECTOR('',#8966,1.);
#8966 = DIRECTION('',(0.,1.));
#8967 = ( GEOMETRIC_REPRESENTATION_CONTEXT(2) 
PARAMETRIC_REPRESENTATION_CONTEXT() REPRESENTATION_CONTEXT('2D SPACE',''
  ) );
#8968 = ORIENTED_EDGE('',*,*,#6004,.T.);
#8969 = ADVANCED_FACE('',(#8970),#6049,.T.);
#8970 = FACE_BOUND('',#8971,.T.);
#8971 = EDGE_LOOP('',(#8972,#8973,#8974,#8975,#8976,#8997,#9023,#9042));
#8972 = ORIENTED_EDGE('',*,*,#6034,.F.);
#8973 = ORIENTED_EDGE('',*,*,#8948,.F.);
#8974 = ORIENTED_EDGE('',*,*,#6353,.T.);
#8975 = ORIENTED_EDGE('',*,*,#8758,.T.);
#8976 = ORIENTED_EDGE('',*,*,#8977,.F.);
#8977 = EDGE_CURVE('',#8978,#8733,#8980,.T.);
#8978 = VERTEX_POINT('',#8979);
#8979 = CARTESIAN_POINT('',(27.,7.5,3.5));
#8980 = SURFACE_CURVE('',#8981,(#8985,#8991),.PCURVE_S1.);
#8981 = LINE('',#8982,#8983);
#8982 = CARTESIAN_POINT('',(27.,7.5,3.25));
#8983 = VECTOR('',#8984,1.);
#8984 = DIRECTION('',(0.,0.,1.));
#8985 = PCURVE('',#6049,#8986);
#8986 = DEFINITIONAL_REPRESENTATION('',(#8987),#8990);
#8987 = B_SPLINE_CURVE_WITH_KNOTS('',1,(#8988,#8989),.UNSPECIFIED.,.F.,
  .F.,(2,2),(0.25,3.75),.PIECEWISE_BEZIER_KNOTS.);
#8988 = CARTESIAN_POINT('',(0.5,-19.));
#8989 = CARTESIAN_POINT('',(4.,-19.));
#8990 = ( GEOMETRIC_REPRESENTATION_CONTEXT(2) 
PARAMETRIC_REPRESENTATION_CONTEXT() REPRESENTATION_CONTEXT('2D SPACE',''
  ) );
#8991 = PCURVE('',#8747,#8992);
#8992 = DEFINITIONAL_REPRESENTATION('',(#8993),#8996);
#8993 = B_SPLINE_CURVE_WITH_KNOTS('',1,(#8994,#8995),.UNSPECIFIED.,.F.,
  .F.,(2,2),(0.25,3.75),.PIECEWISE_BEZIER_KNOTS.);
#8994 = CARTESIAN_POINT('',(0.,0.75));
#8995 = CARTESIAN_POINT('',(3.5,0.75));
#8996 = ( GEOMETRIC_REPRESENTATION_CONTEXT(2) 
PARAMETRIC_REPRESENTATION_CONTEXT() REPRESENTATION_CONTEXT('2D SPACE',''
  ) );
#8997 = ORIENTED_EDGE('',*,*,#8998,.T.);
#8998 = EDGE_CURVE('',#8978,#8999,#9001,.T.);
#8999 = VERTEX_POINT('',#9000);
#9000 = CARTESIAN_POINT('',(27.,-7.5,3.5));
#9001 = SURFACE_CURVE('',#9002,(#9006,#9012),.PCURVE_S1.);
#9002 = LINE('',#9003,#9004);
#9003 = CARTESIAN_POINT('',(27.,-9.5,3.5));
#9004 = VECTOR('',#9005,1.);
#9005 = DIRECTION('',(0.,-1.,0.));
#9006 = PCURVE('',#6049,#9007);
#9007 = DEFINITIONAL_REPRESENTATION('',(#9008),#9011);
#9008 = B_SPLINE_CURVE_WITH_KNOTS('',1,(#9009,#9010),.UNSPECIFIED.,.F.,
  .F.,(2,2),(-17.,-2.),.PIECEWISE_BEZIER_KNOTS.);
#9009 = CARTESIAN_POINT('',(0.5,-19.));
#9010 = CARTESIAN_POINT('',(0.5,-4.));
#9011 = ( GEOMETRIC_REPRESENTATION_CONTEXT(2) 
PARAMETRIC_REPRESENTATION_CONTEXT() REPRESENTATION_CONTEXT('2D SPACE',''
  ) );
#9012 = PCURVE('',#9013,#9018);
#9013 = PLANE('',#9014);
#9014 = AXIS2_PLACEMENT_3D('',#9015,#9016,#9017);
#9015 = CARTESIAN_POINT('',(26.25,-7.5,3.5));
#9016 = DIRECTION('',(0.,0.,1.));
#9017 = DIRECTION('',(1.,0.,0.));
#9018 = DEFINITIONAL_REPRESENTATION('',(#9019),#9022);
#9019 = B_SPLINE_CURVE_WITH_KNOTS('',1,(#9020,#9021),.UNSPECIFIED.,.F.,
  .F.,(2,2),(-17.,-2.),.PIECEWISE_BEZIER_KNOTS.);
#9020 = CARTESIAN_POINT('',(0.75,15.));
#9021 = CARTESIAN_POINT('',(0.75,0.));
#9022 = ( GEOMETRIC_REPRESENTATION_CONTEXT(2) 
PARAMETRIC_REPRESENTATION_CONTEXT() REPRESENTATION_CONTEXT('2D SPACE',''
  ) );
#9023 = ORIENTED_EDGE('',*,*,#9024,.T.);
#9024 = EDGE_CURVE('',#8999,#8658,#9025,.T.);
#9025 = SURFACE_CURVE('',#9026,(#9030,#9036),.PCURVE_S1.);
#9026 = LINE('',#9027,#9028);
#9027 = CARTESIAN_POINT('',(27.,-7.5,3.25));
#9028 = VECTOR('',#9029,1.);
#9029 = DIRECTION('',(0.,0.,1.));
#9030 = PCURVE('',#6049,#9031);
#9031 = DEFINITIONAL_REPRESENTATION('',(#9032),#9035);
#9032 = B_SPLINE_CURVE_WITH_KNOTS('',1,(#9033,#9034),.UNSPECIFIED.,.F.,
  .F.,(2,2),(0.25,3.75),.PIECEWISE_BEZIER_KNOTS.);
#9033 = CARTESIAN_POINT('',(0.5,-4.));
#9034 = CARTESIAN_POINT('',(4.,-4.));
#9035 = ( GEOMETRIC_REPRESENTATION_CONTEXT(2) 
PARAMETRIC_REPRESENTATION_CONTEXT() REPRESENTATION_CONTEXT('2D SPACE',''
  ) );
#9036 = PCURVE('',#8695,#9037);
#9037 = DEFINITIONAL_REPRESENTATION('',(#9038),#9041);
#9038 = B_SPLINE_CURVE_WITH_KNOTS('',1,(#9039,#9040),.UNSPECIFIED.,.F.,
  .F.,(2,2),(0.25,3.75),.PIECEWISE_BEZIER_KNOTS.);
#9039 = CARTESIAN_POINT('',(0.,0.75));
#9040 = CARTESIAN_POINT('',(3.5,0.75));
#9041 = ( GEOMETRIC_REPRESENTATION_CONTEXT(2) 
PARAMETRIC_REPRESENTATION_CONTEXT() REPRESENTATION_CONTEXT('2D SPACE',''
  ) );
#9042 = ORIENTED_EDGE('',*,*,#8657,.T.);
#9043 = ADVANCED_FACE('',(#9044),#6507,.T.);
#9044 = FACE_BOUND('',#9045,.T.);
#9045 = EDGE_LOOP('',(#9046,#9047,#9068,#9069));
#9046 = ORIENTED_EDGE('',*,*,#8466,.F.);
#9047 = ORIENTED_EDGE('',*,*,#9048,.T.);
#9048 = EDGE_CURVE('',#8439,#8612,#9049,.T.);
#9049 = SURFACE_CURVE('',#9050,(#9054,#9061),.PCURVE_S1.);
#9050 = LINE('',#9051,#9052);
#9051 = CARTESIAN_POINT('',(0.5,11.5,3.));
#9052 = VECTOR('',#9053,1.);
#9053 = DIRECTION('',(0.,0.,1.));
#9054 = PCURVE('',#6507,#9055);
#9055 = DEFINITIONAL_REPRESENTATION('',(#9056),#9060);
#9056 = LINE('',#9057,#9058);
#9057 = CARTESIAN_POINT('',(0.,-24.5));
#9058 = VECTOR('',#9059,1.);
#9059 = DIRECTION('',(1.,0.));
#9060 = ( GEOMETRIC_REPRESENTATION_CONTEXT(2) 
PARAMETRIC_REPRESENTATION_CONTEXT() REPRESENTATION_CONTEXT('2D SPACE',''
  ) );
#9061 = PCURVE('',#8454,#9062);
#9062 = DEFINITIONAL_REPRESENTATION('',(#9063),#9067);
#9063 = LINE('',#9064,#9065);
#9064 = CARTESIAN_POINT('',(0.,-23.));
#9065 = VECTOR('',#9066,1.);
#9066 = DIRECTION('',(1.,0.));
#9067 = ( GEOMETRIC_REPRESENTATION_CONTEXT(2) 
PARAMETRIC_REPRESENTATION_CONTEXT() REPRESENTATION_CONTEXT('2D SPACE',''
  ) );
#9068 = ORIENTED_EDGE('',*,*,#8781,.T.);
#9069 = ORIENTED_EDGE('',*,*,#6492,.T.);
#9070 = ADVANCED_FACE('',(#9071),#6889,.T.);
#9071 = FACE_BOUND('',#9072,.T.);
#9072 = EDGE_LOOP('',(#9073));
#9073 = ORIENTED_EDGE('',*,*,#6874,.T.);
#9074 = ADVANCED_FACE('',(#9075),#8454,.F.);
#9075 = FACE_BOUND('',#9076,.F.);
#9076 = EDGE_LOOP('',(#9077,#9078,#9079,#9080));
#9077 = ORIENTED_EDGE('',*,*,#8609,.F.);
#9078 = ORIENTED_EDGE('',*,*,#8920,.F.);
#9079 = ORIENTED_EDGE('',*,*,#8438,.T.);
#9080 = ORIENTED_EDGE('',*,*,#9048,.T.);
#9081 = ADVANCED_FACE('',(#9082),#8512,.F.);
#9082 = FACE_BOUND('',#9083,.F.);
#9083 = EDGE_LOOP('',(#9084,#9107,#9108,#9131));
#9084 = ORIENTED_EDGE('',*,*,#9085,.F.);
#9085 = EDGE_CURVE('',#8495,#9086,#9088,.T.);
#9086 = VERTEX_POINT('',#9087);
#9087 = CARTESIAN_POINT('',(-22.,-9.,9.));
#9088 = SURFACE_CURVE('',#9089,(#9093,#9100),.PCURVE_S1.);
#9089 = LINE('',#9090,#9091);
#9090 = CARTESIAN_POINT('',(-22.,-9.,3.));
#9091 = VECTOR('',#9092,1.);
#9092 = DIRECTION('',(0.,0.,1.));
#9093 = PCURVE('',#8512,#9094);
#9094 = DEFINITIONAL_REPRESENTATION('',(#9095),#9099);
#9095 = LINE('',#9096,#9097);
#9096 = CARTESIAN_POINT('',(0.,0.));
#9097 = VECTOR('',#9098,1.);
#9098 = DIRECTION('',(1.,0.));
#9099 = ( GEOMETRIC_REPRESENTATION_CONTEXT(2) 
PARAMETRIC_REPRESENTATION_CONTEXT() REPRESENTATION_CONTEXT('2D SPACE',''
  ) );
#9100 = PCURVE('',#8594,#9101);
#9101 = DEFINITIONAL_REPRESENTATION('',(#9102),#9106);
#9102 = LINE('',#9103,#9104);
#9103 = CARTESIAN_POINT('',(0.,0.));
#9104 = VECTOR('',#9105,1.);
#9105 = DIRECTION('',(1.,0.));
#9106 = ( GEOMETRIC_REPRESENTATION_CONTEXT(2) 
PARAMETRIC_REPRESENTATION_CONTEXT() REPRESENTATION_CONTEXT('2D SPACE',''
  ) );
#9107 = ORIENTED_EDGE('',*,*,#8494,.T.);
#9108 = ORIENTED_EDGE('',*,*,#9109,.T.);
#9109 = EDGE_CURVE('',#8497,#9110,#9112,.T.);
#9110 = VERTEX_POINT('',#9111);
#9111 = CARTESIAN_POINT('',(-22.,9.,9.));
#9112 = SURFACE_CURVE('',#9113,(#9117,#9124),.PCURVE_S1.);
#9113 = LINE('',#9114,#9115);
#9114 = CARTESIAN_POINT('',(-22.,9.,3.));
#9115 = VECTOR('',#9116,1.);
#9116 = DIRECTION('',(0.,0.,1.));
#9117 = PCURVE('',#8512,#9118);
#9118 = DEFINITIONAL_REPRESENTATION('',(#9119),#9123);
#9119 = LINE('',#9120,#9121);
#9120 = CARTESIAN_POINT('',(0.,-18.));
#9121 = VECTOR('',#9122,1.);
#9122 = DIRECTION('',(1.,0.));
#9123 = ( GEOMETRIC_REPRESENTATION_CONTEXT(2) 
PARAMETRIC_REPRESENTATION_CONTEXT() REPRESENTATION_CONTEXT('2D SPACE',''
  ) );
#9124 = PCURVE('',#8540,#9125);
#9125 = DEFINITIONAL_REPRESENTATION('',(#9126),#9130);
#9126 = LINE('',#9127,#9128);
#9127 = CARTESIAN_POINT('',(0.,0.));
#9128 = VECTOR('',#9129,1.);
#9129 = DIRECTION('',(1.,0.));
#9130 = ( GEOMETRIC_REPRESENTATION_CONTEXT(2) 
PARAMETRIC_REPRESENTATION_CONTEXT() REPRESENTATION_CONTEXT('2D SPACE',''
  ) );
#9131 = ORIENTED_EDGE('',*,*,#9132,.F.);
#9132 = EDGE_CURVE('',#9086,#9110,#9133,.T.);
#9133 = SURFACE_CURVE('',#9134,(#9138,#9145),.PCURVE_S1.);
#9134 = LINE('',#9135,#9136);
#9135 = CARTESIAN_POINT('',(-22.,-9.,9.));
#9136 = VECTOR('',#9137,1.);
#9137 = DIRECTION('',(0.,1.,0.));
#9138 = PCURVE('',#8512,#9139);
#9139 = DEFINITIONAL_REPRESENTATION('',(#9140),#9144);
#9140 = LINE('',#9141,#9142);
#9141 = CARTESIAN_POINT('',(6.,0.));
#9142 = VECTOR('',#9143,1.);
#9143 = DIRECTION('',(0.,-1.));
#9144 = ( GEOMETRIC_REPRESENTATION_CONTEXT(2) 
PARAMETRIC_REPRESENTATION_CONTEXT() REPRESENTATION_CONTEXT('2D SPACE',''
  ) );
#9145 = PCURVE('',#9146,#9151);
#9146 = PLANE('',#9147);
#9147 = AXIS2_PLACEMENT_3D('',#9148,#9149,#9150);
#9148 = CARTESIAN_POINT('',(-22.,-9.,9.));
#9149 = DIRECTION('',(0.,0.,1.));
#9150 = DIRECTION('',(1.,0.,0.));
#9151 = DEFINITIONAL_REPRESENTATION('',(#9152),#9156);
#9152 = LINE('',#9153,#9154);
#9153 = CARTESIAN_POINT('',(0.,0.));
#9154 = VECTOR('',#9155,1.);
#9155 = DIRECTION('',(0.,1.));
#9156 = ( GEOMETRIC_REPRESENTATION_CONTEXT(2) 
PARAMETRIC_REPRESENTATION_CONTEXT() REPRESENTATION_CONTEXT('2D SPACE',''
  ) );
#9157 = ADVANCED_FACE('',(#9158),#8540,.T.);
#9158 = FACE_BOUND('',#9159,.T.);
#9159 = EDGE_LOOP('',(#9160,#9183,#9184,#9185,#9208,#9234,#9260,#9286));
#9160 = ORIENTED_EDGE('',*,*,#9161,.F.);
#9161 = EDGE_CURVE('',#8525,#9162,#9164,.T.);
#9162 = VERTEX_POINT('',#9163);
#9163 = CARTESIAN_POINT('',(-16.,9.,9.));
#9164 = SURFACE_CURVE('',#9165,(#9169,#9176),.PCURVE_S1.);
#9165 = LINE('',#9166,#9167);
#9166 = CARTESIAN_POINT('',(-16.,9.,3.));
#9167 = VECTOR('',#9168,1.);
#9168 = DIRECTION('',(0.,0.,1.));
#9169 = PCURVE('',#8540,#9170);
#9170 = DEFINITIONAL_REPRESENTATION('',(#9171),#9175);
#9171 = LINE('',#9172,#9173);
#9172 = CARTESIAN_POINT('',(0.,6.));
#9173 = VECTOR('',#9174,1.);
#9174 = DIRECTION('',(1.,0.));
#9175 = ( GEOMETRIC_REPRESENTATION_CONTEXT(2) 
PARAMETRIC_REPRESENTATION_CONTEXT() REPRESENTATION_CONTEXT('2D SPACE',''
  ) );
#9176 = PCURVE('',#8568,#9177);
#9177 = DEFINITIONAL_REPRESENTATION('',(#9178),#9182);
#9178 = LINE('',#9179,#9180);
#9179 = CARTESIAN_POINT('',(0.,-18.));
#9180 = VECTOR('',#9181,1.);
#9181 = DIRECTION('',(1.,0.));
#9182 = ( GEOMETRIC_REPRESENTATION_CONTEXT(2) 
PARAMETRIC_REPRESENTATION_CONTEXT() REPRESENTATION_CONTEXT('2D SPACE',''
  ) );
#9183 = ORIENTED_EDGE('',*,*,#8524,.F.);
#9184 = ORIENTED_EDGE('',*,*,#9109,.T.);
#9185 = ORIENTED_EDGE('',*,*,#9186,.T.);
#9186 = EDGE_CURVE('',#9110,#9187,#9189,.T.);
#9187 = VERTEX_POINT('',#9188);
#9188 = CARTESIAN_POINT('',(-20.,9.,9.));
#9189 = SURFACE_CURVE('',#9190,(#9194,#9201),.PCURVE_S1.);
#9190 = LINE('',#9191,#9192);
#9191 = CARTESIAN_POINT('',(-22.,9.,9.));
#9192 = VECTOR('',#9193,1.);
#9193 = DIRECTION('',(1.,0.,0.));
#9194 = PCURVE('',#8540,#9195);
#9195 = DEFINITIONAL_REPRESENTATION('',(#9196),#9200);
#9196 = LINE('',#9197,#9198);
#9197 = CARTESIAN_POINT('',(6.,0.));
#9198 = VECTOR('',#9199,1.);
#9199 = DIRECTION('',(0.,1.));
#9200 = ( GEOMETRIC_REPRESENTATION_CONTEXT(2) 
PARAMETRIC_REPRESENTATION_CONTEXT() REPRESENTATION_CONTEXT('2D SPACE',''
  ) );
#9201 = PCURVE('',#9146,#9202);
#9202 = DEFINITIONAL_REPRESENTATION('',(#9203),#9207);
#9203 = LINE('',#9204,#9205);
#9204 = CARTESIAN_POINT('',(0.,18.));
#9205 = VECTOR('',#9206,1.);
#9206 = DIRECTION('',(1.,0.));
#9207 = ( GEOMETRIC_REPRESENTATION_CONTEXT(2) 
PARAMETRIC_REPRESENTATION_CONTEXT() REPRESENTATION_CONTEXT('2D SPACE',''
  ) );
#9208 = ORIENTED_EDGE('',*,*,#9209,.T.);
#9209 = EDGE_CURVE('',#9187,#9210,#9212,.T.);
#9210 = VERTEX_POINT('',#9211);
#9211 = CARTESIAN_POINT('',(-20.,9.,4.5));
#9212 = SURFACE_CURVE('',#9213,(#9217,#9223),.PCURVE_S1.);
#9213 = LINE('',#9214,#9215);
#9214 = CARTESIAN_POINT('',(-20.,9.,3.75));
#9215 = VECTOR('',#9216,1.);
#9216 = DIRECTION('',(0.,0.,-1.));
#9217 = PCURVE('',#8540,#9218);
#9218 = DEFINITIONAL_REPRESENTATION('',(#9219),#9222);
#9219 = B_SPLINE_CURVE_WITH_KNOTS('',1,(#9220,#9221),.UNSPECIFIED.,.F.,
  .F.,(2,2),(-5.25,-0.75),.PIECEWISE_BEZIER_KNOTS.);
#9220 = CARTESIAN_POINT('',(6.,2.));
#9221 = CARTESIAN_POINT('',(1.5,2.));
#9222 = ( GEOMETRIC_REPRESENTATION_CONTEXT(2) 
PARAMETRIC_REPRESENTATION_CONTEXT() REPRESENTATION_CONTEXT('2D SPACE',''
  ) );
#9223 = PCURVE('',#9224,#9229);
#9224 = PLANE('',#9225);
#9225 = AXIS2_PLACEMENT_3D('',#9226,#9227,#9228);
#9226 = CARTESIAN_POINT('',(-20.,-11.,4.5));
#9227 = DIRECTION('',(1.,0.,0.));
#9228 = DIRECTION('',(0.,0.,1.));
#9229 = DEFINITIONAL_REPRESENTATION('',(#9230),#9233);
#9230 = B_SPLINE_CURVE_WITH_KNOTS('',1,(#9231,#9232),.UNSPECIFIED.,.F.,
  .F.,(2,2),(-5.25,-0.75),.PIECEWISE_BEZIER_KNOTS.);
#9231 = CARTESIAN_POINT('',(4.5,-20.));
#9232 = CARTESIAN_POINT('',(0.,-20.));
#9233 = ( GEOMETRIC_REPRESENTATION_CONTEXT(2) 
PARAMETRIC_REPRESENTATION_CONTEXT() REPRESENTATION_CONTEXT('2D SPACE',''
  ) );
#9234 = ORIENTED_EDGE('',*,*,#9235,.T.);
#9235 = EDGE_CURVE('',#9210,#9236,#9238,.T.);
#9236 = VERTEX_POINT('',#9237);
#9237 = CARTESIAN_POINT('',(-18.,9.,4.5));
#9238 = SURFACE_CURVE('',#9239,(#9243,#9249),.PCURVE_S1.);
#9239 = LINE('',#9240,#9241);
#9240 = CARTESIAN_POINT('',(-21.,9.,4.5));
#9241 = VECTOR('',#9242,1.);
#9242 = DIRECTION('',(1.,0.,0.));
#9243 = PCURVE('',#8540,#9244);
#9244 = DEFINITIONAL_REPRESENTATION('',(#9245),#9248);
#9245 = B_SPLINE_CURVE_WITH_KNOTS('',1,(#9246,#9247),.UNSPECIFIED.,.F.,
  .F.,(2,2),(1.,3.),.PIECEWISE_BEZIER_KNOTS.);
#9246 = CARTESIAN_POINT('',(1.5,2.));
#9247 = CARTESIAN_POINT('',(1.5,4.));
#9248 = ( GEOMETRIC_REPRESENTATION_CONTEXT(2) 
PARAMETRIC_REPRESENTATION_CONTEXT() REPRESENTATION_CONTEXT('2D SPACE',''
  ) );
#9249 = PCURVE('',#9250,#9255);
#9250 = PLANE('',#9251);
#9251 = AXIS2_PLACEMENT_3D('',#9252,#9253,#9254);
#9252 = CARTESIAN_POINT('',(-20.,-11.,4.5));
#9253 = DIRECTION('',(0.,0.,1.));
#9254 = DIRECTION('',(1.,0.,0.));
#9255 = DEFINITIONAL_REPRESENTATION('',(#9256),#9259);
#9256 = B_SPLINE_CURVE_WITH_KNOTS('',1,(#9257,#9258),.UNSPECIFIED.,.F.,
  .F.,(2,2),(1.,3.),.PIECEWISE_BEZIER_KNOTS.);
#9257 = CARTESIAN_POINT('',(0.,20.));
#9258 = CARTESIAN_POINT('',(2.,20.));
#9259 = ( GEOMETRIC_REPRESENTATION_CONTEXT(2) 
PARAMETRIC_REPRESENTATION_CONTEXT() REPRESENTATION_CONTEXT('2D SPACE',''
  ) );
#9260 = ORIENTED_EDGE('',*,*,#9261,.F.);
#9261 = EDGE_CURVE('',#9262,#9236,#9264,.T.);
#9262 = VERTEX_POINT('',#9263);
#9263 = CARTESIAN_POINT('',(-18.,9.,9.));
#9264 = SURFACE_CURVE('',#9265,(#9269,#9275),.PCURVE_S1.);
#9265 = LINE('',#9266,#9267);
#9266 = CARTESIAN_POINT('',(-18.,9.,3.75));
#9267 = VECTOR('',#9268,1.);
#9268 = DIRECTION('',(0.,0.,-1.));
#9269 = PCURVE('',#8540,#9270);
#9270 = DEFINITIONAL_REPRESENTATION('',(#9271),#9274);
#9271 = B_SPLINE_CURVE_WITH_KNOTS('',1,(#9272,#9273),.UNSPECIFIED.,.F.,
  .F.,(2,2),(-5.25,-0.75),.PIECEWISE_BEZIER_KNOTS.);
#9272 = CARTESIAN_POINT('',(6.,4.));
#9273 = CARTESIAN_POINT('',(1.5,4.));
#9274 = ( GEOMETRIC_REPRESENTATION_CONTEXT(2) 
PARAMETRIC_REPRESENTATION_CONTEXT() REPRESENTATION_CONTEXT('2D SPACE',''
  ) );
#9275 = PCURVE('',#9276,#9281);
#9276 = PLANE('',#9277);
#9277 = AXIS2_PLACEMENT_3D('',#9278,#9279,#9280);
#9278 = CARTESIAN_POINT('',(-18.,-11.,4.5));
#9279 = DIRECTION('',(1.,0.,0.));
#9280 = DIRECTION('',(0.,0.,1.));
#9281 = DEFINITIONAL_REPRESENTATION('',(#9282),#9285);
#9282 = B_SPLINE_CURVE_WITH_KNOTS('',1,(#9283,#9284),.UNSPECIFIED.,.F.,
  .F.,(2,2),(-5.25,-0.75),.PIECEWISE_BEZIER_KNOTS.);
#9283 = CARTESIAN_POINT('',(4.5,-20.));
#9284 = CARTESIAN_POINT('',(0.,-20.));
#9285 = ( GEOMETRIC_REPRESENTATION_CONTEXT(2) 
PARAMETRIC_REPRESENTATION_CONTEXT() REPRESENTATION_CONTEXT('2D SPACE',''
  ) );
#9286 = ORIENTED_EDGE('',*,*,#9287,.T.);
#9287 = EDGE_CURVE('',#9262,#9162,#9288,.T.);
#9288 = SURFACE_CURVE('',#9289,(#9293,#9300),.PCURVE_S1.);
#9289 = LINE('',#9290,#9291);
#9290 = CARTESIAN_POINT('',(-22.,9.,9.));
#9291 = VECTOR('',#9292,1.);
#9292 = DIRECTION('',(1.,0.,0.));
#9293 = PCURVE('',#8540,#9294);
#9294 = DEFINITIONAL_REPRESENTATION('',(#9295),#9299);
#9295 = LINE('',#9296,#9297);
#9296 = CARTESIAN_POINT('',(6.,0.));
#9297 = VECTOR('',#9298,1.);
#9298 = DIRECTION('',(0.,1.));
#9299 = ( GEOMETRIC_REPRESENTATION_CONTEXT(2) 
PARAMETRIC_REPRESENTATION_CONTEXT() REPRESENTATION_CONTEXT('2D SPACE',''
  ) );
#9300 = PCURVE('',#9301,#9306);
#9301 = PLANE('',#9302);
#9302 = AXIS2_PLACEMENT_3D('',#9303,#9304,#9305);
#9303 = CARTESIAN_POINT('',(-22.,-9.,9.));
#9304 = DIRECTION('',(0.,0.,1.));
#9305 = DIRECTION('',(1.,0.,0.));
#9306 = DEFINITIONAL_REPRESENTATION('',(#9307),#9311);
#9307 = LINE('',#9308,#9309);
#9308 = CARTESIAN_POINT('',(0.,18.));
#9309 = VECTOR('',#9310,1.);
#9310 = DIRECTION('',(1.,0.));
#9311 = ( GEOMETRIC_REPRESENTATION_CONTEXT(2) 
PARAMETRIC_REPRESENTATION_CONTEXT() REPRESENTATION_CONTEXT('2D SPACE',''
  ) );
#9312 = ADVANCED_FACE('',(#9313),#8594,.F.);
#9313 = FACE_BOUND('',#9314,.F.);
#9314 = EDGE_LOOP('',(#9315,#9338,#9339,#9340,#9363,#9384,#9405,#9426));
#9315 = ORIENTED_EDGE('',*,*,#9316,.F.);
#9316 = EDGE_CURVE('',#8553,#9317,#9319,.T.);
#9317 = VERTEX_POINT('',#9318);
#9318 = CARTESIAN_POINT('',(-16.,-9.,9.));
#9319 = SURFACE_CURVE('',#9320,(#9324,#9331),.PCURVE_S1.);
#9320 = LINE('',#9321,#9322);
#9321 = CARTESIAN_POINT('',(-16.,-9.,3.));
#9322 = VECTOR('',#9323,1.);
#9323 = DIRECTION('',(0.,0.,1.));
#9324 = PCURVE('',#8594,#9325);
#9325 = DEFINITIONAL_REPRESENTATION('',(#9326),#9330);
#9326 = LINE('',#9327,#9328);
#9327 = CARTESIAN_POINT('',(0.,6.));
#9328 = VECTOR('',#9329,1.);
#9329 = DIRECTION('',(1.,0.));
#9330 = ( GEOMETRIC_REPRESENTATION_CONTEXT(2) 
PARAMETRIC_REPRESENTATION_CONTEXT() REPRESENTATION_CONTEXT('2D SPACE',''
  ) );
#9331 = PCURVE('',#8568,#9332);
#9332 = DEFINITIONAL_REPRESENTATION('',(#9333),#9337);
#9333 = LINE('',#9334,#9335);
#9334 = CARTESIAN_POINT('',(0.,0.));
#9335 = VECTOR('',#9336,1.);
#9336 = DIRECTION('',(1.,0.));
#9337 = ( GEOMETRIC_REPRESENTATION_CONTEXT(2) 
PARAMETRIC_REPRESENTATION_CONTEXT() REPRESENTATION_CONTEXT('2D SPACE',''
  ) );
#9338 = ORIENTED_EDGE('',*,*,#8580,.F.);
#9339 = ORIENTED_EDGE('',*,*,#9085,.T.);
#9340 = ORIENTED_EDGE('',*,*,#9341,.T.);
#9341 = EDGE_CURVE('',#9086,#9342,#9344,.T.);
#9342 = VERTEX_POINT('',#9343);
#9343 = CARTESIAN_POINT('',(-20.,-9.,9.));
#9344 = SURFACE_CURVE('',#9345,(#9349,#9356),.PCURVE_S1.);
#9345 = LINE('',#9346,#9347);
#9346 = CARTESIAN_POINT('',(-22.,-9.,9.));
#9347 = VECTOR('',#9348,1.);
#9348 = DIRECTION('',(1.,0.,0.));
#9349 = PCURVE('',#8594,#9350);
#9350 = DEFINITIONAL_REPRESENTATION('',(#9351),#9355);
#9351 = LINE('',#9352,#9353);
#9352 = CARTESIAN_POINT('',(6.,0.));
#9353 = VECTOR('',#9354,1.);
#9354 = DIRECTION('',(0.,1.));
#9355 = ( GEOMETRIC_REPRESENTATION_CONTEXT(2) 
PARAMETRIC_REPRESENTATION_CONTEXT() REPRESENTATION_CONTEXT('2D SPACE',''
  ) );
#9356 = PCURVE('',#9146,#9357);
#9357 = DEFINITIONAL_REPRESENTATION('',(#9358),#9362);
#9358 = LINE('',#9359,#9360);
#9359 = CARTESIAN_POINT('',(0.,0.));
#9360 = VECTOR('',#9361,1.);
#9361 = DIRECTION('',(1.,0.));
#9362 = ( GEOMETRIC_REPRESENTATION_CONTEXT(2) 
PARAMETRIC_REPRESENTATION_CONTEXT() REPRESENTATION_CONTEXT('2D SPACE',''
  ) );
#9363 = ORIENTED_EDGE('',*,*,#9364,.T.);
#9364 = EDGE_CURVE('',#9342,#9365,#9367,.T.);
#9365 = VERTEX_POINT('',#9366);
#9366 = CARTESIAN_POINT('',(-20.,-9.,4.5));
#9367 = SURFACE_CURVE('',#9368,(#9372,#9378),.PCURVE_S1.);
#9368 = LINE('',#9369,#9370);
#9369 = CARTESIAN_POINT('',(-20.,-9.,3.75));
#9370 = VECTOR('',#9371,1.);
#9371 = DIRECTION('',(0.,0.,-1.));
#9372 = PCURVE('',#8594,#9373);
#9373 = DEFINITIONAL_REPRESENTATION('',(#9374),#9377);
#9374 = B_SPLINE_CURVE_WITH_KNOTS('',1,(#9375,#9376),.UNSPECIFIED.,.F.,
  .F.,(2,2),(-5.25,-0.75),.PIECEWISE_BEZIER_KNOTS.);
#9375 = CARTESIAN_POINT('',(6.,2.));
#9376 = CARTESIAN_POINT('',(1.5,2.));
#9377 = ( GEOMETRIC_REPRESENTATION_CONTEXT(2) 
PARAMETRIC_REPRESENTATION_CONTEXT() REPRESENTATION_CONTEXT('2D SPACE',''
  ) );
#9378 = PCURVE('',#9224,#9379);
#9379 = DEFINITIONAL_REPRESENTATION('',(#9380),#9383);
#9380 = B_SPLINE_CURVE_WITH_KNOTS('',1,(#9381,#9382),.UNSPECIFIED.,.F.,
  .F.,(2,2),(-5.25,-0.75),.PIECEWISE_BEZIER_KNOTS.);
#9381 = CARTESIAN_POINT('',(4.5,-2.));
#9382 = CARTESIAN_POINT('',(0.,-2.));
#9383 = ( GEOMETRIC_REPRESENTATION_CONTEXT(2) 
PARAMETRIC_REPRESENTATION_CONTEXT() REPRESENTATION_CONTEXT('2D SPACE',''
  ) );
#9384 = ORIENTED_EDGE('',*,*,#9385,.T.);
#9385 = EDGE_CURVE('',#9365,#9386,#9388,.T.);
#9386 = VERTEX_POINT('',#9387);
#9387 = CARTESIAN_POINT('',(-18.,-9.,4.5));
#9388 = SURFACE_CURVE('',#9389,(#9393,#9399),.PCURVE_S1.);
#9389 = LINE('',#9390,#9391);
#9390 = CARTESIAN_POINT('',(-21.,-9.,4.5));
#9391 = VECTOR('',#9392,1.);
#9392 = DIRECTION('',(1.,0.,0.));
#9393 = PCURVE('',#8594,#9394);
#9394 = DEFINITIONAL_REPRESENTATION('',(#9395),#9398);
#9395 = B_SPLINE_CURVE_WITH_KNOTS('',1,(#9396,#9397),.UNSPECIFIED.,.F.,
  .F.,(2,2),(1.,3.),.PIECEWISE_BEZIER_KNOTS.);
#9396 = CARTESIAN_POINT('',(1.5,2.));
#9397 = CARTESIAN_POINT('',(1.5,4.));
#9398 = ( GEOMETRIC_REPRESENTATION_CONTEXT(2) 
PARAMETRIC_REPRESENTATION_CONTEXT() REPRESENTATION_CONTEXT('2D SPACE',''
  ) );
#9399 = PCURVE('',#9250,#9400);
#9400 = DEFINITIONAL_REPRESENTATION('',(#9401),#9404);
#9401 = B_SPLINE_CURVE_WITH_KNOTS('',1,(#9402,#9403),.UNSPECIFIED.,.F.,
  .F.,(2,2),(1.,3.),.PIECEWISE_BEZIER_KNOTS.);
#9402 = CARTESIAN_POINT('',(0.,2.));
#9403 = CARTESIAN_POINT('',(2.,2.));
#9404 = ( GEOMETRIC_REPRESENTATION_CONTEXT(2) 
PARAMETRIC_REPRESENTATION_CONTEXT() REPRESENTATION_CONTEXT('2D SPACE',''
  ) );
#9405 = ORIENTED_EDGE('',*,*,#9406,.F.);
#9406 = EDGE_CURVE('',#9407,#9386,#9409,.T.);
#9407 = VERTEX_POINT('',#9408);
#9408 = CARTESIAN_POINT('',(-18.,-9.,9.));
#9409 = SURFACE_CURVE('',#9410,(#9414,#9420),.PCURVE_S1.);
#9410 = LINE('',#9411,#9412);
#9411 = CARTESIAN_POINT('',(-18.,-9.,3.75));
#9412 = VECTOR('',#9413,1.);
#9413 = DIRECTION('',(0.,0.,-1.));
#9414 = PCURVE('',#8594,#9415);
#9415 = DEFINITIONAL_REPRESENTATION('',(#9416),#9419);
#9416 = B_SPLINE_CURVE_WITH_KNOTS('',1,(#9417,#9418),.UNSPECIFIED.,.F.,
  .F.,(2,2),(-5.25,-0.75),.PIECEWISE_BEZIER_KNOTS.);
#9417 = CARTESIAN_POINT('',(6.,4.));
#9418 = CARTESIAN_POINT('',(1.5,4.));
#9419 = ( GEOMETRIC_REPRESENTATION_CONTEXT(2) 
PARAMETRIC_REPRESENTATION_CONTEXT() REPRESENTATION_CONTEXT('2D SPACE',''
  ) );
#9420 = PCURVE('',#9276,#9421);
#9421 = DEFINITIONAL_REPRESENTATION('',(#9422),#9425);
#9422 = B_SPLINE_CURVE_WITH_KNOTS('',1,(#9423,#9424),.UNSPECIFIED.,.F.,
  .F.,(2,2),(-5.25,-0.75),.PIECEWISE_BEZIER_KNOTS.);
#9423 = CARTESIAN_POINT('',(4.5,-2.));
#9424 = CARTESIAN_POINT('',(0.,-2.));
#9425 = ( GEOMETRIC_REPRESENTATION_CONTEXT(2) 
PARAMETRIC_REPRESENTATION_CONTEXT() REPRESENTATION_CONTEXT('2D SPACE',''
  ) );
#9426 = ORIENTED_EDGE('',*,*,#9427,.T.);
#9427 = EDGE_CURVE('',#9407,#9317,#9428,.T.);
#9428 = SURFACE_CURVE('',#9429,(#9433,#9440),.PCURVE_S1.);
#9429 = LINE('',#9430,#9431);
#9430 = CARTESIAN_POINT('',(-22.,-9.,9.));
#9431 = VECTOR('',#9432,1.);
#9432 = DIRECTION('',(1.,0.,0.));
#9433 = PCURVE('',#8594,#9434);
#9434 = DEFINITIONAL_REPRESENTATION('',(#9435),#9439);
#9435 = LINE('',#9436,#9437);
#9436 = CARTESIAN_POINT('',(6.,0.));
#9437 = VECTOR('',#9438,1.);
#9438 = DIRECTION('',(0.,1.));
#9439 = ( GEOMETRIC_REPRESENTATION_CONTEXT(2) 
PARAMETRIC_REPRESENTATION_CONTEXT() REPRESENTATION_CONTEXT('2D SPACE',''
  ) );
#9440 = PCURVE('',#9301,#9441);
#9441 = DEFINITIONAL_REPRESENTATION('',(#9442),#9446);
#9442 = LINE('',#9443,#9444);
#9443 = CARTESIAN_POINT('',(0.,0.));
#9444 = VECTOR('',#9445,1.);
#9445 = DIRECTION('',(1.,0.));
#9446 = ( GEOMETRIC_REPRESENTATION_CONTEXT(2) 
PARAMETRIC_REPRESENTATION_CONTEXT() REPRESENTATION_CONTEXT('2D SPACE',''
  ) );
#9447 = ADVANCED_FACE('',(#9448),#8568,.T.);
#9448 = FACE_BOUND('',#9449,.T.);
#9449 = EDGE_LOOP('',(#9450,#9451,#9452,#9453));
#9450 = ORIENTED_EDGE('',*,*,#9316,.F.);
#9451 = ORIENTED_EDGE('',*,*,#8552,.T.);
#9452 = ORIENTED_EDGE('',*,*,#9161,.T.);
#9453 = ORIENTED_EDGE('',*,*,#9454,.F.);
#9454 = EDGE_CURVE('',#9317,#9162,#9455,.T.);
#9455 = SURFACE_CURVE('',#9456,(#9460,#9467),.PCURVE_S1.);
#9456 = LINE('',#9457,#9458);
#9457 = CARTESIAN_POINT('',(-16.,-9.,9.));
#9458 = VECTOR('',#9459,1.);
#9459 = DIRECTION('',(0.,1.,0.));
#9460 = PCURVE('',#8568,#9461);
#9461 = DEFINITIONAL_REPRESENTATION('',(#9462),#9466);
#9462 = LINE('',#9463,#9464);
#9463 = CARTESIAN_POINT('',(6.,0.));
#9464 = VECTOR('',#9465,1.);
#9465 = DIRECTION('',(0.,-1.));
#9466 = ( GEOMETRIC_REPRESENTATION_CONTEXT(2) 
PARAMETRIC_REPRESENTATION_CONTEXT() REPRESENTATION_CONTEXT('2D SPACE',''
  ) );
#9467 = PCURVE('',#9301,#9468);
#9468 = DEFINITIONAL_REPRESENTATION('',(#9469),#9473);
#9469 = LINE('',#9470,#9471);
#9470 = CARTESIAN_POINT('',(6.,0.));
#9471 = VECTOR('',#9472,1.);
#9472 = DIRECTION('',(0.,1.));
#9473 = ( GEOMETRIC_REPRESENTATION_CONTEXT(2) 
PARAMETRIC_REPRESENTATION_CONTEXT() REPRESENTATION_CONTEXT('2D SPACE',''
  ) );
#9474 = ADVANCED_FACE('',(#9475),#8747,.F.);
#9475 = FACE_BOUND('',#9476,.F.);
#9476 = EDGE_LOOP('',(#9477,#9500,#9521,#9522));
#9477 = ORIENTED_EDGE('',*,*,#9478,.F.);
#9478 = EDGE_CURVE('',#9479,#8978,#9481,.T.);
#9479 = VERTEX_POINT('',#9480);
#9480 = CARTESIAN_POINT('',(26.25,7.5,3.5));
#9481 = SURFACE_CURVE('',#9482,(#9486,#9493),.PCURVE_S1.);
#9482 = LINE('',#9483,#9484);
#9483 = CARTESIAN_POINT('',(26.25,7.5,3.5));
#9484 = VECTOR('',#9485,1.);
#9485 = DIRECTION('',(1.,0.,0.));
#9486 = PCURVE('',#8747,#9487);
#9487 = DEFINITIONAL_REPRESENTATION('',(#9488),#9492);
#9488 = LINE('',#9489,#9490);
#9489 = CARTESIAN_POINT('',(0.,0.));
#9490 = VECTOR('',#9491,1.);
#9491 = DIRECTION('',(0.,1.));
#9492 = ( GEOMETRIC_REPRESENTATION_CONTEXT(2) 
PARAMETRIC_REPRESENTATION_CONTEXT() REPRESENTATION_CONTEXT('2D SPACE',''
  ) );
#9493 = PCURVE('',#9013,#9494);
#9494 = DEFINITIONAL_REPRESENTATION('',(#9495),#9499);
#9495 = LINE('',#9496,#9497);
#9496 = CARTESIAN_POINT('',(0.,15.));
#9497 = VECTOR('',#9498,1.);
#9498 = DIRECTION('',(1.,0.));
#9499 = ( GEOMETRIC_REPRESENTATION_CONTEXT(2) 
PARAMETRIC_REPRESENTATION_CONTEXT() REPRESENTATION_CONTEXT('2D SPACE',''
  ) );
#9500 = ORIENTED_EDGE('',*,*,#9501,.T.);
#9501 = EDGE_CURVE('',#9479,#8707,#9502,.T.);
#9502 = SURFACE_CURVE('',#9503,(#9507,#9514),.PCURVE_S1.);
#9503 = LINE('',#9504,#9505);
#9504 = CARTESIAN_POINT('',(26.25,7.5,3.5));
#9505 = VECTOR('',#9506,1.);
#9506 = DIRECTION('',(0.,0.,1.));
#9507 = PCURVE('',#8747,#9508);
#9508 = DEFINITIONAL_REPRESENTATION('',(#9509),#9513);
#9509 = LINE('',#9510,#9511);
#9510 = CARTESIAN_POINT('',(0.,0.));
#9511 = VECTOR('',#9512,1.);
#9512 = DIRECTION('',(1.,0.));
#9513 = ( GEOMETRIC_REPRESENTATION_CONTEXT(2) 
PARAMETRIC_REPRESENTATION_CONTEXT() REPRESENTATION_CONTEXT('2D SPACE',''
  ) );
#9514 = PCURVE('',#8721,#9515);
#9515 = DEFINITIONAL_REPRESENTATION('',(#9516),#9520);
#9516 = LINE('',#9517,#9518);
#9517 = CARTESIAN_POINT('',(0.,-15.));
#9518 = VECTOR('',#9519,1.);
#9519 = DIRECTION('',(1.,0.));
#9520 = ( GEOMETRIC_REPRESENTATION_CONTEXT(2) 
PARAMETRIC_REPRESENTATION_CONTEXT() REPRESENTATION_CONTEXT('2D SPACE',''
  ) );
#9521 = ORIENTED_EDGE('',*,*,#8732,.F.);
#9522 = ORIENTED_EDGE('',*,*,#8977,.F.);
#9523 = ADVANCED_FACE('',(#9524),#8721,.T.);
#9524 = FACE_BOUND('',#9525,.T.);
#9525 = EDGE_LOOP('',(#9526,#9549,#9570,#9571));
#9526 = ORIENTED_EDGE('',*,*,#9527,.F.);
#9527 = EDGE_CURVE('',#9528,#8681,#9530,.T.);
#9528 = VERTEX_POINT('',#9529);
#9529 = CARTESIAN_POINT('',(26.25,-7.5,3.5));
#9530 = SURFACE_CURVE('',#9531,(#9535,#9542),.PCURVE_S1.);
#9531 = LINE('',#9532,#9533);
#9532 = CARTESIAN_POINT('',(26.25,-7.5,3.5));
#9533 = VECTOR('',#9534,1.);
#9534 = DIRECTION('',(0.,0.,1.));
#9535 = PCURVE('',#8721,#9536);
#9536 = DEFINITIONAL_REPRESENTATION('',(#9537),#9541);
#9537 = LINE('',#9538,#9539);
#9538 = CARTESIAN_POINT('',(0.,0.));
#9539 = VECTOR('',#9540,1.);
#9540 = DIRECTION('',(1.,0.));
#9541 = ( GEOMETRIC_REPRESENTATION_CONTEXT(2) 
PARAMETRIC_REPRESENTATION_CONTEXT() REPRESENTATION_CONTEXT('2D SPACE',''
  ) );
#9542 = PCURVE('',#8695,#9543);
#9543 = DEFINITIONAL_REPRESENTATION('',(#9544),#9548);
#9544 = LINE('',#9545,#9546);
#9545 = CARTESIAN_POINT('',(0.,0.));
#9546 = VECTOR('',#9547,1.);
#9547 = DIRECTION('',(1.,0.));
#9548 = ( GEOMETRIC_REPRESENTATION_CONTEXT(2) 
PARAMETRIC_REPRESENTATION_CONTEXT() REPRESENTATION_CONTEXT('2D SPACE',''
  ) );
#9549 = ORIENTED_EDGE('',*,*,#9550,.T.);
#9550 = EDGE_CURVE('',#9528,#9479,#9551,.T.);
#9551 = SURFACE_CURVE('',#9552,(#9556,#9563),.PCURVE_S1.);
#9552 = LINE('',#9553,#9554);
#9553 = CARTESIAN_POINT('',(26.25,-7.5,3.5));
#9554 = VECTOR('',#9555,1.);
#9555 = DIRECTION('',(0.,1.,0.));
#9556 = PCURVE('',#8721,#9557);
#9557 = DEFINITIONAL_REPRESENTATION('',(#9558),#9562);
#9558 = LINE('',#9559,#9560);
#9559 = CARTESIAN_POINT('',(0.,0.));
#9560 = VECTOR('',#9561,1.);
#9561 = DIRECTION('',(0.,-1.));
#9562 = ( GEOMETRIC_REPRESENTATION_CONTEXT(2) 
PARAMETRIC_REPRESENTATION_CONTEXT() REPRESENTATION_CONTEXT('2D SPACE',''
  ) );
#9563 = PCURVE('',#9013,#9564);
#9564 = DEFINITIONAL_REPRESENTATION('',(#9565),#9569);
#9565 = LINE('',#9566,#9567);
#9566 = CARTESIAN_POINT('',(0.,0.));
#9567 = VECTOR('',#9568,1.);
#9568 = DIRECTION('',(0.,1.));
#9569 = ( GEOMETRIC_REPRESENTATION_CONTEXT(2) 
PARAMETRIC_REPRESENTATION_CONTEXT() REPRESENTATION_CONTEXT('2D SPACE',''
  ) );
#9570 = ORIENTED_EDGE('',*,*,#9501,.T.);
#9571 = ORIENTED_EDGE('',*,*,#8706,.F.);
#9572 = ADVANCED_FACE('',(#9573),#8695,.T.);
#9573 = FACE_BOUND('',#9574,.T.);
#9574 = EDGE_LOOP('',(#9575,#9596,#9597,#9598));
#9575 = ORIENTED_EDGE('',*,*,#9576,.F.);
#9576 = EDGE_CURVE('',#9528,#8999,#9577,.T.);
#9577 = SURFACE_CURVE('',#9578,(#9582,#9589),.PCURVE_S1.);
#9578 = LINE('',#9579,#9580);
#9579 = CARTESIAN_POINT('',(26.25,-7.5,3.5));
#9580 = VECTOR('',#9581,1.);
#9581 = DIRECTION('',(1.,0.,0.));
#9582 = PCURVE('',#8695,#9583);
#9583 = DEFINITIONAL_REPRESENTATION('',(#9584),#9588);
#9584 = LINE('',#9585,#9586);
#9585 = CARTESIAN_POINT('',(0.,0.));
#9586 = VECTOR('',#9587,1.);
#9587 = DIRECTION('',(0.,1.));
#9588 = ( GEOMETRIC_REPRESENTATION_CONTEXT(2) 
PARAMETRIC_REPRESENTATION_CONTEXT() REPRESENTATION_CONTEXT('2D SPACE',''
  ) );
#9589 = PCURVE('',#9013,#9590);
#9590 = DEFINITIONAL_REPRESENTATION('',(#9591),#9595);
#9591 = LINE('',#9592,#9593);
#9592 = CARTESIAN_POINT('',(0.,0.));
#9593 = VECTOR('',#9594,1.);
#9594 = DIRECTION('',(1.,0.));
#9595 = ( GEOMETRIC_REPRESENTATION_CONTEXT(2) 
PARAMETRIC_REPRESENTATION_CONTEXT() REPRESENTATION_CONTEXT('2D SPACE',''
  ) );
#9596 = ORIENTED_EDGE('',*,*,#9527,.T.);
#9597 = ORIENTED_EDGE('',*,*,#8680,.F.);
#9598 = ORIENTED_EDGE('',*,*,#9024,.F.);
#9599 = ADVANCED_FACE('',(#9600),#8822,.T.);
#9600 = FACE_BOUND('',#9601,.T.);
#9601 = EDGE_LOOP('',(#9602,#9603,#9624,#9652));
#9602 = ORIENTED_EDGE('',*,*,#8804,.F.);
#9603 = ORIENTED_EDGE('',*,*,#9604,.F.);
#9604 = EDGE_CURVE('',#9605,#8805,#9607,.T.);
#9605 = VERTEX_POINT('',#9606);
#9606 = CARTESIAN_POINT('',(2.5,-9.5,3.));
#9607 = SURFACE_CURVE('',#9608,(#9612,#9618),.PCURVE_S1.);
#9608 = LINE('',#9609,#9610);
#9609 = CARTESIAN_POINT('',(2.5,-9.5,3.));
#9610 = VECTOR('',#9611,1.);
#9611 = DIRECTION('',(0.,0.,1.));
#9612 = PCURVE('',#8822,#9613);
#9613 = DEFINITIONAL_REPRESENTATION('',(#9614),#9617);
#9614 = B_SPLINE_CURVE_WITH_KNOTS('',1,(#9615,#9616),.UNSPECIFIED.,.F.,
  .F.,(2,2),(0.,4.),.PIECEWISE_BEZIER_KNOTS.);
#9615 = CARTESIAN_POINT('',(0.,-2.));
#9616 = CARTESIAN_POINT('',(4.,-2.));
#9617 = ( GEOMETRIC_REPRESENTATION_CONTEXT(2) 
PARAMETRIC_REPRESENTATION_CONTEXT() REPRESENTATION_CONTEXT('2D SPACE',''
  ) );
#9618 = PCURVE('',#8904,#9619);
#9619 = DEFINITIONAL_REPRESENTATION('',(#9620),#9623);
#9620 = B_SPLINE_CURVE_WITH_KNOTS('',1,(#9621,#9622),.UNSPECIFIED.,.F.,
  .F.,(2,2),(0.,4.),.PIECEWISE_BEZIER_KNOTS.);
#9621 = CARTESIAN_POINT('',(0.,2.));
#9622 = CARTESIAN_POINT('',(4.,2.));
#9623 = ( GEOMETRIC_REPRESENTATION_CONTEXT(2) 
PARAMETRIC_REPRESENTATION_CONTEXT() REPRESENTATION_CONTEXT('2D SPACE',''
  ) );
#9624 = ORIENTED_EDGE('',*,*,#9625,.T.);
#9625 = EDGE_CURVE('',#9605,#9626,#9628,.T.);
#9626 = VERTEX_POINT('',#9627);
#9627 = CARTESIAN_POINT('',(2.5,9.5,3.));
#9628 = SURFACE_CURVE('',#9629,(#9633,#9640),.PCURVE_S1.);
#9629 = LINE('',#9630,#9631);
#9630 = CARTESIAN_POINT('',(2.5,-11.5,3.));
#9631 = VECTOR('',#9632,1.);
#9632 = DIRECTION('',(0.,1.,0.));
#9633 = PCURVE('',#8822,#9634);
#9634 = DEFINITIONAL_REPRESENTATION('',(#9635),#9639);
#9635 = LINE('',#9636,#9637);
#9636 = CARTESIAN_POINT('',(0.,0.));
#9637 = VECTOR('',#9638,1.);
#9638 = DIRECTION('',(0.,-1.));
#9639 = ( GEOMETRIC_REPRESENTATION_CONTEXT(2) 
PARAMETRIC_REPRESENTATION_CONTEXT() REPRESENTATION_CONTEXT('2D SPACE',''
  ) );
#9640 = PCURVE('',#9641,#9646);
#9641 = PLANE('',#9642);
#9642 = AXIS2_PLACEMENT_3D('',#9643,#9644,#9645);
#9643 = CARTESIAN_POINT('',(-30.,-17.,3.));
#9644 = DIRECTION('',(0.,0.,1.));
#9645 = DIRECTION('',(1.,0.,0.));
#9646 = DEFINITIONAL_REPRESENTATION('',(#9647),#9651);
#9647 = LINE('',#9648,#9649);
#9648 = CARTESIAN_POINT('',(32.5,5.5));
#9649 = VECTOR('',#9650,1.);
#9650 = DIRECTION('',(0.,1.));
#9651 = ( GEOMETRIC_REPRESENTATION_CONTEXT(2) 
PARAMETRIC_REPRESENTATION_CONTEXT() REPRESENTATION_CONTEXT('2D SPACE',''
  ) );
#9652 = ORIENTED_EDGE('',*,*,#9653,.T.);
#9653 = EDGE_CURVE('',#9626,#8807,#9654,.T.);
#9654 = SURFACE_CURVE('',#9655,(#9659,#9665),.PCURVE_S1.);
#9655 = LINE('',#9656,#9657);
#9656 = CARTESIAN_POINT('',(2.5,9.5,3.));
#9657 = VECTOR('',#9658,1.);
#9658 = DIRECTION('',(0.,0.,1.));
#9659 = PCURVE('',#8822,#9660);
#9660 = DEFINITIONAL_REPRESENTATION('',(#9661),#9664);
#9661 = B_SPLINE_CURVE_WITH_KNOTS('',1,(#9662,#9663),.UNSPECIFIED.,.F.,
  .F.,(2,2),(0.,4.),.PIECEWISE_BEZIER_KNOTS.);
#9662 = CARTESIAN_POINT('',(0.,-21.));
#9663 = CARTESIAN_POINT('',(4.,-21.));
#9664 = ( GEOMETRIC_REPRESENTATION_CONTEXT(2) 
PARAMETRIC_REPRESENTATION_CONTEXT() REPRESENTATION_CONTEXT('2D SPACE',''
  ) );
#9665 = PCURVE('',#8850,#9666);
#9666 = DEFINITIONAL_REPRESENTATION('',(#9667),#9670);
#9667 = B_SPLINE_CURVE_WITH_KNOTS('',1,(#9668,#9669),.UNSPECIFIED.,.F.,
  .F.,(2,2),(0.,4.),.PIECEWISE_BEZIER_KNOTS.);
#9668 = CARTESIAN_POINT('',(0.,2.));
#9669 = CARTESIAN_POINT('',(4.,2.));
#9670 = ( GEOMETRIC_REPRESENTATION_CONTEXT(2) 
PARAMETRIC_REPRESENTATION_CONTEXT() REPRESENTATION_CONTEXT('2D SPACE',''
  ) );
#9671 = ADVANCED_FACE('',(#9672),#8904,.T.);
#9672 = FACE_BOUND('',#9673,.T.);
#9673 = EDGE_LOOP('',(#9674,#9697,#9698,#9699));
#9674 = ORIENTED_EDGE('',*,*,#9675,.F.);
#9675 = EDGE_CURVE('',#9605,#9676,#9678,.T.);
#9676 = VERTEX_POINT('',#9677);
#9677 = CARTESIAN_POINT('',(25.,-9.5,3.));
#9678 = SURFACE_CURVE('',#9679,(#9683,#9690),.PCURVE_S1.);
#9679 = LINE('',#9680,#9681);
#9680 = CARTESIAN_POINT('',(0.5,-9.5,3.));
#9681 = VECTOR('',#9682,1.);
#9682 = DIRECTION('',(1.,0.,0.));
#9683 = PCURVE('',#8904,#9684);
#9684 = DEFINITIONAL_REPRESENTATION('',(#9685),#9689);
#9685 = LINE('',#9686,#9687);
#9686 = CARTESIAN_POINT('',(0.,0.));
#9687 = VECTOR('',#9688,1.);
#9688 = DIRECTION('',(0.,1.));
#9689 = ( GEOMETRIC_REPRESENTATION_CONTEXT(2) 
PARAMETRIC_REPRESENTATION_CONTEXT() REPRESENTATION_CONTEXT('2D SPACE',''
  ) );
#9690 = PCURVE('',#9641,#9691);
#9691 = DEFINITIONAL_REPRESENTATION('',(#9692),#9696);
#9692 = LINE('',#9693,#9694);
#9693 = CARTESIAN_POINT('',(30.5,7.5));
#9694 = VECTOR('',#9695,1.);
#9695 = DIRECTION('',(1.,0.));
#9696 = ( GEOMETRIC_REPRESENTATION_CONTEXT(2) 
PARAMETRIC_REPRESENTATION_CONTEXT() REPRESENTATION_CONTEXT('2D SPACE',''
  ) );
#9697 = ORIENTED_EDGE('',*,*,#9604,.T.);
#9698 = ORIENTED_EDGE('',*,*,#8890,.T.);
#9699 = ORIENTED_EDGE('',*,*,#9700,.F.);
#9700 = EDGE_CURVE('',#9676,#8863,#9701,.T.);
#9701 = SURFACE_CURVE('',#9702,(#9706,#9712),.PCURVE_S1.);
#9702 = LINE('',#9703,#9704);
#9703 = CARTESIAN_POINT('',(25.,-9.5,3.));
#9704 = VECTOR('',#9705,1.);
#9705 = DIRECTION('',(0.,0.,1.));
#9706 = PCURVE('',#8904,#9707);
#9707 = DEFINITIONAL_REPRESENTATION('',(#9708),#9711);
#9708 = B_SPLINE_CURVE_WITH_KNOTS('',1,(#9709,#9710),.UNSPECIFIED.,.F.,
  .F.,(2,2),(0.,4.),.PIECEWISE_BEZIER_KNOTS.);
#9709 = CARTESIAN_POINT('',(0.,24.5));
#9710 = CARTESIAN_POINT('',(4.,24.5));
#9711 = ( GEOMETRIC_REPRESENTATION_CONTEXT(2) 
PARAMETRIC_REPRESENTATION_CONTEXT() REPRESENTATION_CONTEXT('2D SPACE',''
  ) );
#9712 = PCURVE('',#8878,#9713);
#9713 = DEFINITIONAL_REPRESENTATION('',(#9714),#9717);
#9714 = B_SPLINE_CURVE_WITH_KNOTS('',1,(#9715,#9716),.UNSPECIFIED.,.F.,
  .F.,(2,2),(0.,4.),.PIECEWISE_BEZIER_KNOTS.);
#9715 = CARTESIAN_POINT('',(0.,-2.));
#9716 = CARTESIAN_POINT('',(4.,-2.));
#9717 = ( GEOMETRIC_REPRESENTATION_CONTEXT(2) 
PARAMETRIC_REPRESENTATION_CONTEXT() REPRESENTATION_CONTEXT('2D SPACE',''
  ) );
#9718 = ADVANCED_FACE('',(#9719),#8850,.F.);
#9719 = FACE_BOUND('',#9720,.F.);
#9720 = EDGE_LOOP('',(#9721,#9744,#9745,#9746));
#9721 = ORIENTED_EDGE('',*,*,#9722,.F.);
#9722 = EDGE_CURVE('',#9626,#9723,#9725,.T.);
#9723 = VERTEX_POINT('',#9724);
#9724 = CARTESIAN_POINT('',(25.,9.5,3.));
#9725 = SURFACE_CURVE('',#9726,(#9730,#9737),.PCURVE_S1.);
#9726 = LINE('',#9727,#9728);
#9727 = CARTESIAN_POINT('',(0.5,9.5,3.));
#9728 = VECTOR('',#9729,1.);
#9729 = DIRECTION('',(1.,0.,0.));
#9730 = PCURVE('',#8850,#9731);
#9731 = DEFINITIONAL_REPRESENTATION('',(#9732),#9736);
#9732 = LINE('',#9733,#9734);
#9733 = CARTESIAN_POINT('',(0.,0.));
#9734 = VECTOR('',#9735,1.);
#9735 = DIRECTION('',(0.,1.));
#9736 = ( GEOMETRIC_REPRESENTATION_CONTEXT(2) 
PARAMETRIC_REPRESENTATION_CONTEXT() REPRESENTATION_CONTEXT('2D SPACE',''
  ) );
#9737 = PCURVE('',#9641,#9738);
#9738 = DEFINITIONAL_REPRESENTATION('',(#9739),#9743);
#9739 = LINE('',#9740,#9741);
#9740 = CARTESIAN_POINT('',(30.5,26.5));
#9741 = VECTOR('',#9742,1.);
#9742 = DIRECTION('',(1.,0.));
#9743 = ( GEOMETRIC_REPRESENTATION_CONTEXT(2) 
PARAMETRIC_REPRESENTATION_CONTEXT() REPRESENTATION_CONTEXT('2D SPACE',''
  ) );
#9744 = ORIENTED_EDGE('',*,*,#9653,.T.);
#9745 = ORIENTED_EDGE('',*,*,#8834,.T.);
#9746 = ORIENTED_EDGE('',*,*,#9747,.F.);
#9747 = EDGE_CURVE('',#9723,#8835,#9748,.T.);
#9748 = SURFACE_CURVE('',#9749,(#9753,#9759),.PCURVE_S1.);
#9749 = LINE('',#9750,#9751);
#9750 = CARTESIAN_POINT('',(25.,9.5,3.));
#9751 = VECTOR('',#9752,1.);
#9752 = DIRECTION('',(0.,0.,1.));
#9753 = PCURVE('',#8850,#9754);
#9754 = DEFINITIONAL_REPRESENTATION('',(#9755),#9758);
#9755 = B_SPLINE_CURVE_WITH_KNOTS('',1,(#9756,#9757),.UNSPECIFIED.,.F.,
  .F.,(2,2),(0.,4.),.PIECEWISE_BEZIER_KNOTS.);
#9756 = CARTESIAN_POINT('',(0.,24.5));
#9757 = CARTESIAN_POINT('',(4.,24.5));
#9758 = ( GEOMETRIC_REPRESENTATION_CONTEXT(2) 
PARAMETRIC_REPRESENTATION_CONTEXT() REPRESENTATION_CONTEXT('2D SPACE',''
  ) );
#9759 = PCURVE('',#8878,#9760);
#9760 = DEFINITIONAL_REPRESENTATION('',(#9761),#9764);
#9761 = B_SPLINE_CURVE_WITH_KNOTS('',1,(#9762,#9763),.UNSPECIFIED.,.F.,
  .F.,(2,2),(0.,4.),.PIECEWISE_BEZIER_KNOTS.);
#9762 = CARTESIAN_POINT('',(0.,-21.));
#9763 = CARTESIAN_POINT('',(4.,-21.));
#9764 = ( GEOMETRIC_REPRESENTATION_CONTEXT(2) 
PARAMETRIC_REPRESENTATION_CONTEXT() REPRESENTATION_CONTEXT('2D SPACE',''
  ) );
#9765 = ADVANCED_FACE('',(#9766),#8878,.F.);
#9766 = FACE_BOUND('',#9767,.F.);
#9767 = EDGE_LOOP('',(#9768,#9769,#9770,#9791));
#9768 = ORIENTED_EDGE('',*,*,#8862,.F.);
#9769 = ORIENTED_EDGE('',*,*,#9700,.F.);
#9770 = ORIENTED_EDGE('',*,*,#9771,.T.);
#9771 = EDGE_CURVE('',#9676,#9723,#9772,.T.);
#9772 = SURFACE_CURVE('',#9773,(#9777,#9784),.PCURVE_S1.);
#9773 = LINE('',#9774,#9775);
#9774 = CARTESIAN_POINT('',(25.,-11.5,3.));
#9775 = VECTOR('',#9776,1.);
#9776 = DIRECTION('',(0.,1.,0.));
#9777 = PCURVE('',#8878,#9778);
#9778 = DEFINITIONAL_REPRESENTATION('',(#9779),#9783);
#9779 = LINE('',#9780,#9781);
#9780 = CARTESIAN_POINT('',(0.,0.));
#9781 = VECTOR('',#9782,1.);
#9782 = DIRECTION('',(0.,-1.));
#9783 = ( GEOMETRIC_REPRESENTATION_CONTEXT(2) 
PARAMETRIC_REPRESENTATION_CONTEXT() REPRESENTATION_CONTEXT('2D SPACE',''
  ) );
#9784 = PCURVE('',#9641,#9785);
#9785 = DEFINITIONAL_REPRESENTATION('',(#9786),#9790);
#9786 = LINE('',#9787,#9788);
#9787 = CARTESIAN_POINT('',(55.,5.5));
#9788 = VECTOR('',#9789,1.);
#9789 = DIRECTION('',(0.,1.));
#9790 = ( GEOMETRIC_REPRESENTATION_CONTEXT(2) 
PARAMETRIC_REPRESENTATION_CONTEXT() REPRESENTATION_CONTEXT('2D SPACE',''
  ) );
#9791 = ORIENTED_EDGE('',*,*,#9747,.T.);
#9792 = ADVANCED_FACE('',(#9793),#9013,.T.);
#9793 = FACE_BOUND('',#9794,.T.);
#9794 = EDGE_LOOP('',(#9795,#9796,#9797,#9798));
#9795 = ORIENTED_EDGE('',*,*,#9478,.F.);
#9796 = ORIENTED_EDGE('',*,*,#9550,.F.);
#9797 = ORIENTED_EDGE('',*,*,#9576,.T.);
#9798 = ORIENTED_EDGE('',*,*,#8998,.F.);
#9799 = ADVANCED_FACE('',(#9800),#9146,.T.);
#9800 = FACE_BOUND('',#9801,.T.);
#9801 = EDGE_LOOP('',(#9802,#9803,#9804,#9805));
#9802 = ORIENTED_EDGE('',*,*,#9186,.F.);
#9803 = ORIENTED_EDGE('',*,*,#9132,.F.);
#9804 = ORIENTED_EDGE('',*,*,#9341,.T.);
#9805 = ORIENTED_EDGE('',*,*,#9806,.T.);
#9806 = EDGE_CURVE('',#9342,#9187,#9807,.T.);
#9807 = SURFACE_CURVE('',#9808,(#9812,#9818),.PCURVE_S1.);
#9808 = LINE('',#9809,#9810);
#9809 = CARTESIAN_POINT('',(-20.,-10.,9.));
#9810 = VECTOR('',#9811,1.);
#9811 = DIRECTION('',(0.,1.,0.));
#9812 = PCURVE('',#9146,#9813);
#9813 = DEFINITIONAL_REPRESENTATION('',(#9814),#9817);
#9814 = B_SPLINE_CURVE_WITH_KNOTS('',1,(#9815,#9816),.UNSPECIFIED.,.F.,
  .F.,(2,2),(1.,19.),.PIECEWISE_BEZIER_KNOTS.);
#9815 = CARTESIAN_POINT('',(2.,0.));
#9816 = CARTESIAN_POINT('',(2.,18.));
#9817 = ( GEOMETRIC_REPRESENTATION_CONTEXT(2) 
PARAMETRIC_REPRESENTATION_CONTEXT() REPRESENTATION_CONTEXT('2D SPACE',''
  ) );
#9818 = PCURVE('',#9224,#9819);
#9819 = DEFINITIONAL_REPRESENTATION('',(#9820),#9823);
#9820 = B_SPLINE_CURVE_WITH_KNOTS('',1,(#9821,#9822),.UNSPECIFIED.,.F.,
  .F.,(2,2),(1.,19.),.PIECEWISE_BEZIER_KNOTS.);
#9821 = CARTESIAN_POINT('',(4.5,-2.));
#9822 = CARTESIAN_POINT('',(4.5,-20.));
#9823 = ( GEOMETRIC_REPRESENTATION_CONTEXT(2) 
PARAMETRIC_REPRESENTATION_CONTEXT() REPRESENTATION_CONTEXT('2D SPACE',''
  ) );
#9824 = ADVANCED_FACE('',(#9825),#9301,.T.);
#9825 = FACE_BOUND('',#9826,.T.);
#9826 = EDGE_LOOP('',(#9827,#9828,#9847,#9848));
#9827 = ORIENTED_EDGE('',*,*,#9287,.F.);
#9828 = ORIENTED_EDGE('',*,*,#9829,.F.);
#9829 = EDGE_CURVE('',#9407,#9262,#9830,.T.);
#9830 = SURFACE_CURVE('',#9831,(#9835,#9841),.PCURVE_S1.);
#9831 = LINE('',#9832,#9833);
#9832 = CARTESIAN_POINT('',(-18.,-10.,9.));
#9833 = VECTOR('',#9834,1.);
#9834 = DIRECTION('',(0.,1.,0.));
#9835 = PCURVE('',#9301,#9836);
#9836 = DEFINITIONAL_REPRESENTATION('',(#9837),#9840);
#9837 = B_SPLINE_CURVE_WITH_KNOTS('',1,(#9838,#9839),.UNSPECIFIED.,.F.,
  .F.,(2,2),(1.,19.),.PIECEWISE_BEZIER_KNOTS.);
#9838 = CARTESIAN_POINT('',(4.,0.));
#9839 = CARTESIAN_POINT('',(4.,18.));
#9840 = ( GEOMETRIC_REPRESENTATION_CONTEXT(2) 
PARAMETRIC_REPRESENTATION_CONTEXT() REPRESENTATION_CONTEXT('2D SPACE',''
  ) );
#9841 = PCURVE('',#9276,#9842);
#9842 = DEFINITIONAL_REPRESENTATION('',(#9843),#9846);
#9843 = B_SPLINE_CURVE_WITH_KNOTS('',1,(#9844,#9845),.UNSPECIFIED.,.F.,
  .F.,(2,2),(1.,19.),.PIECEWISE_BEZIER_KNOTS.);
#9844 = CARTESIAN_POINT('',(4.5,-2.));
#9845 = CARTESIAN_POINT('',(4.5,-20.));
#9846 = ( GEOMETRIC_REPRESENTATION_CONTEXT(2) 
PARAMETRIC_REPRESENTATION_CONTEXT() REPRESENTATION_CONTEXT('2D SPACE',''
  ) );
#9847 = ORIENTED_EDGE('',*,*,#9427,.T.);
#9848 = ORIENTED_EDGE('',*,*,#9454,.T.);
#9849 = ADVANCED_FACE('',(#9850),#9276,.F.);
#9850 = FACE_BOUND('',#9851,.F.);
#9851 = EDGE_LOOP('',(#9852,#9853,#9874,#9875));
#9852 = ORIENTED_EDGE('',*,*,#9406,.T.);
#9853 = ORIENTED_EDGE('',*,*,#9854,.T.);
#9854 = EDGE_CURVE('',#9386,#9236,#9855,.T.);
#9855 = SURFACE_CURVE('',#9856,(#9860,#9867),.PCURVE_S1.);
#9856 = LINE('',#9857,#9858);
#9857 = CARTESIAN_POINT('',(-18.,-11.,4.5));
#9858 = VECTOR('',#9859,1.);
#9859 = DIRECTION('',(0.,1.,0.));
#9860 = PCURVE('',#9276,#9861);
#9861 = DEFINITIONAL_REPRESENTATION('',(#9862),#9866);
#9862 = LINE('',#9863,#9864);
#9863 = CARTESIAN_POINT('',(0.,0.));
#9864 = VECTOR('',#9865,1.);
#9865 = DIRECTION('',(0.,-1.));
#9866 = ( GEOMETRIC_REPRESENTATION_CONTEXT(2) 
PARAMETRIC_REPRESENTATION_CONTEXT() REPRESENTATION_CONTEXT('2D SPACE',''
  ) );
#9867 = PCURVE('',#9250,#9868);
#9868 = DEFINITIONAL_REPRESENTATION('',(#9869),#9873);
#9869 = LINE('',#9870,#9871);
#9870 = CARTESIAN_POINT('',(2.,0.));
#9871 = VECTOR('',#9872,1.);
#9872 = DIRECTION('',(0.,1.));
#9873 = ( GEOMETRIC_REPRESENTATION_CONTEXT(2) 
PARAMETRIC_REPRESENTATION_CONTEXT() REPRESENTATION_CONTEXT('2D SPACE',''
  ) );
#9874 = ORIENTED_EDGE('',*,*,#9261,.F.);
#9875 = ORIENTED_EDGE('',*,*,#9829,.F.);
#9876 = ADVANCED_FACE('',(#9877),#9250,.T.);
#9877 = FACE_BOUND('',#9878,.T.);
#9878 = EDGE_LOOP('',(#9879,#9900,#9901,#9902));
#9879 = ORIENTED_EDGE('',*,*,#9880,.F.);
#9880 = EDGE_CURVE('',#9365,#9210,#9881,.T.);
#9881 = SURFACE_CURVE('',#9882,(#9886,#9893),.PCURVE_S1.);
#9882 = LINE('',#9883,#9884);
#9883 = CARTESIAN_POINT('',(-20.,-11.,4.5));
#9884 = VECTOR('',#9885,1.);
#9885 = DIRECTION('',(0.,1.,0.));
#9886 = PCURVE('',#9250,#9887);
#9887 = DEFINITIONAL_REPRESENTATION('',(#9888),#9892);
#9888 = LINE('',#9889,#9890);
#9889 = CARTESIAN_POINT('',(0.,0.));
#9890 = VECTOR('',#9891,1.);
#9891 = DIRECTION('',(0.,1.));
#9892 = ( GEOMETRIC_REPRESENTATION_CONTEXT(2) 
PARAMETRIC_REPRESENTATION_CONTEXT() REPRESENTATION_CONTEXT('2D SPACE',''
  ) );
#9893 = PCURVE('',#9224,#9894);
#9894 = DEFINITIONAL_REPRESENTATION('',(#9895),#9899);
#9895 = LINE('',#9896,#9897);
#9896 = CARTESIAN_POINT('',(0.,0.));
#9897 = VECTOR('',#9898,1.);
#9898 = DIRECTION('',(0.,-1.));
#9899 = ( GEOMETRIC_REPRESENTATION_CONTEXT(2) 
PARAMETRIC_REPRESENTATION_CONTEXT() REPRESENTATION_CONTEXT('2D SPACE',''
  ) );
#9900 = ORIENTED_EDGE('',*,*,#9385,.T.);
#9901 = ORIENTED_EDGE('',*,*,#9854,.T.);
#9902 = ORIENTED_EDGE('',*,*,#9235,.F.);
#9903 = ADVANCED_FACE('',(#9904),#9224,.T.);
#9904 = FACE_BOUND('',#9905,.T.);
#9905 = EDGE_LOOP('',(#9906,#9907,#9908,#9909));
#9906 = ORIENTED_EDGE('',*,*,#9364,.T.);
#9907 = ORIENTED_EDGE('',*,*,#9880,.T.);
#9908 = ORIENTED_EDGE('',*,*,#9209,.F.);
#9909 = ORIENTED_EDGE('',*,*,#9806,.F.);
#9910 = ADVANCED_FACE('',(#9911),#9641,.T.);
#9911 = FACE_BOUND('',#9912,.T.);
#9912 = EDGE_LOOP('',(#9913,#9914,#9915,#9916));
#9913 = ORIENTED_EDGE('',*,*,#9771,.T.);
#9914 = ORIENTED_EDGE('',*,*,#9722,.F.);
#9915 = ORIENTED_EDGE('',*,*,#9625,.F.);
#9916 = ORIENTED_EDGE('',*,*,#9675,.T.);
#9917 = ( GEOMETRIC_REPRESENTATION_CONTEXT(3) 
GLOBAL_UNCERTAINTY_ASSIGNED_CONTEXT((#9921)) 
GLOBAL_UNIT_ASSIGNED_CONTEXT((#9918,#9919,#9920)) REPRESENTATION_CONTEXT
('Context #1','3D Context with UNIT and UNCERTAINTY') );
#9918 = ( LENGTH_UNIT() NAMED_UNIT(*) SI_UNIT(.MILLI.,.METRE.) );
#9919 = ( NAMED_UNIT(*) PLANE_ANGLE_UNIT() SI_UNIT($,.RADIAN.) );
#9920 = ( NAMED_UNIT(*) SI_UNIT($,.STERADIAN.) SOLID_ANGLE_UNIT() );
#9921 = UNCERTAINTY_MEASURE_WITH_UNIT(LENGTH_MEASURE(1.E-07),#9918,
  'distance_accuracy_value','confusion accuracy');
#9922 = PRODUCT_RELATED_PRODUCT_CATEGORY('part',$,(#7));
ENDSEC;
END-ISO-10303-21;
