ISO-10303-21;
HEADER;
FILE_DESCRIPTION(('Open CASCADE Model'),'2;1');
FILE_NAME('Open CASCADE Shape Model','1970-01-01T00:00:00',('Author'),(
    'Open CASCADE'),'Open CASCADE STEP processor 7.9','Open CASCADE 7.9'
  ,'Unknown');
FILE_SCHEMA(('AUTOMOTIVE_DESIGN { 1 0 10303 214 1 1 1 1 }'));
ENDSEC;
DATA;
#1 = APPLICATION_PROTOCOL_DEFINITION('international standard',
  'automotive_design',2000,#2);
#2 = APPLICATION_CONTEXT(
  'core data for automotive mechanical design processes');
#3 = SHAPE_DEFINITION_REPRESENTATION(#4,#10);
#4 = PRODUCT_DEFINITION_SHAPE('','',#5);
#5 = PRODUCT_DEFINITION('design','',#6,#9);
#6 = PRODUCT_DEFINITION_FORMATION('','',#7);
#7 = PRODUCT('Open CASCADE STEP translator 7.9',
  'Open CASCADE STEP translator 7.9','',(#8));
#8 = PRODUCT_CONTEXT('',#2,'mechanical');
#9 = PRODUCT_DEFINITION_CONTEXT('part definition',#2,'design');
#10 = ADVANCED_BREP_SHAPE_REPRESENTATION('',(#11,#15),#6871);
#11 = AXIS2_PLACEMENT_3D('',#12,#13,#14);
#12 = CARTESIAN_POINT('',(0.,0.,0.));
#13 = DIRECTION('',(0.,0.,1.));
#14 = DIRECTION('',(1.,0.,-0.));
#15 = MANIFOLD_SOLID_BREP('',#16);
#16 = CLOSED_SHELL('',(#17,#137,#220,#452,#2551,#2601,#2659,#2708,#4414,
    #4461,#4508,#4555,#4581,#4630,#4680,#4730,#4757,#4807,#4854,#4881,
    #4908,#4915,#4942,#4969,#4976,#5023,#5050,#5077,#5084,#5131,#5158,
    #5185,#5192,#5242,#5289,#5316,#5343,#5350,#5397,#5424,#5451,#5458,
    #5505,#5532,#5559,#5566,#5593,#5620,#5627,#5654,#5681,#5688,#5735,
    #5762,#5789,#5796,#5843,#5870,#5897,#5904,#5951,#5978,#6005,#6012,
    #6062,#6109,#6136,#6163,#6170,#6217,#6244,#6271,#6278,#6325,#6352,
    #6379,#6386,#6433,#6460,#6487,#6494,#6541,#6568,#6595,#6602,#6652,
    #6678,#6704,#6730,#6756,#6763,#6790,#6817,#6844));
#17 = ADVANCED_FACE('',(#18),#32,.F.);
#18 = FACE_BOUND('',#19,.F.);
#19 = EDGE_LOOP('',(#20,#55,#83,#111));
#20 = ORIENTED_EDGE('',*,*,#21,.F.);
#21 = EDGE_CURVE('',#22,#24,#26,.T.);
#22 = VERTEX_POINT('',#23);
#23 = CARTESIAN_POINT('',(-70.5,-41.5,0.));
#24 = VERTEX_POINT('',#25);
#25 = CARTESIAN_POINT('',(-70.5,-41.5,1.5));
#26 = SURFACE_CURVE('',#27,(#31,#43),.PCURVE_S1.);
#27 = LINE('',#28,#29);
#28 = CARTESIAN_POINT('',(-70.5,-41.5,0.));
#29 = VECTOR('',#30,1.);
#30 = DIRECTION('',(0.,0.,1.));
#31 = PCURVE('',#32,#37);
#32 = PLANE('',#33);
#33 = AXIS2_PLACEMENT_3D('',#34,#35,#36);
#34 = CARTESIAN_POINT('',(-70.5,-44.5,0.));
#35 = DIRECTION('',(1.,0.,0.));
#36 = DIRECTION('',(0.,0.,1.));
#37 = DEFINITIONAL_REPRESENTATION('',(#38),#42);
#38 = LINE('',#39,#40);
#39 = CARTESIAN_POINT('',(0.,-3.));
#40 = VECTOR('',#41,1.);
#41 = DIRECTION('',(1.,0.));
#42 = ( GEOMETRIC_REPRESENTATION_CONTEXT(2) 
PARAMETRIC_REPRESENTATION_CONTEXT() REPRESENTATION_CONTEXT('2D SPACE',''
  ) );
#43 = PCURVE('',#44,#49);
#44 = CYLINDRICAL_SURFACE('',#45,3.);
#45 = AXIS2_PLACEMENT_3D('',#46,#47,#48);
#46 = CARTESIAN_POINT('',(-67.5,-41.5,0.));
#47 = DIRECTION('',(0.,0.,1.));
#48 = DIRECTION('',(-1.,-0.,0.));
#49 = DEFINITIONAL_REPRESENTATION('',(#50),#54);
#50 = LINE('',#51,#52);
#51 = CARTESIAN_POINT('',(0.,0.));
#52 = VECTOR('',#53,1.);
#53 = DIRECTION('',(0.,1.));
#54 = ( GEOMETRIC_REPRESENTATION_CONTEXT(2) 
PARAMETRIC_REPRESENTATION_CONTEXT() REPRESENTATION_CONTEXT('2D SPACE',''
  ) );
#55 = ORIENTED_EDGE('',*,*,#56,.T.);
#56 = EDGE_CURVE('',#22,#57,#59,.T.);
#57 = VERTEX_POINT('',#58);
#58 = CARTESIAN_POINT('',(-70.5,41.5,0.));
#59 = SURFACE_CURVE('',#60,(#64,#71),.PCURVE_S1.);
#60 = LINE('',#61,#62);
#61 = CARTESIAN_POINT('',(-70.5,-44.5,0.));
#62 = VECTOR('',#63,1.);
#63 = DIRECTION('',(0.,1.,0.));
#64 = PCURVE('',#32,#65);
#65 = DEFINITIONAL_REPRESENTATION('',(#66),#70);
#66 = LINE('',#67,#68);
#67 = CARTESIAN_POINT('',(0.,0.));
#68 = VECTOR('',#69,1.);
#69 = DIRECTION('',(0.,-1.));
#70 = ( GEOMETRIC_REPRESENTATION_CONTEXT(2) 
PARAMETRIC_REPRESENTATION_CONTEXT() REPRESENTATION_CONTEXT('2D SPACE',''
  ) );
#71 = PCURVE('',#72,#77);
#72 = PLANE('',#73);
#73 = AXIS2_PLACEMENT_3D('',#74,#75,#76);
#74 = CARTESIAN_POINT('',(-70.5,-44.5,0.));
#75 = DIRECTION('',(0.,0.,1.));
#76 = DIRECTION('',(1.,0.,0.));
#77 = DEFINITIONAL_REPRESENTATION('',(#78),#82);
#78 = LINE('',#79,#80);
#79 = CARTESIAN_POINT('',(0.,0.));
#80 = VECTOR('',#81,1.);
#81 = DIRECTION('',(0.,1.));
#82 = ( GEOMETRIC_REPRESENTATION_CONTEXT(2) 
PARAMETRIC_REPRESENTATION_CONTEXT() REPRESENTATION_CONTEXT('2D SPACE',''
  ) );
#83 = ORIENTED_EDGE('',*,*,#84,.T.);
#84 = EDGE_CURVE('',#57,#85,#87,.T.);
#85 = VERTEX_POINT('',#86);
#86 = CARTESIAN_POINT('',(-70.5,41.5,1.5));
#87 = SURFACE_CURVE('',#88,(#92,#99),.PCURVE_S1.);
#88 = LINE('',#89,#90);
#89 = CARTESIAN_POINT('',(-70.5,41.5,0.));
#90 = VECTOR('',#91,1.);
#91 = DIRECTION('',(0.,0.,1.));
#92 = PCURVE('',#32,#93);
#93 = DEFINITIONAL_REPRESENTATION('',(#94),#98);
#94 = LINE('',#95,#96);
#95 = CARTESIAN_POINT('',(0.,-86.));
#96 = VECTOR('',#97,1.);
#97 = DIRECTION('',(1.,0.));
#98 = ( GEOMETRIC_REPRESENTATION_CONTEXT(2) 
PARAMETRIC_REPRESENTATION_CONTEXT() REPRESENTATION_CONTEXT('2D SPACE',''
  ) );
#99 = PCURVE('',#100,#105);
#100 = CYLINDRICAL_SURFACE('',#101,3.);
#101 = AXIS2_PLACEMENT_3D('',#102,#103,#104);
#102 = CARTESIAN_POINT('',(-67.5,41.5,0.));
#103 = DIRECTION('',(0.,0.,1.));
#104 = DIRECTION('',(-1.,-0.,0.));
#105 = DEFINITIONAL_REPRESENTATION('',(#106),#110);
#106 = LINE('',#107,#108);
#107 = CARTESIAN_POINT('',(-0.,0.));
#108 = VECTOR('',#109,1.);
#109 = DIRECTION('',(-0.,1.));
#110 = ( GEOMETRIC_REPRESENTATION_CONTEXT(2) 
PARAMETRIC_REPRESENTATION_CONTEXT() REPRESENTATION_CONTEXT('2D SPACE',''
  ) );
#111 = ORIENTED_EDGE('',*,*,#112,.F.);
#112 = EDGE_CURVE('',#24,#85,#113,.T.);
#113 = SURFACE_CURVE('',#114,(#118,#125),.PCURVE_S1.);
#114 = LINE('',#115,#116);
#115 = CARTESIAN_POINT('',(-70.5,-41.5,1.5));
#116 = VECTOR('',#117,1.);
#117 = DIRECTION('',(0.,1.,0.));
#118 = PCURVE('',#32,#119);
#119 = DEFINITIONAL_REPRESENTATION('',(#120),#124);
#120 = LINE('',#121,#122);
#121 = CARTESIAN_POINT('',(1.5,-3.));
#122 = VECTOR('',#123,1.);
#123 = DIRECTION('',(0.,-1.));
#124 = ( GEOMETRIC_REPRESENTATION_CONTEXT(2) 
PARAMETRIC_REPRESENTATION_CONTEXT() REPRESENTATION_CONTEXT('2D SPACE',''
  ) );
#125 = PCURVE('',#126,#131);
#126 = CYLINDRICAL_SURFACE('',#127,1.5);
#127 = AXIS2_PLACEMENT_3D('',#128,#129,#130);
#128 = CARTESIAN_POINT('',(-69.,-41.5,1.5));
#129 = DIRECTION('',(0.,1.,0.));
#130 = DIRECTION('',(-1.,0.,0.));
#131 = DEFINITIONAL_REPRESENTATION('',(#132),#136);
#132 = LINE('',#133,#134);
#133 = CARTESIAN_POINT('',(0.,0.));
#134 = VECTOR('',#135,1.);
#135 = DIRECTION('',(0.,1.));
#136 = ( GEOMETRIC_REPRESENTATION_CONTEXT(2) 
PARAMETRIC_REPRESENTATION_CONTEXT() REPRESENTATION_CONTEXT('2D SPACE',''
  ) );
#137 = ADVANCED_FACE('',(#138),#44,.T.);
#138 = FACE_BOUND('',#139,.T.);
#139 = EDGE_LOOP('',(#140,#141,#165,#193));
#140 = ORIENTED_EDGE('',*,*,#21,.F.);
#141 = ORIENTED_EDGE('',*,*,#142,.T.);
#142 = EDGE_CURVE('',#22,#143,#145,.T.);
#143 = VERTEX_POINT('',#144);
#144 = CARTESIAN_POINT('',(-67.5,-44.5,0.));
#145 = SURFACE_CURVE('',#146,(#151,#158),.PCURVE_S1.);
#146 = CIRCLE('',#147,3.);
#147 = AXIS2_PLACEMENT_3D('',#148,#149,#150);
#148 = CARTESIAN_POINT('',(-67.5,-41.5,0.));
#149 = DIRECTION('',(0.,0.,1.));
#150 = DIRECTION('',(0.,-1.,0.));
#151 = PCURVE('',#44,#152);
#152 = DEFINITIONAL_REPRESENTATION('',(#153),#157);
#153 = LINE('',#154,#155);
#154 = CARTESIAN_POINT('',(-4.712388980385,0.));
#155 = VECTOR('',#156,1.);
#156 = DIRECTION('',(1.,0.));
#157 = ( GEOMETRIC_REPRESENTATION_CONTEXT(2) 
PARAMETRIC_REPRESENTATION_CONTEXT() REPRESENTATION_CONTEXT('2D SPACE',''
  ) );
#158 = PCURVE('',#72,#159);
#159 = DEFINITIONAL_REPRESENTATION('',(#160),#164);
#160 = CIRCLE('',#161,3.);
#161 = AXIS2_PLACEMENT_2D('',#162,#163);
#162 = CARTESIAN_POINT('',(3.,3.));
#163 = DIRECTION('',(0.,-1.));
#164 = ( GEOMETRIC_REPRESENTATION_CONTEXT(2) 
PARAMETRIC_REPRESENTATION_CONTEXT() REPRESENTATION_CONTEXT('2D SPACE',''
  ) );
#165 = ORIENTED_EDGE('',*,*,#166,.T.);
#166 = EDGE_CURVE('',#143,#167,#169,.T.);
#167 = VERTEX_POINT('',#168);
#168 = CARTESIAN_POINT('',(-67.5,-44.5,1.5));
#169 = SURFACE_CURVE('',#170,(#174,#181),.PCURVE_S1.);
#170 = LINE('',#171,#172);
#171 = CARTESIAN_POINT('',(-67.5,-44.5,0.));
#172 = VECTOR('',#173,1.);
#173 = DIRECTION('',(0.,0.,1.));
#174 = PCURVE('',#44,#175);
#175 = DEFINITIONAL_REPRESENTATION('',(#176),#180);
#176 = LINE('',#177,#178);
#177 = CARTESIAN_POINT('',(1.570796326795,0.));
#178 = VECTOR('',#179,1.);
#179 = DIRECTION('',(0.,1.));
#180 = ( GEOMETRIC_REPRESENTATION_CONTEXT(2) 
PARAMETRIC_REPRESENTATION_CONTEXT() REPRESENTATION_CONTEXT('2D SPACE',''
  ) );
#181 = PCURVE('',#182,#187);
#182 = PLANE('',#183);
#183 = AXIS2_PLACEMENT_3D('',#184,#185,#186);
#184 = CARTESIAN_POINT('',(-70.5,-44.5,0.));
#185 = DIRECTION('',(0.,1.,0.));
#186 = DIRECTION('',(0.,0.,1.));
#187 = DEFINITIONAL_REPRESENTATION('',(#188),#192);
#188 = LINE('',#189,#190);
#189 = CARTESIAN_POINT('',(0.,3.));
#190 = VECTOR('',#191,1.);
#191 = DIRECTION('',(1.,0.));
#192 = ( GEOMETRIC_REPRESENTATION_CONTEXT(2) 
PARAMETRIC_REPRESENTATION_CONTEXT() REPRESENTATION_CONTEXT('2D SPACE',''
  ) );
#193 = ORIENTED_EDGE('',*,*,#194,.T.);
#194 = EDGE_CURVE('',#167,#24,#195,.T.);
#195 = SURFACE_CURVE('',#196,(#201,#208),.PCURVE_S1.);
#196 = CIRCLE('',#197,3.);
#197 = AXIS2_PLACEMENT_3D('',#198,#199,#200);
#198 = CARTESIAN_POINT('',(-67.5,-41.5,1.5));
#199 = DIRECTION('',(-0.,-0.,-1.));
#200 = DIRECTION('',(0.,-1.,0.));
#201 = PCURVE('',#44,#202);
#202 = DEFINITIONAL_REPRESENTATION('',(#203),#207);
#203 = LINE('',#204,#205);
#204 = CARTESIAN_POINT('',(1.570796326795,1.5));
#205 = VECTOR('',#206,1.);
#206 = DIRECTION('',(-1.,-0.));
#207 = ( GEOMETRIC_REPRESENTATION_CONTEXT(2) 
PARAMETRIC_REPRESENTATION_CONTEXT() REPRESENTATION_CONTEXT('2D SPACE',''
  ) );
#208 = PCURVE('',#209,#214);
#209 = TOROIDAL_SURFACE('',#210,1.5,1.5);
#210 = AXIS2_PLACEMENT_3D('',#211,#212,#213);
#211 = CARTESIAN_POINT('',(-67.5,-41.5,1.5));
#212 = DIRECTION('',(0.,0.,1.));
#213 = DIRECTION('',(0.,-1.,0.));
#214 = DEFINITIONAL_REPRESENTATION('',(#215),#219);
#215 = LINE('',#216,#217);
#216 = CARTESIAN_POINT('',(-0.,0.));
#217 = VECTOR('',#218,1.);
#218 = DIRECTION('',(-1.,0.));
#219 = ( GEOMETRIC_REPRESENTATION_CONTEXT(2) 
PARAMETRIC_REPRESENTATION_CONTEXT() REPRESENTATION_CONTEXT('2D SPACE',''
  ) );
#220 = ADVANCED_FACE('',(#221),#126,.T.);
#221 = FACE_BOUND('',#222,.T.);
#222 = EDGE_LOOP('',(#223,#245,#273,#301,#324,#352,#375,#403,#426,#451)
  );
#223 = ORIENTED_EDGE('',*,*,#224,.T.);
#224 = EDGE_CURVE('',#24,#225,#227,.T.);
#225 = VERTEX_POINT('',#226);
#226 = CARTESIAN_POINT('',(-69.,-41.5,3.));
#227 = SURFACE_CURVE('',#228,(#233,#239),.PCURVE_S1.);
#228 = CIRCLE('',#229,1.5);
#229 = AXIS2_PLACEMENT_3D('',#230,#231,#232);
#230 = CARTESIAN_POINT('',(-69.,-41.5,1.5));
#231 = DIRECTION('',(0.,1.,0.));
#232 = DIRECTION('',(-1.,0.,0.));
#233 = PCURVE('',#126,#234);
#234 = DEFINITIONAL_REPRESENTATION('',(#235),#238);
#235 = B_SPLINE_CURVE_WITH_KNOTS('',1,(#236,#237),.UNSPECIFIED.,.F.,.F.,
  (2,2),(0.,1.570796326795),.PIECEWISE_BEZIER_KNOTS.);
#236 = CARTESIAN_POINT('',(0.,0.));
#237 = CARTESIAN_POINT('',(1.570796326795,0.));
#238 = ( GEOMETRIC_REPRESENTATION_CONTEXT(2) 
PARAMETRIC_REPRESENTATION_CONTEXT() REPRESENTATION_CONTEXT('2D SPACE',''
  ) );
#239 = PCURVE('',#209,#240);
#240 = DEFINITIONAL_REPRESENTATION('',(#241),#244);
#241 = B_SPLINE_CURVE_WITH_KNOTS('',1,(#242,#243),.UNSPECIFIED.,.F.,.F.,
  (2,2),(0.,1.570796326795),.PIECEWISE_BEZIER_KNOTS.);
#242 = CARTESIAN_POINT('',(-1.570796326795,0.));
#243 = CARTESIAN_POINT('',(-1.570796326795,1.570796326795));
#244 = ( GEOMETRIC_REPRESENTATION_CONTEXT(2) 
PARAMETRIC_REPRESENTATION_CONTEXT() REPRESENTATION_CONTEXT('2D SPACE',''
  ) );
#245 = ORIENTED_EDGE('',*,*,#246,.T.);
#246 = EDGE_CURVE('',#225,#247,#249,.T.);
#247 = VERTEX_POINT('',#248);
#248 = CARTESIAN_POINT('',(-69.,-9.5,3.));
#249 = SURFACE_CURVE('',#250,(#254,#261),.PCURVE_S1.);
#250 = LINE('',#251,#252);
#251 = CARTESIAN_POINT('',(-69.,-41.5,3.));
#252 = VECTOR('',#253,1.);
#253 = DIRECTION('',(0.,1.,0.));
#254 = PCURVE('',#126,#255);
#255 = DEFINITIONAL_REPRESENTATION('',(#256),#260);
#256 = LINE('',#257,#258);
#257 = CARTESIAN_POINT('',(1.570796326795,0.));
#258 = VECTOR('',#259,1.);
#259 = DIRECTION('',(0.,1.));
#260 = ( GEOMETRIC_REPRESENTATION_CONTEXT(2) 
PARAMETRIC_REPRESENTATION_CONTEXT() REPRESENTATION_CONTEXT('2D SPACE',''
  ) );
#261 = PCURVE('',#262,#267);
#262 = PLANE('',#263);
#263 = AXIS2_PLACEMENT_3D('',#264,#265,#266);
#264 = CARTESIAN_POINT('',(-70.5,-44.5,3.));
#265 = DIRECTION('',(0.,0.,1.));
#266 = DIRECTION('',(1.,0.,0.));
#267 = DEFINITIONAL_REPRESENTATION('',(#268),#272);
#268 = LINE('',#269,#270);
#269 = CARTESIAN_POINT('',(1.5,3.));
#270 = VECTOR('',#271,1.);
#271 = DIRECTION('',(0.,1.));
#272 = ( GEOMETRIC_REPRESENTATION_CONTEXT(2) 
PARAMETRIC_REPRESENTATION_CONTEXT() REPRESENTATION_CONTEXT('2D SPACE',''
  ) );
#273 = ORIENTED_EDGE('',*,*,#274,.T.);
#274 = EDGE_CURVE('',#247,#275,#277,.T.);
#275 = VERTEX_POINT('',#276);
#276 = CARTESIAN_POINT('',(-69.,-6.5,3.));
#277 = SURFACE_CURVE('',#278,(#282,#289),.PCURVE_S1.);
#278 = LINE('',#279,#280);
#279 = CARTESIAN_POINT('',(-69.,-41.5,3.));
#280 = VECTOR('',#281,1.);
#281 = DIRECTION('',(0.,1.,0.));
#282 = PCURVE('',#126,#283);
#283 = DEFINITIONAL_REPRESENTATION('',(#284),#288);
#284 = LINE('',#285,#286);
#285 = CARTESIAN_POINT('',(1.570796326795,0.));
#286 = VECTOR('',#287,1.);
#287 = DIRECTION('',(0.,1.));
#288 = ( GEOMETRIC_REPRESENTATION_CONTEXT(2) 
PARAMETRIC_REPRESENTATION_CONTEXT() REPRESENTATION_CONTEXT('2D SPACE',''
  ) );
#289 = PCURVE('',#290,#295);
#290 = PLANE('',#291);
#291 = AXIS2_PLACEMENT_3D('',#292,#293,#294);
#292 = CARTESIAN_POINT('',(-69.,-9.5,-1.));
#293 = DIRECTION('',(1.,0.,0.));
#294 = DIRECTION('',(0.,0.,1.));
#295 = DEFINITIONAL_REPRESENTATION('',(#296),#300);
#296 = LINE('',#297,#298);
#297 = CARTESIAN_POINT('',(4.,32.));
#298 = VECTOR('',#299,1.);
#299 = DIRECTION('',(0.,-1.));
#300 = ( GEOMETRIC_REPRESENTATION_CONTEXT(2) 
PARAMETRIC_REPRESENTATION_CONTEXT() REPRESENTATION_CONTEXT('2D SPACE',''
  ) );
#301 = ORIENTED_EDGE('',*,*,#302,.T.);
#302 = EDGE_CURVE('',#275,#303,#305,.T.);
#303 = VERTEX_POINT('',#304);
#304 = CARTESIAN_POINT('',(-69.,-1.5,3.));
#305 = SURFACE_CURVE('',#306,(#310,#317),.PCURVE_S1.);
#306 = LINE('',#307,#308);
#307 = CARTESIAN_POINT('',(-69.,-41.5,3.));
#308 = VECTOR('',#309,1.);
#309 = DIRECTION('',(0.,1.,0.));
#310 = PCURVE('',#126,#311);
#311 = DEFINITIONAL_REPRESENTATION('',(#312),#316);
#312 = LINE('',#313,#314);
#313 = CARTESIAN_POINT('',(1.570796326795,0.));
#314 = VECTOR('',#315,1.);
#315 = DIRECTION('',(0.,1.));
#316 = ( GEOMETRIC_REPRESENTATION_CONTEXT(2) 
PARAMETRIC_REPRESENTATION_CONTEXT() REPRESENTATION_CONTEXT('2D SPACE',''
  ) );
#317 = PCURVE('',#262,#318);
#318 = DEFINITIONAL_REPRESENTATION('',(#319),#323);
#319 = LINE('',#320,#321);
#320 = CARTESIAN_POINT('',(1.5,3.));
#321 = VECTOR('',#322,1.);
#322 = DIRECTION('',(0.,1.));
#323 = ( GEOMETRIC_REPRESENTATION_CONTEXT(2) 
PARAMETRIC_REPRESENTATION_CONTEXT() REPRESENTATION_CONTEXT('2D SPACE',''
  ) );
#324 = ORIENTED_EDGE('',*,*,#325,.T.);
#325 = EDGE_CURVE('',#303,#326,#328,.T.);
#326 = VERTEX_POINT('',#327);
#327 = CARTESIAN_POINT('',(-69.,1.5,3.));
#328 = SURFACE_CURVE('',#329,(#333,#340),.PCURVE_S1.);
#329 = LINE('',#330,#331);
#330 = CARTESIAN_POINT('',(-69.,-41.5,3.));
#331 = VECTOR('',#332,1.);
#332 = DIRECTION('',(0.,1.,0.));
#333 = PCURVE('',#126,#334);
#334 = DEFINITIONAL_REPRESENTATION('',(#335),#339);
#335 = LINE('',#336,#337);
#336 = CARTESIAN_POINT('',(1.570796326795,0.));
#337 = VECTOR('',#338,1.);
#338 = DIRECTION('',(0.,1.));
#339 = ( GEOMETRIC_REPRESENTATION_CONTEXT(2) 
PARAMETRIC_REPRESENTATION_CONTEXT() REPRESENTATION_CONTEXT('2D SPACE',''
  ) );
#340 = PCURVE('',#341,#346);
#341 = PLANE('',#342);
#342 = AXIS2_PLACEMENT_3D('',#343,#344,#345);
#343 = CARTESIAN_POINT('',(-69.,-1.5,-1.));
#344 = DIRECTION('',(1.,0.,0.));
#345 = DIRECTION('',(0.,0.,1.));
#346 = DEFINITIONAL_REPRESENTATION('',(#347),#351);
#347 = LINE('',#348,#349);
#348 = CARTESIAN_POINT('',(4.,40.));
#349 = VECTOR('',#350,1.);
#350 = DIRECTION('',(0.,-1.));
#351 = ( GEOMETRIC_REPRESENTATION_CONTEXT(2) 
PARAMETRIC_REPRESENTATION_CONTEXT() REPRESENTATION_CONTEXT('2D SPACE',''
  ) );
#352 = ORIENTED_EDGE('',*,*,#353,.T.);
#353 = EDGE_CURVE('',#326,#354,#356,.T.);
#354 = VERTEX_POINT('',#355);
#355 = CARTESIAN_POINT('',(-69.,6.5,3.));
#356 = SURFACE_CURVE('',#357,(#361,#368),.PCURVE_S1.);
#357 = LINE('',#358,#359);
#358 = CARTESIAN_POINT('',(-69.,-41.5,3.));
#359 = VECTOR('',#360,1.);
#360 = DIRECTION('',(0.,1.,0.));
#361 = PCURVE('',#126,#362);
#362 = DEFINITIONAL_REPRESENTATION('',(#363),#367);
#363 = LINE('',#364,#365);
#364 = CARTESIAN_POINT('',(1.570796326795,0.));
#365 = VECTOR('',#366,1.);
#366 = DIRECTION('',(0.,1.));
#367 = ( GEOMETRIC_REPRESENTATION_CONTEXT(2) 
PARAMETRIC_REPRESENTATION_CONTEXT() REPRESENTATION_CONTEXT('2D SPACE',''
  ) );
#368 = PCURVE('',#262,#369);
#369 = DEFINITIONAL_REPRESENTATION('',(#370),#374);
#370 = LINE('',#371,#372);
#371 = CARTESIAN_POINT('',(1.5,3.));
#372 = VECTOR('',#373,1.);
#373 = DIRECTION('',(0.,1.));
#374 = ( GEOMETRIC_REPRESENTATION_CONTEXT(2) 
PARAMETRIC_REPRESENTATION_CONTEXT() REPRESENTATION_CONTEXT('2D SPACE',''
  ) );
#375 = ORIENTED_EDGE('',*,*,#376,.T.);
#376 = EDGE_CURVE('',#354,#377,#379,.T.);
#377 = VERTEX_POINT('',#378);
#378 = CARTESIAN_POINT('',(-69.,9.5,3.));
#379 = SURFACE_CURVE('',#380,(#384,#391),.PCURVE_S1.);
#380 = LINE('',#381,#382);
#381 = CARTESIAN_POINT('',(-69.,-41.5,3.));
#382 = VECTOR('',#383,1.);
#383 = DIRECTION('',(0.,1.,0.));
#384 = PCURVE('',#126,#385);
#385 = DEFINITIONAL_REPRESENTATION('',(#386),#390);
#386 = LINE('',#387,#388);
#387 = CARTESIAN_POINT('',(1.570796326795,0.));
#388 = VECTOR('',#389,1.);
#389 = DIRECTION('',(0.,1.));
#390 = ( GEOMETRIC_REPRESENTATION_CONTEXT(2) 
PARAMETRIC_REPRESENTATION_CONTEXT() REPRESENTATION_CONTEXT('2D SPACE',''
  ) );
#391 = PCURVE('',#392,#397);
#392 = PLANE('',#393);
#393 = AXIS2_PLACEMENT_3D('',#394,#395,#396);
#394 = CARTESIAN_POINT('',(-69.,6.5,-1.));
#395 = DIRECTION('',(1.,0.,0.));
#396 = DIRECTION('',(0.,0.,1.));
#397 = DEFINITIONAL_REPRESENTATION('',(#398),#402);
#398 = LINE('',#399,#400);
#399 = CARTESIAN_POINT('',(4.,48.));
#400 = VECTOR('',#401,1.);
#401 = DIRECTION('',(0.,-1.));
#402 = ( GEOMETRIC_REPRESENTATION_CONTEXT(2) 
PARAMETRIC_REPRESENTATION_CONTEXT() REPRESENTATION_CONTEXT('2D SPACE',''
  ) );
#403 = ORIENTED_EDGE('',*,*,#404,.T.);
#404 = EDGE_CURVE('',#377,#405,#407,.T.);
#405 = VERTEX_POINT('',#406);
#406 = CARTESIAN_POINT('',(-69.,41.5,3.));
#407 = SURFACE_CURVE('',#408,(#412,#419),.PCURVE_S1.);
#408 = LINE('',#409,#410);
#409 = CARTESIAN_POINT('',(-69.,-41.5,3.));
#410 = VECTOR('',#411,1.);
#411 = DIRECTION('',(0.,1.,0.));
#412 = PCURVE('',#126,#413);
#413 = DEFINITIONAL_REPRESENTATION('',(#414),#418);
#414 = LINE('',#415,#416);
#415 = CARTESIAN_POINT('',(1.570796326795,0.));
#416 = VECTOR('',#417,1.);
#417 = DIRECTION('',(0.,1.));
#418 = ( GEOMETRIC_REPRESENTATION_CONTEXT(2) 
PARAMETRIC_REPRESENTATION_CONTEXT() REPRESENTATION_CONTEXT('2D SPACE',''
  ) );
#419 = PCURVE('',#262,#420);
#420 = DEFINITIONAL_REPRESENTATION('',(#421),#425);
#421 = LINE('',#422,#423);
#422 = CARTESIAN_POINT('',(1.5,3.));
#423 = VECTOR('',#424,1.);
#424 = DIRECTION('',(0.,1.));
#425 = ( GEOMETRIC_REPRESENTATION_CONTEXT(2) 
PARAMETRIC_REPRESENTATION_CONTEXT() REPRESENTATION_CONTEXT('2D SPACE',''
  ) );
#426 = ORIENTED_EDGE('',*,*,#427,.F.);
#427 = EDGE_CURVE('',#85,#405,#428,.T.);
#428 = SURFACE_CURVE('',#429,(#434,#440),.PCURVE_S1.);
#429 = CIRCLE('',#430,1.5);
#430 = AXIS2_PLACEMENT_3D('',#431,#432,#433);
#431 = CARTESIAN_POINT('',(-69.,41.5,1.5));
#432 = DIRECTION('',(0.,1.,0.));
#433 = DIRECTION('',(-1.,0.,0.));
#434 = PCURVE('',#126,#435);
#435 = DEFINITIONAL_REPRESENTATION('',(#436),#439);
#436 = B_SPLINE_CURVE_WITH_KNOTS('',1,(#437,#438),.UNSPECIFIED.,.F.,.F.,
  (2,2),(0.,1.570796326795),.PIECEWISE_BEZIER_KNOTS.);
#437 = CARTESIAN_POINT('',(0.,83.));
#438 = CARTESIAN_POINT('',(1.570796326795,83.));
#439 = ( GEOMETRIC_REPRESENTATION_CONTEXT(2) 
PARAMETRIC_REPRESENTATION_CONTEXT() REPRESENTATION_CONTEXT('2D SPACE',''
  ) );
#440 = PCURVE('',#441,#446);
#441 = TOROIDAL_SURFACE('',#442,1.5,1.5);
#442 = AXIS2_PLACEMENT_3D('',#443,#444,#445);
#443 = CARTESIAN_POINT('',(-67.5,41.5,1.5));
#444 = DIRECTION('',(0.,0.,1.));
#445 = DIRECTION('',(-1.,0.,0.));
#446 = DEFINITIONAL_REPRESENTATION('',(#447),#450);
#447 = B_SPLINE_CURVE_WITH_KNOTS('',1,(#448,#449),.UNSPECIFIED.,.F.,.F.,
  (2,2),(0.,1.570796326795),.PIECEWISE_BEZIER_KNOTS.);
#448 = CARTESIAN_POINT('',(0.,0.));
#449 = CARTESIAN_POINT('',(0.,1.570796326795));
#450 = ( GEOMETRIC_REPRESENTATION_CONTEXT(2) 
PARAMETRIC_REPRESENTATION_CONTEXT() REPRESENTATION_CONTEXT('2D SPACE',''
  ) );
#451 = ORIENTED_EDGE('',*,*,#112,.F.);
#452 = ADVANCED_FACE('',(#453,#624,#659,#765,#866,#972,#1078,#1113,#1219
    ,#1325,#1431,#1532,#1633,#1739,#1845,#1951,#1986,#2092,#2198,#2304,
    #2410,#2516),#72,.F.);
#453 = FACE_BOUND('',#454,.F.);
#454 = EDGE_LOOP('',(#455,#456,#457,#480,#513,#541,#570,#598));
#455 = ORIENTED_EDGE('',*,*,#56,.F.);
#456 = ORIENTED_EDGE('',*,*,#142,.T.);
#457 = ORIENTED_EDGE('',*,*,#458,.T.);
#458 = EDGE_CURVE('',#143,#459,#461,.T.);
#459 = VERTEX_POINT('',#460);
#460 = CARTESIAN_POINT('',(67.5,-44.5,0.));
#461 = SURFACE_CURVE('',#462,(#466,#473),.PCURVE_S1.);
#462 = LINE('',#463,#464);
#463 = CARTESIAN_POINT('',(-70.5,-44.5,0.));
#464 = VECTOR('',#465,1.);
#465 = DIRECTION('',(1.,0.,0.));
#466 = PCURVE('',#72,#467);
#467 = DEFINITIONAL_REPRESENTATION('',(#468),#472);
#468 = LINE('',#469,#470);
#469 = CARTESIAN_POINT('',(0.,0.));
#470 = VECTOR('',#471,1.);
#471 = DIRECTION('',(1.,0.));
#472 = ( GEOMETRIC_REPRESENTATION_CONTEXT(2) 
PARAMETRIC_REPRESENTATION_CONTEXT() REPRESENTATION_CONTEXT('2D SPACE',''
  ) );
#473 = PCURVE('',#182,#474);
#474 = DEFINITIONAL_REPRESENTATION('',(#475),#479);
#475 = LINE('',#476,#477);
#476 = CARTESIAN_POINT('',(0.,0.));
#477 = VECTOR('',#478,1.);
#478 = DIRECTION('',(0.,1.));
#479 = ( GEOMETRIC_REPRESENTATION_CONTEXT(2) 
PARAMETRIC_REPRESENTATION_CONTEXT() REPRESENTATION_CONTEXT('2D SPACE',''
  ) );
#480 = ORIENTED_EDGE('',*,*,#481,.F.);
#481 = EDGE_CURVE('',#482,#459,#484,.T.);
#482 = VERTEX_POINT('',#483);
#483 = CARTESIAN_POINT('',(70.5,-41.5,0.));
#484 = SURFACE_CURVE('',#485,(#490,#501),.PCURVE_S1.);
#485 = CIRCLE('',#486,3.);
#486 = AXIS2_PLACEMENT_3D('',#487,#488,#489);
#487 = CARTESIAN_POINT('',(67.5,-41.5,0.));
#488 = DIRECTION('',(-0.,-0.,-1.));
#489 = DIRECTION('',(0.,-1.,0.));
#490 = PCURVE('',#72,#491);
#491 = DEFINITIONAL_REPRESENTATION('',(#492),#500);
#492 = ( BOUNDED_CURVE() B_SPLINE_CURVE(2,(#493,#494,#495,#496,#497,#498
,#499),.UNSPECIFIED.,.T.,.F.) B_SPLINE_CURVE_WITH_KNOTS((1,2,2,2,2,1),(
    -2.094395102393,0.,2.094395102393,4.188790204786,6.28318530718,
8.377580409573),.UNSPECIFIED.) CURVE() GEOMETRIC_REPRESENTATION_ITEM() 
RATIONAL_B_SPLINE_CURVE((1.,0.5,1.,0.5,1.,0.5,1.)) REPRESENTATION_ITEM(
  '') );
#493 = CARTESIAN_POINT('',(138.,0.));
#494 = CARTESIAN_POINT('',(132.80384757729,0.));
#495 = CARTESIAN_POINT('',(135.40192378864,4.5));
#496 = CARTESIAN_POINT('',(138.,9.));
#497 = CARTESIAN_POINT('',(140.59807621135,4.5));
#498 = CARTESIAN_POINT('',(143.1961524227,4.440892098501E-15));
#499 = CARTESIAN_POINT('',(138.,0.));
#500 = ( GEOMETRIC_REPRESENTATION_CONTEXT(2) 
PARAMETRIC_REPRESENTATION_CONTEXT() REPRESENTATION_CONTEXT('2D SPACE',''
  ) );
#501 = PCURVE('',#502,#507);
#502 = CYLINDRICAL_SURFACE('',#503,3.);
#503 = AXIS2_PLACEMENT_3D('',#504,#505,#506);
#504 = CARTESIAN_POINT('',(67.5,-41.5,0.));
#505 = DIRECTION('',(0.,0.,1.));
#506 = DIRECTION('',(1.,0.,-0.));
#507 = DEFINITIONAL_REPRESENTATION('',(#508),#512);
#508 = LINE('',#509,#510);
#509 = CARTESIAN_POINT('',(4.712388980385,-0.));
#510 = VECTOR('',#511,1.);
#511 = DIRECTION('',(-1.,0.));
#512 = ( GEOMETRIC_REPRESENTATION_CONTEXT(2) 
PARAMETRIC_REPRESENTATION_CONTEXT() REPRESENTATION_CONTEXT('2D SPACE',''
  ) );
#513 = ORIENTED_EDGE('',*,*,#514,.T.);
#514 = EDGE_CURVE('',#482,#515,#517,.T.);
#515 = VERTEX_POINT('',#516);
#516 = CARTESIAN_POINT('',(70.5,41.5,0.));
#517 = SURFACE_CURVE('',#518,(#522,#529),.PCURVE_S1.);
#518 = LINE('',#519,#520);
#519 = CARTESIAN_POINT('',(70.5,-44.5,0.));
#520 = VECTOR('',#521,1.);
#521 = DIRECTION('',(0.,1.,0.));
#522 = PCURVE('',#72,#523);
#523 = DEFINITIONAL_REPRESENTATION('',(#524),#528);
#524 = LINE('',#525,#526);
#525 = CARTESIAN_POINT('',(141.,0.));
#526 = VECTOR('',#527,1.);
#527 = DIRECTION('',(0.,1.));
#528 = ( GEOMETRIC_REPRESENTATION_CONTEXT(2) 
PARAMETRIC_REPRESENTATION_CONTEXT() REPRESENTATION_CONTEXT('2D SPACE',''
  ) );
#529 = PCURVE('',#530,#535);
#530 = PLANE('',#531);
#531 = AXIS2_PLACEMENT_3D('',#532,#533,#534);
#532 = CARTESIAN_POINT('',(70.5,-44.5,0.));
#533 = DIRECTION('',(1.,0.,0.));
#534 = DIRECTION('',(0.,0.,1.));
#535 = DEFINITIONAL_REPRESENTATION('',(#536),#540);
#536 = LINE('',#537,#538);
#537 = CARTESIAN_POINT('',(0.,0.));
#538 = VECTOR('',#539,1.);
#539 = DIRECTION('',(0.,-1.));
#540 = ( GEOMETRIC_REPRESENTATION_CONTEXT(2) 
PARAMETRIC_REPRESENTATION_CONTEXT() REPRESENTATION_CONTEXT('2D SPACE',''
  ) );
#541 = ORIENTED_EDGE('',*,*,#542,.T.);
#542 = EDGE_CURVE('',#515,#543,#545,.T.);
#543 = VERTEX_POINT('',#544);
#544 = CARTESIAN_POINT('',(67.5,44.5,0.));
#545 = SURFACE_CURVE('',#546,(#551,#558),.PCURVE_S1.);
#546 = CIRCLE('',#547,3.);
#547 = AXIS2_PLACEMENT_3D('',#548,#549,#550);
#548 = CARTESIAN_POINT('',(67.5,41.5,0.));
#549 = DIRECTION('',(0.,0.,1.));
#550 = DIRECTION('',(0.,-1.,0.));
#551 = PCURVE('',#72,#552);
#552 = DEFINITIONAL_REPRESENTATION('',(#553),#557);
#553 = CIRCLE('',#554,3.);
#554 = AXIS2_PLACEMENT_2D('',#555,#556);
#555 = CARTESIAN_POINT('',(138.,86.));
#556 = DIRECTION('',(0.,-1.));
#557 = ( GEOMETRIC_REPRESENTATION_CONTEXT(2) 
PARAMETRIC_REPRESENTATION_CONTEXT() REPRESENTATION_CONTEXT('2D SPACE',''
  ) );
#558 = PCURVE('',#559,#564);
#559 = CYLINDRICAL_SURFACE('',#560,3.);
#560 = AXIS2_PLACEMENT_3D('',#561,#562,#563);
#561 = CARTESIAN_POINT('',(67.5,41.5,0.));
#562 = DIRECTION('',(0.,0.,1.));
#563 = DIRECTION('',(1.,0.,-0.));
#564 = DEFINITIONAL_REPRESENTATION('',(#565),#569);
#565 = LINE('',#566,#567);
#566 = CARTESIAN_POINT('',(-1.570796326795,0.));
#567 = VECTOR('',#568,1.);
#568 = DIRECTION('',(1.,0.));
#569 = ( GEOMETRIC_REPRESENTATION_CONTEXT(2) 
PARAMETRIC_REPRESENTATION_CONTEXT() REPRESENTATION_CONTEXT('2D SPACE',''
  ) );
#570 = ORIENTED_EDGE('',*,*,#571,.F.);
#571 = EDGE_CURVE('',#572,#543,#574,.T.);
#572 = VERTEX_POINT('',#573);
#573 = CARTESIAN_POINT('',(-67.5,44.5,0.));
#574 = SURFACE_CURVE('',#575,(#579,#586),.PCURVE_S1.);
#575 = LINE('',#576,#577);
#576 = CARTESIAN_POINT('',(-70.5,44.5,0.));
#577 = VECTOR('',#578,1.);
#578 = DIRECTION('',(1.,0.,0.));
#579 = PCURVE('',#72,#580);
#580 = DEFINITIONAL_REPRESENTATION('',(#581),#585);
#581 = LINE('',#582,#583);
#582 = CARTESIAN_POINT('',(0.,89.));
#583 = VECTOR('',#584,1.);
#584 = DIRECTION('',(1.,0.));
#585 = ( GEOMETRIC_REPRESENTATION_CONTEXT(2) 
PARAMETRIC_REPRESENTATION_CONTEXT() REPRESENTATION_CONTEXT('2D SPACE',''
  ) );
#586 = PCURVE('',#587,#592);
#587 = PLANE('',#588);
#588 = AXIS2_PLACEMENT_3D('',#589,#590,#591);
#589 = CARTESIAN_POINT('',(-70.5,44.5,0.));
#590 = DIRECTION('',(0.,1.,0.));
#591 = DIRECTION('',(0.,0.,1.));
#592 = DEFINITIONAL_REPRESENTATION('',(#593),#597);
#593 = LINE('',#594,#595);
#594 = CARTESIAN_POINT('',(0.,0.));
#595 = VECTOR('',#596,1.);
#596 = DIRECTION('',(0.,1.));
#597 = ( GEOMETRIC_REPRESENTATION_CONTEXT(2) 
PARAMETRIC_REPRESENTATION_CONTEXT() REPRESENTATION_CONTEXT('2D SPACE',''
  ) );
#598 = ORIENTED_EDGE('',*,*,#599,.F.);
#599 = EDGE_CURVE('',#57,#572,#600,.T.);
#600 = SURFACE_CURVE('',#601,(#606,#617),.PCURVE_S1.);
#601 = CIRCLE('',#602,3.);
#602 = AXIS2_PLACEMENT_3D('',#603,#604,#605);
#603 = CARTESIAN_POINT('',(-67.5,41.5,0.));
#604 = DIRECTION('',(-0.,-0.,-1.));
#605 = DIRECTION('',(0.,-1.,0.));
#606 = PCURVE('',#72,#607);
#607 = DEFINITIONAL_REPRESENTATION('',(#608),#616);
#608 = ( BOUNDED_CURVE() B_SPLINE_CURVE(2,(#609,#610,#611,#612,#613,#614
,#615),.UNSPECIFIED.,.T.,.F.) B_SPLINE_CURVE_WITH_KNOTS((1,2,2,2,2,1),(
    -2.094395102393,0.,2.094395102393,4.188790204786,6.28318530718,
8.377580409573),.UNSPECIFIED.) CURVE() GEOMETRIC_REPRESENTATION_ITEM() 
RATIONAL_B_SPLINE_CURVE((1.,0.5,1.,0.5,1.,0.5,1.)) REPRESENTATION_ITEM(
  '') );
#609 = CARTESIAN_POINT('',(3.,83.));
#610 = CARTESIAN_POINT('',(-2.196152422707,83.));
#611 = CARTESIAN_POINT('',(0.401923788647,87.5));
#612 = CARTESIAN_POINT('',(3.,92.));
#613 = CARTESIAN_POINT('',(5.598076211353,87.5));
#614 = CARTESIAN_POINT('',(8.196152422707,83.));
#615 = CARTESIAN_POINT('',(3.,83.));
#616 = ( GEOMETRIC_REPRESENTATION_CONTEXT(2) 
PARAMETRIC_REPRESENTATION_CONTEXT() REPRESENTATION_CONTEXT('2D SPACE',''
  ) );
#617 = PCURVE('',#100,#618);
#618 = DEFINITIONAL_REPRESENTATION('',(#619),#623);
#619 = LINE('',#620,#621);
#620 = CARTESIAN_POINT('',(1.570796326795,-0.));
#621 = VECTOR('',#622,1.);
#622 = DIRECTION('',(-1.,0.));
#623 = ( GEOMETRIC_REPRESENTATION_CONTEXT(2) 
PARAMETRIC_REPRESENTATION_CONTEXT() REPRESENTATION_CONTEXT('2D SPACE',''
  ) );
#624 = FACE_BOUND('',#625,.F.);
#625 = EDGE_LOOP('',(#626));
#626 = ORIENTED_EDGE('',*,*,#627,.T.);
#627 = EDGE_CURVE('',#628,#628,#630,.T.);
#628 = VERTEX_POINT('',#629);
#629 = CARTESIAN_POINT('',(-65.45,-38.,0.));
#630 = SURFACE_CURVE('',#631,(#636,#647),.PCURVE_S1.);
#631 = CIRCLE('',#632,1.45);
#632 = AXIS2_PLACEMENT_3D('',#633,#634,#635);
#633 = CARTESIAN_POINT('',(-64.,-38.,0.));
#634 = DIRECTION('',(0.,0.,-1.));
#635 = DIRECTION('',(-1.,0.,0.));
#636 = PCURVE('',#72,#637);
#637 = DEFINITIONAL_REPRESENTATION('',(#638),#646);
#638 = ( BOUNDED_CURVE() B_SPLINE_CURVE(2,(#639,#640,#641,#642,#643,#644
,#645),.UNSPECIFIED.,.T.,.F.) B_SPLINE_CURVE_WITH_KNOTS((1,2,2,2,2,1),(
    -2.094395102393,0.,2.094395102393,4.188790204786,6.28318530718,
8.377580409573),.UNSPECIFIED.) CURVE() GEOMETRIC_REPRESENTATION_ITEM() 
RATIONAL_B_SPLINE_CURVE((1.,0.5,1.,0.5,1.,0.5,1.)) REPRESENTATION_ITEM(
  '') );
#639 = CARTESIAN_POINT('',(5.05,6.5));
#640 = CARTESIAN_POINT('',(5.05,9.011473670975));
#641 = CARTESIAN_POINT('',(7.225,7.755736835487));
#642 = CARTESIAN_POINT('',(9.4,6.5));
#643 = CARTESIAN_POINT('',(7.225,5.244263164513));
#644 = CARTESIAN_POINT('',(5.05,3.988526329025));
#645 = CARTESIAN_POINT('',(5.05,6.5));
#646 = ( GEOMETRIC_REPRESENTATION_CONTEXT(2) 
PARAMETRIC_REPRESENTATION_CONTEXT() REPRESENTATION_CONTEXT('2D SPACE',''
  ) );
#647 = PCURVE('',#648,#653);
#648 = CYLINDRICAL_SURFACE('',#649,1.45);
#649 = AXIS2_PLACEMENT_3D('',#650,#651,#652);
#650 = CARTESIAN_POINT('',(-64.,-38.,3.));
#651 = DIRECTION('',(0.,0.,-1.));
#652 = DIRECTION('',(-1.,0.,0.));
#653 = DEFINITIONAL_REPRESENTATION('',(#654),#658);
#654 = LINE('',#655,#656);
#655 = CARTESIAN_POINT('',(0.,3.));
#656 = VECTOR('',#657,1.);
#657 = DIRECTION('',(1.,0.));
#658 = ( GEOMETRIC_REPRESENTATION_CONTEXT(2) 
PARAMETRIC_REPRESENTATION_CONTEXT() REPRESENTATION_CONTEXT('2D SPACE',''
  ) );
#659 = FACE_BOUND('',#660,.F.);
#660 = EDGE_LOOP('',(#661,#689,#715,#741));
#661 = ORIENTED_EDGE('',*,*,#662,.T.);
#662 = EDGE_CURVE('',#663,#665,#667,.T.);
#663 = VERTEX_POINT('',#664);
#664 = CARTESIAN_POINT('',(13.,-25.5,0.));
#665 = VERTEX_POINT('',#666);
#666 = CARTESIAN_POINT('',(-49.,-25.5,0.));
#667 = SURFACE_CURVE('',#668,(#672,#678),.PCURVE_S1.);
#668 = LINE('',#669,#670);
#669 = CARTESIAN_POINT('',(-59.75,-25.5,0.));
#670 = VECTOR('',#671,1.);
#671 = DIRECTION('',(-1.,0.,0.));
#672 = PCURVE('',#72,#673);
#673 = DEFINITIONAL_REPRESENTATION('',(#674),#677);
#674 = B_SPLINE_CURVE_WITH_KNOTS('',1,(#675,#676),.UNSPECIFIED.,.F.,.F.,
  (2,2),(-72.75,-10.75),.PIECEWISE_BEZIER_KNOTS.);
#675 = CARTESIAN_POINT('',(83.5,19.));
#676 = CARTESIAN_POINT('',(21.5,19.));
#677 = ( GEOMETRIC_REPRESENTATION_CONTEXT(2) 
PARAMETRIC_REPRESENTATION_CONTEXT() REPRESENTATION_CONTEXT('2D SPACE',''
  ) );
#678 = PCURVE('',#679,#684);
#679 = PLANE('',#680);
#680 = AXIS2_PLACEMENT_3D('',#681,#682,#683);
#681 = CARTESIAN_POINT('',(-49.,-25.5,-1.));
#682 = DIRECTION('',(0.,1.,0.));
#683 = DIRECTION('',(0.,0.,1.));
#684 = DEFINITIONAL_REPRESENTATION('',(#685),#688);
#685 = B_SPLINE_CURVE_WITH_KNOTS('',1,(#686,#687),.UNSPECIFIED.,.F.,.F.,
  (2,2),(-72.75,-10.75),.PIECEWISE_BEZIER_KNOTS.);
#686 = CARTESIAN_POINT('',(1.,62.));
#687 = CARTESIAN_POINT('',(1.,0.));
#688 = ( GEOMETRIC_REPRESENTATION_CONTEXT(2) 
PARAMETRIC_REPRESENTATION_CONTEXT() REPRESENTATION_CONTEXT('2D SPACE',''
  ) );
#689 = ORIENTED_EDGE('',*,*,#690,.T.);
#690 = EDGE_CURVE('',#665,#691,#693,.T.);
#691 = VERTEX_POINT('',#692);
#692 = CARTESIAN_POINT('',(-49.,-22.5,0.));
#693 = SURFACE_CURVE('',#694,(#698,#704),.PCURVE_S1.);
#694 = LINE('',#695,#696);
#695 = CARTESIAN_POINT('',(-49.,-35.,0.));
#696 = VECTOR('',#697,1.);
#697 = DIRECTION('',(0.,1.,0.));
#698 = PCURVE('',#72,#699);
#699 = DEFINITIONAL_REPRESENTATION('',(#700),#703);
#700 = B_SPLINE_CURVE_WITH_KNOTS('',1,(#701,#702),.UNSPECIFIED.,.F.,.F.,
  (2,2),(9.5,12.5),.PIECEWISE_BEZIER_KNOTS.);
#701 = CARTESIAN_POINT('',(21.5,19.));
#702 = CARTESIAN_POINT('',(21.5,22.));
#703 = ( GEOMETRIC_REPRESENTATION_CONTEXT(2) 
PARAMETRIC_REPRESENTATION_CONTEXT() REPRESENTATION_CONTEXT('2D SPACE',''
  ) );
#704 = PCURVE('',#705,#710);
#705 = PLANE('',#706);
#706 = AXIS2_PLACEMENT_3D('',#707,#708,#709);
#707 = CARTESIAN_POINT('',(-49.,-25.5,-1.));
#708 = DIRECTION('',(1.,0.,0.));
#709 = DIRECTION('',(0.,0.,1.));
#710 = DEFINITIONAL_REPRESENTATION('',(#711),#714);
#711 = B_SPLINE_CURVE_WITH_KNOTS('',1,(#712,#713),.UNSPECIFIED.,.F.,.F.,
  (2,2),(9.5,12.5),.PIECEWISE_BEZIER_KNOTS.);
#712 = CARTESIAN_POINT('',(1.,0.));
#713 = CARTESIAN_POINT('',(1.,-3.));
#714 = ( GEOMETRIC_REPRESENTATION_CONTEXT(2) 
PARAMETRIC_REPRESENTATION_CONTEXT() REPRESENTATION_CONTEXT('2D SPACE',''
  ) );
#715 = ORIENTED_EDGE('',*,*,#716,.F.);
#716 = EDGE_CURVE('',#717,#691,#719,.T.);
#717 = VERTEX_POINT('',#718);
#718 = CARTESIAN_POINT('',(13.,-22.5,0.));
#719 = SURFACE_CURVE('',#720,(#724,#730),.PCURVE_S1.);
#720 = LINE('',#721,#722);
#721 = CARTESIAN_POINT('',(-59.75,-22.5,0.));
#722 = VECTOR('',#723,1.);
#723 = DIRECTION('',(-1.,0.,0.));
#724 = PCURVE('',#72,#725);
#725 = DEFINITIONAL_REPRESENTATION('',(#726),#729);
#726 = B_SPLINE_CURVE_WITH_KNOTS('',1,(#727,#728),.UNSPECIFIED.,.F.,.F.,
  (2,2),(-72.75,-10.75),.PIECEWISE_BEZIER_KNOTS.);
#727 = CARTESIAN_POINT('',(83.5,22.));
#728 = CARTESIAN_POINT('',(21.5,22.));
#729 = ( GEOMETRIC_REPRESENTATION_CONTEXT(2) 
PARAMETRIC_REPRESENTATION_CONTEXT() REPRESENTATION_CONTEXT('2D SPACE',''
  ) );
#730 = PCURVE('',#731,#736);
#731 = PLANE('',#732);
#732 = AXIS2_PLACEMENT_3D('',#733,#734,#735);
#733 = CARTESIAN_POINT('',(-49.,-22.5,-1.));
#734 = DIRECTION('',(0.,1.,0.));
#735 = DIRECTION('',(0.,0.,1.));
#736 = DEFINITIONAL_REPRESENTATION('',(#737),#740);
#737 = B_SPLINE_CURVE_WITH_KNOTS('',1,(#738,#739),.UNSPECIFIED.,.F.,.F.,
  (2,2),(-72.75,-10.75),.PIECEWISE_BEZIER_KNOTS.);
#738 = CARTESIAN_POINT('',(1.,62.));
#739 = CARTESIAN_POINT('',(1.,0.));
#740 = ( GEOMETRIC_REPRESENTATION_CONTEXT(2) 
PARAMETRIC_REPRESENTATION_CONTEXT() REPRESENTATION_CONTEXT('2D SPACE',''
  ) );
#741 = ORIENTED_EDGE('',*,*,#742,.F.);
#742 = EDGE_CURVE('',#663,#717,#743,.T.);
#743 = SURFACE_CURVE('',#744,(#748,#754),.PCURVE_S1.);
#744 = LINE('',#745,#746);
#745 = CARTESIAN_POINT('',(13.,-35.,0.));
#746 = VECTOR('',#747,1.);
#747 = DIRECTION('',(0.,1.,0.));
#748 = PCURVE('',#72,#749);
#749 = DEFINITIONAL_REPRESENTATION('',(#750),#753);
#750 = B_SPLINE_CURVE_WITH_KNOTS('',1,(#751,#752),.UNSPECIFIED.,.F.,.F.,
  (2,2),(9.5,12.5),.PIECEWISE_BEZIER_KNOTS.);
#751 = CARTESIAN_POINT('',(83.5,19.));
#752 = CARTESIAN_POINT('',(83.5,22.));
#753 = ( GEOMETRIC_REPRESENTATION_CONTEXT(2) 
PARAMETRIC_REPRESENTATION_CONTEXT() REPRESENTATION_CONTEXT('2D SPACE',''
  ) );
#754 = PCURVE('',#755,#760);
#755 = PLANE('',#756);
#756 = AXIS2_PLACEMENT_3D('',#757,#758,#759);
#757 = CARTESIAN_POINT('',(13.,-25.5,-1.));
#758 = DIRECTION('',(1.,0.,0.));
#759 = DIRECTION('',(0.,0.,1.));
#760 = DEFINITIONAL_REPRESENTATION('',(#761),#764);
#761 = B_SPLINE_CURVE_WITH_KNOTS('',1,(#762,#763),.UNSPECIFIED.,.F.,.F.,
  (2,2),(9.5,12.5),.PIECEWISE_BEZIER_KNOTS.);
#762 = CARTESIAN_POINT('',(1.,0.));
#763 = CARTESIAN_POINT('',(1.,-3.));
#764 = ( GEOMETRIC_REPRESENTATION_CONTEXT(2) 
PARAMETRIC_REPRESENTATION_CONTEXT() REPRESENTATION_CONTEXT('2D SPACE',''
  ) );
#765 = FACE_BOUND('',#766,.F.);
#766 = EDGE_LOOP('',(#767,#795,#816,#842));
#767 = ORIENTED_EDGE('',*,*,#768,.T.);
#768 = EDGE_CURVE('',#769,#771,#773,.T.);
#769 = VERTEX_POINT('',#770);
#770 = CARTESIAN_POINT('',(-53.,-9.5,0.));
#771 = VERTEX_POINT('',#772);
#772 = CARTESIAN_POINT('',(-69.,-9.5,0.));
#773 = SURFACE_CURVE('',#774,(#778,#784),.PCURVE_S1.);
#774 = LINE('',#775,#776);
#775 = CARTESIAN_POINT('',(-69.75,-9.5,0.));
#776 = VECTOR('',#777,1.);
#777 = DIRECTION('',(-1.,0.,0.));
#778 = PCURVE('',#72,#779);
#779 = DEFINITIONAL_REPRESENTATION('',(#780),#783);
#780 = B_SPLINE_CURVE_WITH_KNOTS('',1,(#781,#782),.UNSPECIFIED.,.F.,.F.,
  (2,2),(-16.75,-0.75),.PIECEWISE_BEZIER_KNOTS.);
#781 = CARTESIAN_POINT('',(17.5,35.));
#782 = CARTESIAN_POINT('',(1.5,35.));
#783 = ( GEOMETRIC_REPRESENTATION_CONTEXT(2) 
PARAMETRIC_REPRESENTATION_CONTEXT() REPRESENTATION_CONTEXT('2D SPACE',''
  ) );
#784 = PCURVE('',#785,#790);
#785 = PLANE('',#786);
#786 = AXIS2_PLACEMENT_3D('',#787,#788,#789);
#787 = CARTESIAN_POINT('',(-69.,-9.5,-1.));
#788 = DIRECTION('',(0.,1.,0.));
#789 = DIRECTION('',(0.,0.,1.));
#790 = DEFINITIONAL_REPRESENTATION('',(#791),#794);
#791 = B_SPLINE_CURVE_WITH_KNOTS('',1,(#792,#793),.UNSPECIFIED.,.F.,.F.,
  (2,2),(-16.75,-0.75),.PIECEWISE_BEZIER_KNOTS.);
#792 = CARTESIAN_POINT('',(1.,16.));
#793 = CARTESIAN_POINT('',(1.,0.));
#794 = ( GEOMETRIC_REPRESENTATION_CONTEXT(2) 
PARAMETRIC_REPRESENTATION_CONTEXT() REPRESENTATION_CONTEXT('2D SPACE',''
  ) );
#795 = ORIENTED_EDGE('',*,*,#796,.T.);
#796 = EDGE_CURVE('',#771,#797,#799,.T.);
#797 = VERTEX_POINT('',#798);
#798 = CARTESIAN_POINT('',(-69.,-6.5,0.));
#799 = SURFACE_CURVE('',#800,(#804,#810),.PCURVE_S1.);
#800 = LINE('',#801,#802);
#801 = CARTESIAN_POINT('',(-69.,-27.,0.));
#802 = VECTOR('',#803,1.);
#803 = DIRECTION('',(0.,1.,0.));
#804 = PCURVE('',#72,#805);
#805 = DEFINITIONAL_REPRESENTATION('',(#806),#809);
#806 = B_SPLINE_CURVE_WITH_KNOTS('',1,(#807,#808),.UNSPECIFIED.,.F.,.F.,
  (2,2),(17.5,20.5),.PIECEWISE_BEZIER_KNOTS.);
#807 = CARTESIAN_POINT('',(1.5,35.));
#808 = CARTESIAN_POINT('',(1.5,38.));
#809 = ( GEOMETRIC_REPRESENTATION_CONTEXT(2) 
PARAMETRIC_REPRESENTATION_CONTEXT() REPRESENTATION_CONTEXT('2D SPACE',''
  ) );
#810 = PCURVE('',#290,#811);
#811 = DEFINITIONAL_REPRESENTATION('',(#812),#815);
#812 = B_SPLINE_CURVE_WITH_KNOTS('',1,(#813,#814),.UNSPECIFIED.,.F.,.F.,
  (2,2),(17.5,20.5),.PIECEWISE_BEZIER_KNOTS.);
#813 = CARTESIAN_POINT('',(1.,0.));
#814 = CARTESIAN_POINT('',(1.,-3.));
#815 = ( GEOMETRIC_REPRESENTATION_CONTEXT(2) 
PARAMETRIC_REPRESENTATION_CONTEXT() REPRESENTATION_CONTEXT('2D SPACE',''
  ) );
#816 = ORIENTED_EDGE('',*,*,#817,.F.);
#817 = EDGE_CURVE('',#818,#797,#820,.T.);
#818 = VERTEX_POINT('',#819);
#819 = CARTESIAN_POINT('',(-53.,-6.5,0.));
#820 = SURFACE_CURVE('',#821,(#825,#831),.PCURVE_S1.);
#821 = LINE('',#822,#823);
#822 = CARTESIAN_POINT('',(-69.75,-6.5,0.));
#823 = VECTOR('',#824,1.);
#824 = DIRECTION('',(-1.,0.,0.));
#825 = PCURVE('',#72,#826);
#826 = DEFINITIONAL_REPRESENTATION('',(#827),#830);
#827 = B_SPLINE_CURVE_WITH_KNOTS('',1,(#828,#829),.UNSPECIFIED.,.F.,.F.,
  (2,2),(-16.75,-0.75),.PIECEWISE_BEZIER_KNOTS.);
#828 = CARTESIAN_POINT('',(17.5,38.));
#829 = CARTESIAN_POINT('',(1.5,38.));
#830 = ( GEOMETRIC_REPRESENTATION_CONTEXT(2) 
PARAMETRIC_REPRESENTATION_CONTEXT() REPRESENTATION_CONTEXT('2D SPACE',''
  ) );
#831 = PCURVE('',#832,#837);
#832 = PLANE('',#833);
#833 = AXIS2_PLACEMENT_3D('',#834,#835,#836);
#834 = CARTESIAN_POINT('',(-69.,-6.5,-1.));
#835 = DIRECTION('',(0.,1.,0.));
#836 = DIRECTION('',(0.,0.,1.));
#837 = DEFINITIONAL_REPRESENTATION('',(#838),#841);
#838 = B_SPLINE_CURVE_WITH_KNOTS('',1,(#839,#840),.UNSPECIFIED.,.F.,.F.,
  (2,2),(-16.75,-0.75),.PIECEWISE_BEZIER_KNOTS.);
#839 = CARTESIAN_POINT('',(1.,16.));
#840 = CARTESIAN_POINT('',(1.,0.));
#841 = ( GEOMETRIC_REPRESENTATION_CONTEXT(2) 
PARAMETRIC_REPRESENTATION_CONTEXT() REPRESENTATION_CONTEXT('2D SPACE',''
  ) );
#842 = ORIENTED_EDGE('',*,*,#843,.F.);
#843 = EDGE_CURVE('',#769,#818,#844,.T.);
#844 = SURFACE_CURVE('',#845,(#849,#855),.PCURVE_S1.);
#845 = LINE('',#846,#847);
#846 = CARTESIAN_POINT('',(-53.,-27.,0.));
#847 = VECTOR('',#848,1.);
#848 = DIRECTION('',(0.,1.,0.));
#849 = PCURVE('',#72,#850);
#850 = DEFINITIONAL_REPRESENTATION('',(#851),#854);
#851 = B_SPLINE_CURVE_WITH_KNOTS('',1,(#852,#853),.UNSPECIFIED.,.F.,.F.,
  (2,2),(17.5,20.5),.PIECEWISE_BEZIER_KNOTS.);
#852 = CARTESIAN_POINT('',(17.5,35.));
#853 = CARTESIAN_POINT('',(17.5,38.));
#854 = ( GEOMETRIC_REPRESENTATION_CONTEXT(2) 
PARAMETRIC_REPRESENTATION_CONTEXT() REPRESENTATION_CONTEXT('2D SPACE',''
  ) );
#855 = PCURVE('',#856,#861);
#856 = PLANE('',#857);
#857 = AXIS2_PLACEMENT_3D('',#858,#859,#860);
#858 = CARTESIAN_POINT('',(-53.,-9.5,-1.));
#859 = DIRECTION('',(1.,0.,0.));
#860 = DIRECTION('',(0.,0.,1.));
#861 = DEFINITIONAL_REPRESENTATION('',(#862),#865);
#862 = B_SPLINE_CURVE_WITH_KNOTS('',1,(#863,#864),.UNSPECIFIED.,.F.,.F.,
  (2,2),(17.5,20.5),.PIECEWISE_BEZIER_KNOTS.);
#863 = CARTESIAN_POINT('',(1.,0.));
#864 = CARTESIAN_POINT('',(1.,-3.));
#865 = ( GEOMETRIC_REPRESENTATION_CONTEXT(2) 
PARAMETRIC_REPRESENTATION_CONTEXT() REPRESENTATION_CONTEXT('2D SPACE',''
  ) );
#866 = FACE_BOUND('',#867,.F.);
#867 = EDGE_LOOP('',(#868,#896,#922,#948));
#868 = ORIENTED_EDGE('',*,*,#869,.T.);
#869 = EDGE_CURVE('',#870,#872,#874,.T.);
#870 = VERTEX_POINT('',#871);
#871 = CARTESIAN_POINT('',(13.,-17.5,0.));
#872 = VERTEX_POINT('',#873);
#873 = CARTESIAN_POINT('',(-49.,-17.5,0.));
#874 = SURFACE_CURVE('',#875,(#879,#885),.PCURVE_S1.);
#875 = LINE('',#876,#877);
#876 = CARTESIAN_POINT('',(-59.75,-17.5,0.));
#877 = VECTOR('',#878,1.);
#878 = DIRECTION('',(-1.,0.,0.));
#879 = PCURVE('',#72,#880);
#880 = DEFINITIONAL_REPRESENTATION('',(#881),#884);
#881 = B_SPLINE_CURVE_WITH_KNOTS('',1,(#882,#883),.UNSPECIFIED.,.F.,.F.,
  (2,2),(-72.75,-10.75),.PIECEWISE_BEZIER_KNOTS.);
#882 = CARTESIAN_POINT('',(83.5,27.));
#883 = CARTESIAN_POINT('',(21.5,27.));
#884 = ( GEOMETRIC_REPRESENTATION_CONTEXT(2) 
PARAMETRIC_REPRESENTATION_CONTEXT() REPRESENTATION_CONTEXT('2D SPACE',''
  ) );
#885 = PCURVE('',#886,#891);
#886 = PLANE('',#887);
#887 = AXIS2_PLACEMENT_3D('',#888,#889,#890);
#888 = CARTESIAN_POINT('',(-49.,-17.5,-1.));
#889 = DIRECTION('',(0.,1.,0.));
#890 = DIRECTION('',(0.,0.,1.));
#891 = DEFINITIONAL_REPRESENTATION('',(#892),#895);
#892 = B_SPLINE_CURVE_WITH_KNOTS('',1,(#893,#894),.UNSPECIFIED.,.F.,.F.,
  (2,2),(-72.75,-10.75),.PIECEWISE_BEZIER_KNOTS.);
#893 = CARTESIAN_POINT('',(1.,62.));
#894 = CARTESIAN_POINT('',(1.,0.));
#895 = ( GEOMETRIC_REPRESENTATION_CONTEXT(2) 
PARAMETRIC_REPRESENTATION_CONTEXT() REPRESENTATION_CONTEXT('2D SPACE',''
  ) );
#896 = ORIENTED_EDGE('',*,*,#897,.T.);
#897 = EDGE_CURVE('',#872,#898,#900,.T.);
#898 = VERTEX_POINT('',#899);
#899 = CARTESIAN_POINT('',(-49.,-14.5,0.));
#900 = SURFACE_CURVE('',#901,(#905,#911),.PCURVE_S1.);
#901 = LINE('',#902,#903);
#902 = CARTESIAN_POINT('',(-49.,-31.,0.));
#903 = VECTOR('',#904,1.);
#904 = DIRECTION('',(0.,1.,0.));
#905 = PCURVE('',#72,#906);
#906 = DEFINITIONAL_REPRESENTATION('',(#907),#910);
#907 = B_SPLINE_CURVE_WITH_KNOTS('',1,(#908,#909),.UNSPECIFIED.,.F.,.F.,
  (2,2),(13.5,16.5),.PIECEWISE_BEZIER_KNOTS.);
#908 = CARTESIAN_POINT('',(21.5,27.));
#909 = CARTESIAN_POINT('',(21.5,30.));
#910 = ( GEOMETRIC_REPRESENTATION_CONTEXT(2) 
PARAMETRIC_REPRESENTATION_CONTEXT() REPRESENTATION_CONTEXT('2D SPACE',''
  ) );
#911 = PCURVE('',#912,#917);
#912 = PLANE('',#913);
#913 = AXIS2_PLACEMENT_3D('',#914,#915,#916);
#914 = CARTESIAN_POINT('',(-49.,-17.5,-1.));
#915 = DIRECTION('',(1.,0.,0.));
#916 = DIRECTION('',(0.,0.,1.));
#917 = DEFINITIONAL_REPRESENTATION('',(#918),#921);
#918 = B_SPLINE_CURVE_WITH_KNOTS('',1,(#919,#920),.UNSPECIFIED.,.F.,.F.,
  (2,2),(13.5,16.5),.PIECEWISE_BEZIER_KNOTS.);
#919 = CARTESIAN_POINT('',(1.,0.));
#920 = CARTESIAN_POINT('',(1.,-3.));
#921 = ( GEOMETRIC_REPRESENTATION_CONTEXT(2) 
PARAMETRIC_REPRESENTATION_CONTEXT() REPRESENTATION_CONTEXT('2D SPACE',''
  ) );
#922 = ORIENTED_EDGE('',*,*,#923,.F.);
#923 = EDGE_CURVE('',#924,#898,#926,.T.);
#924 = VERTEX_POINT('',#925);
#925 = CARTESIAN_POINT('',(13.,-14.5,0.));
#926 = SURFACE_CURVE('',#927,(#931,#937),.PCURVE_S1.);
#927 = LINE('',#928,#929);
#928 = CARTESIAN_POINT('',(-59.75,-14.5,0.));
#929 = VECTOR('',#930,1.);
#930 = DIRECTION('',(-1.,0.,0.));
#931 = PCURVE('',#72,#932);
#932 = DEFINITIONAL_REPRESENTATION('',(#933),#936);
#933 = B_SPLINE_CURVE_WITH_KNOTS('',1,(#934,#935),.UNSPECIFIED.,.F.,.F.,
  (2,2),(-72.75,-10.75),.PIECEWISE_BEZIER_KNOTS.);
#934 = CARTESIAN_POINT('',(83.5,30.));
#935 = CARTESIAN_POINT('',(21.5,30.));
#936 = ( GEOMETRIC_REPRESENTATION_CONTEXT(2) 
PARAMETRIC_REPRESENTATION_CONTEXT() REPRESENTATION_CONTEXT('2D SPACE',''
  ) );
#937 = PCURVE('',#938,#943);
#938 = PLANE('',#939);
#939 = AXIS2_PLACEMENT_3D('',#940,#941,#942);
#940 = CARTESIAN_POINT('',(-49.,-14.5,-1.));
#941 = DIRECTION('',(0.,1.,0.));
#942 = DIRECTION('',(0.,0.,1.));
#943 = DEFINITIONAL_REPRESENTATION('',(#944),#947);
#944 = B_SPLINE_CURVE_WITH_KNOTS('',1,(#945,#946),.UNSPECIFIED.,.F.,.F.,
  (2,2),(-72.75,-10.75),.PIECEWISE_BEZIER_KNOTS.);
#945 = CARTESIAN_POINT('',(1.,62.));
#946 = CARTESIAN_POINT('',(1.,0.));
#947 = ( GEOMETRIC_REPRESENTATION_CONTEXT(2) 
PARAMETRIC_REPRESENTATION_CONTEXT() REPRESENTATION_CONTEXT('2D SPACE',''
  ) );
#948 = ORIENTED_EDGE('',*,*,#949,.F.);
#949 = EDGE_CURVE('',#870,#924,#950,.T.);
#950 = SURFACE_CURVE('',#951,(#955,#961),.PCURVE_S1.);
#951 = LINE('',#952,#953);
#952 = CARTESIAN_POINT('',(13.,-31.,0.));
#953 = VECTOR('',#954,1.);
#954 = DIRECTION('',(0.,1.,0.));
#955 = PCURVE('',#72,#956);
#956 = DEFINITIONAL_REPRESENTATION('',(#957),#960);
#957 = B_SPLINE_CURVE_WITH_KNOTS('',1,(#958,#959),.UNSPECIFIED.,.F.,.F.,
  (2,2),(13.5,16.5),.PIECEWISE_BEZIER_KNOTS.);
#958 = CARTESIAN_POINT('',(83.5,27.));
#959 = CARTESIAN_POINT('',(83.5,30.));
#960 = ( GEOMETRIC_REPRESENTATION_CONTEXT(2) 
PARAMETRIC_REPRESENTATION_CONTEXT() REPRESENTATION_CONTEXT('2D SPACE',''
  ) );
#961 = PCURVE('',#962,#967);
#962 = PLANE('',#963);
#963 = AXIS2_PLACEMENT_3D('',#964,#965,#966);
#964 = CARTESIAN_POINT('',(13.,-17.5,-1.));
#965 = DIRECTION('',(1.,0.,0.));
#966 = DIRECTION('',(0.,0.,1.));
#967 = DEFINITIONAL_REPRESENTATION('',(#968),#971);
#968 = B_SPLINE_CURVE_WITH_KNOTS('',1,(#969,#970),.UNSPECIFIED.,.F.,.F.,
  (2,2),(13.5,16.5),.PIECEWISE_BEZIER_KNOTS.);
#969 = CARTESIAN_POINT('',(1.,0.));
#970 = CARTESIAN_POINT('',(1.,-3.));
#971 = ( GEOMETRIC_REPRESENTATION_CONTEXT(2) 
PARAMETRIC_REPRESENTATION_CONTEXT() REPRESENTATION_CONTEXT('2D SPACE',''
  ) );
#972 = FACE_BOUND('',#973,.F.);
#973 = EDGE_LOOP('',(#974,#1002,#1028,#1054));
#974 = ORIENTED_EDGE('',*,*,#975,.T.);
#975 = EDGE_CURVE('',#976,#978,#980,.T.);
#976 = VERTEX_POINT('',#977);
#977 = CARTESIAN_POINT('',(13.,-9.5,0.));
#978 = VERTEX_POINT('',#979);
#979 = CARTESIAN_POINT('',(-49.,-9.5,0.));
#980 = SURFACE_CURVE('',#981,(#985,#991),.PCURVE_S1.);
#981 = LINE('',#982,#983);
#982 = CARTESIAN_POINT('',(-59.75,-9.5,0.));
#983 = VECTOR('',#984,1.);
#984 = DIRECTION('',(-1.,0.,0.));
#985 = PCURVE('',#72,#986);
#986 = DEFINITIONAL_REPRESENTATION('',(#987),#990);
#987 = B_SPLINE_CURVE_WITH_KNOTS('',1,(#988,#989),.UNSPECIFIED.,.F.,.F.,
  (2,2),(-72.75,-10.75),.PIECEWISE_BEZIER_KNOTS.);
#988 = CARTESIAN_POINT('',(83.5,35.));
#989 = CARTESIAN_POINT('',(21.5,35.));
#990 = ( GEOMETRIC_REPRESENTATION_CONTEXT(2) 
PARAMETRIC_REPRESENTATION_CONTEXT() REPRESENTATION_CONTEXT('2D SPACE',''
  ) );
#991 = PCURVE('',#992,#997);
#992 = PLANE('',#993);
#993 = AXIS2_PLACEMENT_3D('',#994,#995,#996);
#994 = CARTESIAN_POINT('',(-49.,-9.5,-1.));
#995 = DIRECTION('',(0.,1.,0.));
#996 = DIRECTION('',(0.,0.,1.));
#997 = DEFINITIONAL_REPRESENTATION('',(#998),#1001);
#998 = B_SPLINE_CURVE_WITH_KNOTS('',1,(#999,#1000),.UNSPECIFIED.,.F.,.F.
  ,(2,2),(-72.75,-10.75),.PIECEWISE_BEZIER_KNOTS.);
#999 = CARTESIAN_POINT('',(1.,62.));
#1000 = CARTESIAN_POINT('',(1.,0.));
#1001 = ( GEOMETRIC_REPRESENTATION_CONTEXT(2) 
PARAMETRIC_REPRESENTATION_CONTEXT() REPRESENTATION_CONTEXT('2D SPACE',''
  ) );
#1002 = ORIENTED_EDGE('',*,*,#1003,.T.);
#1003 = EDGE_CURVE('',#978,#1004,#1006,.T.);
#1004 = VERTEX_POINT('',#1005);
#1005 = CARTESIAN_POINT('',(-49.,-6.5,0.));
#1006 = SURFACE_CURVE('',#1007,(#1011,#1017),.PCURVE_S1.);
#1007 = LINE('',#1008,#1009);
#1008 = CARTESIAN_POINT('',(-49.,-27.,0.));
#1009 = VECTOR('',#1010,1.);
#1010 = DIRECTION('',(0.,1.,0.));
#1011 = PCURVE('',#72,#1012);
#1012 = DEFINITIONAL_REPRESENTATION('',(#1013),#1016);
#1013 = B_SPLINE_CURVE_WITH_KNOTS('',1,(#1014,#1015),.UNSPECIFIED.,.F.,
  .F.,(2,2),(17.5,20.5),.PIECEWISE_BEZIER_KNOTS.);
#1014 = CARTESIAN_POINT('',(21.5,35.));
#1015 = CARTESIAN_POINT('',(21.5,38.));
#1016 = ( GEOMETRIC_REPRESENTATION_CONTEXT(2) 
PARAMETRIC_REPRESENTATION_CONTEXT() REPRESENTATION_CONTEXT('2D SPACE',''
  ) );
#1017 = PCURVE('',#1018,#1023);
#1018 = PLANE('',#1019);
#1019 = AXIS2_PLACEMENT_3D('',#1020,#1021,#1022);
#1020 = CARTESIAN_POINT('',(-49.,-9.5,-1.));
#1021 = DIRECTION('',(1.,0.,0.));
#1022 = DIRECTION('',(0.,0.,1.));
#1023 = DEFINITIONAL_REPRESENTATION('',(#1024),#1027);
#1024 = B_SPLINE_CURVE_WITH_KNOTS('',1,(#1025,#1026),.UNSPECIFIED.,.F.,
  .F.,(2,2),(17.5,20.5),.PIECEWISE_BEZIER_KNOTS.);
#1025 = CARTESIAN_POINT('',(1.,0.));
#1026 = CARTESIAN_POINT('',(1.,-3.));
#1027 = ( GEOMETRIC_REPRESENTATION_CONTEXT(2) 
PARAMETRIC_REPRESENTATION_CONTEXT() REPRESENTATION_CONTEXT('2D SPACE',''
  ) );
#1028 = ORIENTED_EDGE('',*,*,#1029,.F.);
#1029 = EDGE_CURVE('',#1030,#1004,#1032,.T.);
#1030 = VERTEX_POINT('',#1031);
#1031 = CARTESIAN_POINT('',(13.,-6.5,0.));
#1032 = SURFACE_CURVE('',#1033,(#1037,#1043),.PCURVE_S1.);
#1033 = LINE('',#1034,#1035);
#1034 = CARTESIAN_POINT('',(-59.75,-6.5,0.));
#1035 = VECTOR('',#1036,1.);
#1036 = DIRECTION('',(-1.,0.,0.));
#1037 = PCURVE('',#72,#1038);
#1038 = DEFINITIONAL_REPRESENTATION('',(#1039),#1042);
#1039 = B_SPLINE_CURVE_WITH_KNOTS('',1,(#1040,#1041),.UNSPECIFIED.,.F.,
  .F.,(2,2),(-72.75,-10.75),.PIECEWISE_BEZIER_KNOTS.);
#1040 = CARTESIAN_POINT('',(83.5,38.));
#1041 = CARTESIAN_POINT('',(21.5,38.));
#1042 = ( GEOMETRIC_REPRESENTATION_CONTEXT(2) 
PARAMETRIC_REPRESENTATION_CONTEXT() REPRESENTATION_CONTEXT('2D SPACE',''
  ) );
#1043 = PCURVE('',#1044,#1049);
#1044 = PLANE('',#1045);
#1045 = AXIS2_PLACEMENT_3D('',#1046,#1047,#1048);
#1046 = CARTESIAN_POINT('',(-49.,-6.5,-1.));
#1047 = DIRECTION('',(0.,1.,0.));
#1048 = DIRECTION('',(0.,0.,1.));
#1049 = DEFINITIONAL_REPRESENTATION('',(#1050),#1053);
#1050 = B_SPLINE_CURVE_WITH_KNOTS('',1,(#1051,#1052),.UNSPECIFIED.,.F.,
  .F.,(2,2),(-72.75,-10.75),.PIECEWISE_BEZIER_KNOTS.);
#1051 = CARTESIAN_POINT('',(1.,62.));
#1052 = CARTESIAN_POINT('',(1.,0.));
#1053 = ( GEOMETRIC_REPRESENTATION_CONTEXT(2) 
PARAMETRIC_REPRESENTATION_CONTEXT() REPRESENTATION_CONTEXT('2D SPACE',''
  ) );
#1054 = ORIENTED_EDGE('',*,*,#1055,.F.);
#1055 = EDGE_CURVE('',#976,#1030,#1056,.T.);
#1056 = SURFACE_CURVE('',#1057,(#1061,#1067),.PCURVE_S1.);
#1057 = LINE('',#1058,#1059);
#1058 = CARTESIAN_POINT('',(13.,-27.,0.));
#1059 = VECTOR('',#1060,1.);
#1060 = DIRECTION('',(0.,1.,0.));
#1061 = PCURVE('',#72,#1062);
#1062 = DEFINITIONAL_REPRESENTATION('',(#1063),#1066);
#1063 = B_SPLINE_CURVE_WITH_KNOTS('',1,(#1064,#1065),.UNSPECIFIED.,.F.,
  .F.,(2,2),(17.5,20.5),.PIECEWISE_BEZIER_KNOTS.);
#1064 = CARTESIAN_POINT('',(83.5,35.));
#1065 = CARTESIAN_POINT('',(83.5,38.));
#1066 = ( GEOMETRIC_REPRESENTATION_CONTEXT(2) 
PARAMETRIC_REPRESENTATION_CONTEXT() REPRESENTATION_CONTEXT('2D SPACE',''
  ) );
#1067 = PCURVE('',#1068,#1073);
#1068 = PLANE('',#1069);
#1069 = AXIS2_PLACEMENT_3D('',#1070,#1071,#1072);
#1070 = CARTESIAN_POINT('',(13.,-9.5,-1.));
#1071 = DIRECTION('',(1.,0.,0.));
#1072 = DIRECTION('',(0.,0.,1.));
#1073 = DEFINITIONAL_REPRESENTATION('',(#1074),#1077);
#1074 = B_SPLINE_CURVE_WITH_KNOTS('',1,(#1075,#1076),.UNSPECIFIED.,.F.,
  .F.,(2,2),(17.5,20.5),.PIECEWISE_BEZIER_KNOTS.);
#1075 = CARTESIAN_POINT('',(1.,0.));
#1076 = CARTESIAN_POINT('',(1.,-3.));
#1077 = ( GEOMETRIC_REPRESENTATION_CONTEXT(2) 
PARAMETRIC_REPRESENTATION_CONTEXT() REPRESENTATION_CONTEXT('2D SPACE',''
  ) );
#1078 = FACE_BOUND('',#1079,.F.);
#1079 = EDGE_LOOP('',(#1080));
#1080 = ORIENTED_EDGE('',*,*,#1081,.T.);
#1081 = EDGE_CURVE('',#1082,#1082,#1084,.T.);
#1082 = VERTEX_POINT('',#1083);
#1083 = CARTESIAN_POINT('',(62.55,-38.,0.));
#1084 = SURFACE_CURVE('',#1085,(#1090,#1101),.PCURVE_S1.);
#1085 = CIRCLE('',#1086,1.45);
#1086 = AXIS2_PLACEMENT_3D('',#1087,#1088,#1089);
#1087 = CARTESIAN_POINT('',(64.,-38.,0.));
#1088 = DIRECTION('',(0.,0.,-1.));
#1089 = DIRECTION('',(-1.,0.,0.));
#1090 = PCURVE('',#72,#1091);
#1091 = DEFINITIONAL_REPRESENTATION('',(#1092),#1100);
#1092 = ( BOUNDED_CURVE() B_SPLINE_CURVE(2,(#1093,#1094,#1095,#1096,
#1097,#1098,#1099),.UNSPECIFIED.,.T.,.F.) B_SPLINE_CURVE_WITH_KNOTS((1,2
    ,2,2,2,1),(-2.094395102393,0.,2.094395102393,4.188790204786,
6.28318530718,8.377580409573),.UNSPECIFIED.) CURVE() 
GEOMETRIC_REPRESENTATION_ITEM() RATIONAL_B_SPLINE_CURVE((1.,0.5,1.,0.5,
1.,0.5,1.)) REPRESENTATION_ITEM('') );
#1093 = CARTESIAN_POINT('',(133.05,6.5));
#1094 = CARTESIAN_POINT('',(133.05,9.011473670975));
#1095 = CARTESIAN_POINT('',(135.225,7.755736835487));
#1096 = CARTESIAN_POINT('',(137.4,6.5));
#1097 = CARTESIAN_POINT('',(135.225,5.244263164513));
#1098 = CARTESIAN_POINT('',(133.05,3.988526329025));
#1099 = CARTESIAN_POINT('',(133.05,6.5));
#1100 = ( GEOMETRIC_REPRESENTATION_CONTEXT(2) 
PARAMETRIC_REPRESENTATION_CONTEXT() REPRESENTATION_CONTEXT('2D SPACE',''
  ) );
#1101 = PCURVE('',#1102,#1107);
#1102 = CYLINDRICAL_SURFACE('',#1103,1.45);
#1103 = AXIS2_PLACEMENT_3D('',#1104,#1105,#1106);
#1104 = CARTESIAN_POINT('',(64.,-38.,3.));
#1105 = DIRECTION('',(0.,0.,-1.));
#1106 = DIRECTION('',(-1.,0.,0.));
#1107 = DEFINITIONAL_REPRESENTATION('',(#1108),#1112);
#1108 = LINE('',#1109,#1110);
#1109 = CARTESIAN_POINT('',(0.,3.));
#1110 = VECTOR('',#1111,1.);
#1111 = DIRECTION('',(1.,0.));
#1112 = ( GEOMETRIC_REPRESENTATION_CONTEXT(2) 
PARAMETRIC_REPRESENTATION_CONTEXT() REPRESENTATION_CONTEXT('2D SPACE',''
  ) );
#1113 = FACE_BOUND('',#1114,.F.);
#1114 = EDGE_LOOP('',(#1115,#1143,#1169,#1195));
#1115 = ORIENTED_EDGE('',*,*,#1116,.T.);
#1116 = EDGE_CURVE('',#1117,#1119,#1121,.T.);
#1117 = VERTEX_POINT('',#1118);
#1118 = CARTESIAN_POINT('',(64.75,-25.5,0.));
#1119 = VERTEX_POINT('',#1120);
#1120 = CARTESIAN_POINT('',(20.75,-25.5,0.));
#1121 = SURFACE_CURVE('',#1122,(#1126,#1132),.PCURVE_S1.);
#1122 = LINE('',#1123,#1124);
#1123 = CARTESIAN_POINT('',(-24.875,-25.5,0.));
#1124 = VECTOR('',#1125,1.);
#1125 = DIRECTION('',(-1.,0.,0.));
#1126 = PCURVE('',#72,#1127);
#1127 = DEFINITIONAL_REPRESENTATION('',(#1128),#1131);
#1128 = B_SPLINE_CURVE_WITH_KNOTS('',1,(#1129,#1130),.UNSPECIFIED.,.F.,
  .F.,(2,2),(-89.625,-45.625),.PIECEWISE_BEZIER_KNOTS.);
#1129 = CARTESIAN_POINT('',(135.25,19.));
#1130 = CARTESIAN_POINT('',(91.25,19.));
#1131 = ( GEOMETRIC_REPRESENTATION_CONTEXT(2) 
PARAMETRIC_REPRESENTATION_CONTEXT() REPRESENTATION_CONTEXT('2D SPACE',''
  ) );
#1132 = PCURVE('',#1133,#1138);
#1133 = PLANE('',#1134);
#1134 = AXIS2_PLACEMENT_3D('',#1135,#1136,#1137);
#1135 = CARTESIAN_POINT('',(20.75,-25.5,-1.));
#1136 = DIRECTION('',(0.,1.,0.));
#1137 = DIRECTION('',(0.,0.,1.));
#1138 = DEFINITIONAL_REPRESENTATION('',(#1139),#1142);
#1139 = B_SPLINE_CURVE_WITH_KNOTS('',1,(#1140,#1141),.UNSPECIFIED.,.F.,
  .F.,(2,2),(-89.625,-45.625),.PIECEWISE_BEZIER_KNOTS.);
#1140 = CARTESIAN_POINT('',(1.,44.));
#1141 = CARTESIAN_POINT('',(1.,0.));
#1142 = ( GEOMETRIC_REPRESENTATION_CONTEXT(2) 
PARAMETRIC_REPRESENTATION_CONTEXT() REPRESENTATION_CONTEXT('2D SPACE',''
  ) );
#1143 = ORIENTED_EDGE('',*,*,#1144,.T.);
#1144 = EDGE_CURVE('',#1119,#1145,#1147,.T.);
#1145 = VERTEX_POINT('',#1146);
#1146 = CARTESIAN_POINT('',(20.75,-22.5,0.));
#1147 = SURFACE_CURVE('',#1148,(#1152,#1158),.PCURVE_S1.);
#1148 = LINE('',#1149,#1150);
#1149 = CARTESIAN_POINT('',(20.75,-35.,0.));
#1150 = VECTOR('',#1151,1.);
#1151 = DIRECTION('',(0.,1.,0.));
#1152 = PCURVE('',#72,#1153);
#1153 = DEFINITIONAL_REPRESENTATION('',(#1154),#1157);
#1154 = B_SPLINE_CURVE_WITH_KNOTS('',1,(#1155,#1156),.UNSPECIFIED.,.F.,
  .F.,(2,2),(9.5,12.5),.PIECEWISE_BEZIER_KNOTS.);
#1155 = CARTESIAN_POINT('',(91.25,19.));
#1156 = CARTESIAN_POINT('',(91.25,22.));
#1157 = ( GEOMETRIC_REPRESENTATION_CONTEXT(2) 
PARAMETRIC_REPRESENTATION_CONTEXT() REPRESENTATION_CONTEXT('2D SPACE',''
  ) );
#1158 = PCURVE('',#1159,#1164);
#1159 = PLANE('',#1160);
#1160 = AXIS2_PLACEMENT_3D('',#1161,#1162,#1163);
#1161 = CARTESIAN_POINT('',(20.75,-25.5,-1.));
#1162 = DIRECTION('',(1.,0.,0.));
#1163 = DIRECTION('',(0.,0.,1.));
#1164 = DEFINITIONAL_REPRESENTATION('',(#1165),#1168);
#1165 = B_SPLINE_CURVE_WITH_KNOTS('',1,(#1166,#1167),.UNSPECIFIED.,.F.,
  .F.,(2,2),(9.5,12.5),.PIECEWISE_BEZIER_KNOTS.);
#1166 = CARTESIAN_POINT('',(1.,0.));
#1167 = CARTESIAN_POINT('',(1.,-3.));
#1168 = ( GEOMETRIC_REPRESENTATION_CONTEXT(2) 
PARAMETRIC_REPRESENTATION_CONTEXT() REPRESENTATION_CONTEXT('2D SPACE',''
  ) );
#1169 = ORIENTED_EDGE('',*,*,#1170,.F.);
#1170 = EDGE_CURVE('',#1171,#1145,#1173,.T.);
#1171 = VERTEX_POINT('',#1172);
#1172 = CARTESIAN_POINT('',(64.75,-22.5,0.));
#1173 = SURFACE_CURVE('',#1174,(#1178,#1184),.PCURVE_S1.);
#1174 = LINE('',#1175,#1176);
#1175 = CARTESIAN_POINT('',(-24.875,-22.5,0.));
#1176 = VECTOR('',#1177,1.);
#1177 = DIRECTION('',(-1.,0.,0.));
#1178 = PCURVE('',#72,#1179);
#1179 = DEFINITIONAL_REPRESENTATION('',(#1180),#1183);
#1180 = B_SPLINE_CURVE_WITH_KNOTS('',1,(#1181,#1182),.UNSPECIFIED.,.F.,
  .F.,(2,2),(-89.625,-45.625),.PIECEWISE_BEZIER_KNOTS.);
#1181 = CARTESIAN_POINT('',(135.25,22.));
#1182 = CARTESIAN_POINT('',(91.25,22.));
#1183 = ( GEOMETRIC_REPRESENTATION_CONTEXT(2) 
PARAMETRIC_REPRESENTATION_CONTEXT() REPRESENTATION_CONTEXT('2D SPACE',''
  ) );
#1184 = PCURVE('',#1185,#1190);
#1185 = PLANE('',#1186);
#1186 = AXIS2_PLACEMENT_3D('',#1187,#1188,#1189);
#1187 = CARTESIAN_POINT('',(20.75,-22.5,-1.));
#1188 = DIRECTION('',(0.,1.,0.));
#1189 = DIRECTION('',(0.,0.,1.));
#1190 = DEFINITIONAL_REPRESENTATION('',(#1191),#1194);
#1191 = B_SPLINE_CURVE_WITH_KNOTS('',1,(#1192,#1193),.UNSPECIFIED.,.F.,
  .F.,(2,2),(-89.625,-45.625),.PIECEWISE_BEZIER_KNOTS.);
#1192 = CARTESIAN_POINT('',(1.,44.));
#1193 = CARTESIAN_POINT('',(1.,0.));
#1194 = ( GEOMETRIC_REPRESENTATION_CONTEXT(2) 
PARAMETRIC_REPRESENTATION_CONTEXT() REPRESENTATION_CONTEXT('2D SPACE',''
  ) );
#1195 = ORIENTED_EDGE('',*,*,#1196,.F.);
#1196 = EDGE_CURVE('',#1117,#1171,#1197,.T.);
#1197 = SURFACE_CURVE('',#1198,(#1202,#1208),.PCURVE_S1.);
#1198 = LINE('',#1199,#1200);
#1199 = CARTESIAN_POINT('',(64.75,-35.,0.));
#1200 = VECTOR('',#1201,1.);
#1201 = DIRECTION('',(0.,1.,0.));
#1202 = PCURVE('',#72,#1203);
#1203 = DEFINITIONAL_REPRESENTATION('',(#1204),#1207);
#1204 = B_SPLINE_CURVE_WITH_KNOTS('',1,(#1205,#1206),.UNSPECIFIED.,.F.,
  .F.,(2,2),(9.5,12.5),.PIECEWISE_BEZIER_KNOTS.);
#1205 = CARTESIAN_POINT('',(135.25,19.));
#1206 = CARTESIAN_POINT('',(135.25,22.));
#1207 = ( GEOMETRIC_REPRESENTATION_CONTEXT(2) 
PARAMETRIC_REPRESENTATION_CONTEXT() REPRESENTATION_CONTEXT('2D SPACE',''
  ) );
#1208 = PCURVE('',#1209,#1214);
#1209 = PLANE('',#1210);
#1210 = AXIS2_PLACEMENT_3D('',#1211,#1212,#1213);
#1211 = CARTESIAN_POINT('',(64.75,-25.5,-1.));
#1212 = DIRECTION('',(1.,0.,0.));
#1213 = DIRECTION('',(0.,0.,1.));
#1214 = DEFINITIONAL_REPRESENTATION('',(#1215),#1218);
#1215 = B_SPLINE_CURVE_WITH_KNOTS('',1,(#1216,#1217),.UNSPECIFIED.,.F.,
  .F.,(2,2),(9.5,12.5),.PIECEWISE_BEZIER_KNOTS.);
#1216 = CARTESIAN_POINT('',(1.,0.));
#1217 = CARTESIAN_POINT('',(1.,-3.));
#1218 = ( GEOMETRIC_REPRESENTATION_CONTEXT(2) 
PARAMETRIC_REPRESENTATION_CONTEXT() REPRESENTATION_CONTEXT('2D SPACE',''
  ) );
#1219 = FACE_BOUND('',#1220,.F.);
#1220 = EDGE_LOOP('',(#1221,#1249,#1275,#1301));
#1221 = ORIENTED_EDGE('',*,*,#1222,.T.);
#1222 = EDGE_CURVE('',#1223,#1225,#1227,.T.);
#1223 = VERTEX_POINT('',#1224);
#1224 = CARTESIAN_POINT('',(64.75,-17.5,0.));
#1225 = VERTEX_POINT('',#1226);
#1226 = CARTESIAN_POINT('',(20.75,-17.5,0.));
#1227 = SURFACE_CURVE('',#1228,(#1232,#1238),.PCURVE_S1.);
#1228 = LINE('',#1229,#1230);
#1229 = CARTESIAN_POINT('',(-24.875,-17.5,0.));
#1230 = VECTOR('',#1231,1.);
#1231 = DIRECTION('',(-1.,0.,0.));
#1232 = PCURVE('',#72,#1233);
#1233 = DEFINITIONAL_REPRESENTATION('',(#1234),#1237);
#1234 = B_SPLINE_CURVE_WITH_KNOTS('',1,(#1235,#1236),.UNSPECIFIED.,.F.,
  .F.,(2,2),(-89.625,-45.625),.PIECEWISE_BEZIER_KNOTS.);
#1235 = CARTESIAN_POINT('',(135.25,27.));
#1236 = CARTESIAN_POINT('',(91.25,27.));
#1237 = ( GEOMETRIC_REPRESENTATION_CONTEXT(2) 
PARAMETRIC_REPRESENTATION_CONTEXT() REPRESENTATION_CONTEXT('2D SPACE',''
  ) );
#1238 = PCURVE('',#1239,#1244);
#1239 = PLANE('',#1240);
#1240 = AXIS2_PLACEMENT_3D('',#1241,#1242,#1243);
#1241 = CARTESIAN_POINT('',(20.75,-17.5,-1.));
#1242 = DIRECTION('',(0.,1.,0.));
#1243 = DIRECTION('',(0.,0.,1.));
#1244 = DEFINITIONAL_REPRESENTATION('',(#1245),#1248);
#1245 = B_SPLINE_CURVE_WITH_KNOTS('',1,(#1246,#1247),.UNSPECIFIED.,.F.,
  .F.,(2,2),(-89.625,-45.625),.PIECEWISE_BEZIER_KNOTS.);
#1246 = CARTESIAN_POINT('',(1.,44.));
#1247 = CARTESIAN_POINT('',(1.,0.));
#1248 = ( GEOMETRIC_REPRESENTATION_CONTEXT(2) 
PARAMETRIC_REPRESENTATION_CONTEXT() REPRESENTATION_CONTEXT('2D SPACE',''
  ) );
#1249 = ORIENTED_EDGE('',*,*,#1250,.T.);
#1250 = EDGE_CURVE('',#1225,#1251,#1253,.T.);
#1251 = VERTEX_POINT('',#1252);
#1252 = CARTESIAN_POINT('',(20.75,-14.5,0.));
#1253 = SURFACE_CURVE('',#1254,(#1258,#1264),.PCURVE_S1.);
#1254 = LINE('',#1255,#1256);
#1255 = CARTESIAN_POINT('',(20.75,-31.,0.));
#1256 = VECTOR('',#1257,1.);
#1257 = DIRECTION('',(0.,1.,0.));
#1258 = PCURVE('',#72,#1259);
#1259 = DEFINITIONAL_REPRESENTATION('',(#1260),#1263);
#1260 = B_SPLINE_CURVE_WITH_KNOTS('',1,(#1261,#1262),.UNSPECIFIED.,.F.,
  .F.,(2,2),(13.5,16.5),.PIECEWISE_BEZIER_KNOTS.);
#1261 = CARTESIAN_POINT('',(91.25,27.));
#1262 = CARTESIAN_POINT('',(91.25,30.));
#1263 = ( GEOMETRIC_REPRESENTATION_CONTEXT(2) 
PARAMETRIC_REPRESENTATION_CONTEXT() REPRESENTATION_CONTEXT('2D SPACE',''
  ) );
#1264 = PCURVE('',#1265,#1270);
#1265 = PLANE('',#1266);
#1266 = AXIS2_PLACEMENT_3D('',#1267,#1268,#1269);
#1267 = CARTESIAN_POINT('',(20.75,-17.5,-1.));
#1268 = DIRECTION('',(1.,0.,0.));
#1269 = DIRECTION('',(0.,0.,1.));
#1270 = DEFINITIONAL_REPRESENTATION('',(#1271),#1274);
#1271 = B_SPLINE_CURVE_WITH_KNOTS('',1,(#1272,#1273),.UNSPECIFIED.,.F.,
  .F.,(2,2),(13.5,16.5),.PIECEWISE_BEZIER_KNOTS.);
#1272 = CARTESIAN_POINT('',(1.,0.));
#1273 = CARTESIAN_POINT('',(1.,-3.));
#1274 = ( GEOMETRIC_REPRESENTATION_CONTEXT(2) 
PARAMETRIC_REPRESENTATION_CONTEXT() REPRESENTATION_CONTEXT('2D SPACE',''
  ) );
#1275 = ORIENTED_EDGE('',*,*,#1276,.F.);
#1276 = EDGE_CURVE('',#1277,#1251,#1279,.T.);
#1277 = VERTEX_POINT('',#1278);
#1278 = CARTESIAN_POINT('',(64.75,-14.5,0.));
#1279 = SURFACE_CURVE('',#1280,(#1284,#1290),.PCURVE_S1.);
#1280 = LINE('',#1281,#1282);
#1281 = CARTESIAN_POINT('',(-24.875,-14.5,0.));
#1282 = VECTOR('',#1283,1.);
#1283 = DIRECTION('',(-1.,0.,0.));
#1284 = PCURVE('',#72,#1285);
#1285 = DEFINITIONAL_REPRESENTATION('',(#1286),#1289);
#1286 = B_SPLINE_CURVE_WITH_KNOTS('',1,(#1287,#1288),.UNSPECIFIED.,.F.,
  .F.,(2,2),(-89.625,-45.625),.PIECEWISE_BEZIER_KNOTS.);
#1287 = CARTESIAN_POINT('',(135.25,30.));
#1288 = CARTESIAN_POINT('',(91.25,30.));
#1289 = ( GEOMETRIC_REPRESENTATION_CONTEXT(2) 
PARAMETRIC_REPRESENTATION_CONTEXT() REPRESENTATION_CONTEXT('2D SPACE',''
  ) );
#1290 = PCURVE('',#1291,#1296);
#1291 = PLANE('',#1292);
#1292 = AXIS2_PLACEMENT_3D('',#1293,#1294,#1295);
#1293 = CARTESIAN_POINT('',(20.75,-14.5,-1.));
#1294 = DIRECTION('',(0.,1.,0.));
#1295 = DIRECTION('',(0.,0.,1.));
#1296 = DEFINITIONAL_REPRESENTATION('',(#1297),#1300);
#1297 = B_SPLINE_CURVE_WITH_KNOTS('',1,(#1298,#1299),.UNSPECIFIED.,.F.,
  .F.,(2,2),(-89.625,-45.625),.PIECEWISE_BEZIER_KNOTS.);
#1298 = CARTESIAN_POINT('',(1.,44.));
#1299 = CARTESIAN_POINT('',(1.,0.));
#1300 = ( GEOMETRIC_REPRESENTATION_CONTEXT(2) 
PARAMETRIC_REPRESENTATION_CONTEXT() REPRESENTATION_CONTEXT('2D SPACE',''
  ) );
#1301 = ORIENTED_EDGE('',*,*,#1302,.F.);
#1302 = EDGE_CURVE('',#1223,#1277,#1303,.T.);
#1303 = SURFACE_CURVE('',#1304,(#1308,#1314),.PCURVE_S1.);
#1304 = LINE('',#1305,#1306);
#1305 = CARTESIAN_POINT('',(64.75,-31.,0.));
#1306 = VECTOR('',#1307,1.);
#1307 = DIRECTION('',(0.,1.,0.));
#1308 = PCURVE('',#72,#1309);
#1309 = DEFINITIONAL_REPRESENTATION('',(#1310),#1313);
#1310 = B_SPLINE_CURVE_WITH_KNOTS('',1,(#1311,#1312),.UNSPECIFIED.,.F.,
  .F.,(2,2),(13.5,16.5),.PIECEWISE_BEZIER_KNOTS.);
#1311 = CARTESIAN_POINT('',(135.25,27.));
#1312 = CARTESIAN_POINT('',(135.25,30.));
#1313 = ( GEOMETRIC_REPRESENTATION_CONTEXT(2) 
PARAMETRIC_REPRESENTATION_CONTEXT() REPRESENTATION_CONTEXT('2D SPACE',''
  ) );
#1314 = PCURVE('',#1315,#1320);
#1315 = PLANE('',#1316);
#1316 = AXIS2_PLACEMENT_3D('',#1317,#1318,#1319);
#1317 = CARTESIAN_POINT('',(64.75,-17.5,-1.));
#1318 = DIRECTION('',(1.,0.,0.));
#1319 = DIRECTION('',(0.,0.,1.));
#1320 = DEFINITIONAL_REPRESENTATION('',(#1321),#1324);
#1321 = B_SPLINE_CURVE_WITH_KNOTS('',1,(#1322,#1323),.UNSPECIFIED.,.F.,
  .F.,(2,2),(13.5,16.5),.PIECEWISE_BEZIER_KNOTS.);
#1322 = CARTESIAN_POINT('',(1.,0.));
#1323 = CARTESIAN_POINT('',(1.,-3.));
#1324 = ( GEOMETRIC_REPRESENTATION_CONTEXT(2) 
PARAMETRIC_REPRESENTATION_CONTEXT() REPRESENTATION_CONTEXT('2D SPACE',''
  ) );
#1325 = FACE_BOUND('',#1326,.F.);
#1326 = EDGE_LOOP('',(#1327,#1355,#1381,#1407));
#1327 = ORIENTED_EDGE('',*,*,#1328,.T.);
#1328 = EDGE_CURVE('',#1329,#1331,#1333,.T.);
#1329 = VERTEX_POINT('',#1330);
#1330 = CARTESIAN_POINT('',(64.75,-9.5,0.));
#1331 = VERTEX_POINT('',#1332);
#1332 = CARTESIAN_POINT('',(20.75,-9.5,0.));
#1333 = SURFACE_CURVE('',#1334,(#1338,#1344),.PCURVE_S1.);
#1334 = LINE('',#1335,#1336);
#1335 = CARTESIAN_POINT('',(-24.875,-9.5,0.));
#1336 = VECTOR('',#1337,1.);
#1337 = DIRECTION('',(-1.,0.,0.));
#1338 = PCURVE('',#72,#1339);
#1339 = DEFINITIONAL_REPRESENTATION('',(#1340),#1343);
#1340 = B_SPLINE_CURVE_WITH_KNOTS('',1,(#1341,#1342),.UNSPECIFIED.,.F.,
  .F.,(2,2),(-89.625,-45.625),.PIECEWISE_BEZIER_KNOTS.);
#1341 = CARTESIAN_POINT('',(135.25,35.));
#1342 = CARTESIAN_POINT('',(91.25,35.));
#1343 = ( GEOMETRIC_REPRESENTATION_CONTEXT(2) 
PARAMETRIC_REPRESENTATION_CONTEXT() REPRESENTATION_CONTEXT('2D SPACE',''
  ) );
#1344 = PCURVE('',#1345,#1350);
#1345 = PLANE('',#1346);
#1346 = AXIS2_PLACEMENT_3D('',#1347,#1348,#1349);
#1347 = CARTESIAN_POINT('',(20.75,-9.5,-1.));
#1348 = DIRECTION('',(0.,1.,0.));
#1349 = DIRECTION('',(0.,0.,1.));
#1350 = DEFINITIONAL_REPRESENTATION('',(#1351),#1354);
#1351 = B_SPLINE_CURVE_WITH_KNOTS('',1,(#1352,#1353),.UNSPECIFIED.,.F.,
  .F.,(2,2),(-89.625,-45.625),.PIECEWISE_BEZIER_KNOTS.);
#1352 = CARTESIAN_POINT('',(1.,44.));
#1353 = CARTESIAN_POINT('',(1.,0.));
#1354 = ( GEOMETRIC_REPRESENTATION_CONTEXT(2) 
PARAMETRIC_REPRESENTATION_CONTEXT() REPRESENTATION_CONTEXT('2D SPACE',''
  ) );
#1355 = ORIENTED_EDGE('',*,*,#1356,.T.);
#1356 = EDGE_CURVE('',#1331,#1357,#1359,.T.);
#1357 = VERTEX_POINT('',#1358);
#1358 = CARTESIAN_POINT('',(20.75,-6.5,0.));
#1359 = SURFACE_CURVE('',#1360,(#1364,#1370),.PCURVE_S1.);
#1360 = LINE('',#1361,#1362);
#1361 = CARTESIAN_POINT('',(20.75,-27.,0.));
#1362 = VECTOR('',#1363,1.);
#1363 = DIRECTION('',(0.,1.,0.));
#1364 = PCURVE('',#72,#1365);
#1365 = DEFINITIONAL_REPRESENTATION('',(#1366),#1369);
#1366 = B_SPLINE_CURVE_WITH_KNOTS('',1,(#1367,#1368),.UNSPECIFIED.,.F.,
  .F.,(2,2),(17.5,20.5),.PIECEWISE_BEZIER_KNOTS.);
#1367 = CARTESIAN_POINT('',(91.25,35.));
#1368 = CARTESIAN_POINT('',(91.25,38.));
#1369 = ( GEOMETRIC_REPRESENTATION_CONTEXT(2) 
PARAMETRIC_REPRESENTATION_CONTEXT() REPRESENTATION_CONTEXT('2D SPACE',''
  ) );
#1370 = PCURVE('',#1371,#1376);
#1371 = PLANE('',#1372);
#1372 = AXIS2_PLACEMENT_3D('',#1373,#1374,#1375);
#1373 = CARTESIAN_POINT('',(20.75,-9.5,-1.));
#1374 = DIRECTION('',(1.,0.,0.));
#1375 = DIRECTION('',(0.,0.,1.));
#1376 = DEFINITIONAL_REPRESENTATION('',(#1377),#1380);
#1377 = B_SPLINE_CURVE_WITH_KNOTS('',1,(#1378,#1379),.UNSPECIFIED.,.F.,
  .F.,(2,2),(17.5,20.5),.PIECEWISE_BEZIER_KNOTS.);
#1378 = CARTESIAN_POINT('',(1.,0.));
#1379 = CARTESIAN_POINT('',(1.,-3.));
#1380 = ( GEOMETRIC_REPRESENTATION_CONTEXT(2) 
PARAMETRIC_REPRESENTATION_CONTEXT() REPRESENTATION_CONTEXT('2D SPACE',''
  ) );
#1381 = ORIENTED_EDGE('',*,*,#1382,.F.);
#1382 = EDGE_CURVE('',#1383,#1357,#1385,.T.);
#1383 = VERTEX_POINT('',#1384);
#1384 = CARTESIAN_POINT('',(64.75,-6.5,0.));
#1385 = SURFACE_CURVE('',#1386,(#1390,#1396),.PCURVE_S1.);
#1386 = LINE('',#1387,#1388);
#1387 = CARTESIAN_POINT('',(-24.875,-6.5,0.));
#1388 = VECTOR('',#1389,1.);
#1389 = DIRECTION('',(-1.,0.,0.));
#1390 = PCURVE('',#72,#1391);
#1391 = DEFINITIONAL_REPRESENTATION('',(#1392),#1395);
#1392 = B_SPLINE_CURVE_WITH_KNOTS('',1,(#1393,#1394),.UNSPECIFIED.,.F.,
  .F.,(2,2),(-89.625,-45.625),.PIECEWISE_BEZIER_KNOTS.);
#1393 = CARTESIAN_POINT('',(135.25,38.));
#1394 = CARTESIAN_POINT('',(91.25,38.));
#1395 = ( GEOMETRIC_REPRESENTATION_CONTEXT(2) 
PARAMETRIC_REPRESENTATION_CONTEXT() REPRESENTATION_CONTEXT('2D SPACE',''
  ) );
#1396 = PCURVE('',#1397,#1402);
#1397 = PLANE('',#1398);
#1398 = AXIS2_PLACEMENT_3D('',#1399,#1400,#1401);
#1399 = CARTESIAN_POINT('',(20.75,-6.5,-1.));
#1400 = DIRECTION('',(0.,1.,0.));
#1401 = DIRECTION('',(0.,0.,1.));
#1402 = DEFINITIONAL_REPRESENTATION('',(#1403),#1406);
#1403 = B_SPLINE_CURVE_WITH_KNOTS('',1,(#1404,#1405),.UNSPECIFIED.,.F.,
  .F.,(2,2),(-89.625,-45.625),.PIECEWISE_BEZIER_KNOTS.);
#1404 = CARTESIAN_POINT('',(1.,44.));
#1405 = CARTESIAN_POINT('',(1.,0.));
#1406 = ( GEOMETRIC_REPRESENTATION_CONTEXT(2) 
PARAMETRIC_REPRESENTATION_CONTEXT() REPRESENTATION_CONTEXT('2D SPACE',''
  ) );
#1407 = ORIENTED_EDGE('',*,*,#1408,.F.);
#1408 = EDGE_CURVE('',#1329,#1383,#1409,.T.);
#1409 = SURFACE_CURVE('',#1410,(#1414,#1420),.PCURVE_S1.);
#1410 = LINE('',#1411,#1412);
#1411 = CARTESIAN_POINT('',(64.75,-27.,0.));
#1412 = VECTOR('',#1413,1.);
#1413 = DIRECTION('',(0.,1.,0.));
#1414 = PCURVE('',#72,#1415);
#1415 = DEFINITIONAL_REPRESENTATION('',(#1416),#1419);
#1416 = B_SPLINE_CURVE_WITH_KNOTS('',1,(#1417,#1418),.UNSPECIFIED.,.F.,
  .F.,(2,2),(17.5,20.5),.PIECEWISE_BEZIER_KNOTS.);
#1417 = CARTESIAN_POINT('',(135.25,35.));
#1418 = CARTESIAN_POINT('',(135.25,38.));
#1419 = ( GEOMETRIC_REPRESENTATION_CONTEXT(2) 
PARAMETRIC_REPRESENTATION_CONTEXT() REPRESENTATION_CONTEXT('2D SPACE',''
  ) );
#1420 = PCURVE('',#1421,#1426);
#1421 = PLANE('',#1422);
#1422 = AXIS2_PLACEMENT_3D('',#1423,#1424,#1425);
#1423 = CARTESIAN_POINT('',(64.75,-9.5,-1.));
#1424 = DIRECTION('',(1.,0.,0.));
#1425 = DIRECTION('',(0.,0.,1.));
#1426 = DEFINITIONAL_REPRESENTATION('',(#1427),#1430);
#1427 = B_SPLINE_CURVE_WITH_KNOTS('',1,(#1428,#1429),.UNSPECIFIED.,.F.,
  .F.,(2,2),(17.5,20.5),.PIECEWISE_BEZIER_KNOTS.);
#1428 = CARTESIAN_POINT('',(1.,0.));
#1429 = CARTESIAN_POINT('',(1.,-3.));
#1430 = ( GEOMETRIC_REPRESENTATION_CONTEXT(2) 
PARAMETRIC_REPRESENTATION_CONTEXT() REPRESENTATION_CONTEXT('2D SPACE',''
  ) );
#1431 = FACE_BOUND('',#1432,.F.);
#1432 = EDGE_LOOP('',(#1433,#1461,#1482,#1508));
#1433 = ORIENTED_EDGE('',*,*,#1434,.T.);
#1434 = EDGE_CURVE('',#1435,#1437,#1439,.T.);
#1435 = VERTEX_POINT('',#1436);
#1436 = CARTESIAN_POINT('',(-53.,-1.5,0.));
#1437 = VERTEX_POINT('',#1438);
#1438 = CARTESIAN_POINT('',(-69.,-1.5,0.));
#1439 = SURFACE_CURVE('',#1440,(#1444,#1450),.PCURVE_S1.);
#1440 = LINE('',#1441,#1442);
#1441 = CARTESIAN_POINT('',(-69.75,-1.5,0.));
#1442 = VECTOR('',#1443,1.);
#1443 = DIRECTION('',(-1.,0.,0.));
#1444 = PCURVE('',#72,#1445);
#1445 = DEFINITIONAL_REPRESENTATION('',(#1446),#1449);
#1446 = B_SPLINE_CURVE_WITH_KNOTS('',1,(#1447,#1448),.UNSPECIFIED.,.F.,
  .F.,(2,2),(-16.75,-0.75),.PIECEWISE_BEZIER_KNOTS.);
#1447 = CARTESIAN_POINT('',(17.5,43.));
#1448 = CARTESIAN_POINT('',(1.5,43.));
#1449 = ( GEOMETRIC_REPRESENTATION_CONTEXT(2) 
PARAMETRIC_REPRESENTATION_CONTEXT() REPRESENTATION_CONTEXT('2D SPACE',''
  ) );
#1450 = PCURVE('',#1451,#1456);
#1451 = PLANE('',#1452);
#1452 = AXIS2_PLACEMENT_3D('',#1453,#1454,#1455);
#1453 = CARTESIAN_POINT('',(-69.,-1.5,-1.));
#1454 = DIRECTION('',(0.,1.,0.));
#1455 = DIRECTION('',(0.,0.,1.));
#1456 = DEFINITIONAL_REPRESENTATION('',(#1457),#1460);
#1457 = B_SPLINE_CURVE_WITH_KNOTS('',1,(#1458,#1459),.UNSPECIFIED.,.F.,
  .F.,(2,2),(-16.75,-0.75),.PIECEWISE_BEZIER_KNOTS.);
#1458 = CARTESIAN_POINT('',(1.,16.));
#1459 = CARTESIAN_POINT('',(1.,0.));
#1460 = ( GEOMETRIC_REPRESENTATION_CONTEXT(2) 
PARAMETRIC_REPRESENTATION_CONTEXT() REPRESENTATION_CONTEXT('2D SPACE',''
  ) );
#1461 = ORIENTED_EDGE('',*,*,#1462,.T.);
#1462 = EDGE_CURVE('',#1437,#1463,#1465,.T.);
#1463 = VERTEX_POINT('',#1464);
#1464 = CARTESIAN_POINT('',(-69.,1.5,0.));
#1465 = SURFACE_CURVE('',#1466,(#1470,#1476),.PCURVE_S1.);
#1466 = LINE('',#1467,#1468);
#1467 = CARTESIAN_POINT('',(-69.,-23.,0.));
#1468 = VECTOR('',#1469,1.);
#1469 = DIRECTION('',(0.,1.,0.));
#1470 = PCURVE('',#72,#1471);
#1471 = DEFINITIONAL_REPRESENTATION('',(#1472),#1475);
#1472 = B_SPLINE_CURVE_WITH_KNOTS('',1,(#1473,#1474),.UNSPECIFIED.,.F.,
  .F.,(2,2),(21.5,24.5),.PIECEWISE_BEZIER_KNOTS.);
#1473 = CARTESIAN_POINT('',(1.5,43.));
#1474 = CARTESIAN_POINT('',(1.5,46.));
#1475 = ( GEOMETRIC_REPRESENTATION_CONTEXT(2) 
PARAMETRIC_REPRESENTATION_CONTEXT() REPRESENTATION_CONTEXT('2D SPACE',''
  ) );
#1476 = PCURVE('',#341,#1477);
#1477 = DEFINITIONAL_REPRESENTATION('',(#1478),#1481);
#1478 = B_SPLINE_CURVE_WITH_KNOTS('',1,(#1479,#1480),.UNSPECIFIED.,.F.,
  .F.,(2,2),(21.5,24.5),.PIECEWISE_BEZIER_KNOTS.);
#1479 = CARTESIAN_POINT('',(1.,0.));
#1480 = CARTESIAN_POINT('',(1.,-3.));
#1481 = ( GEOMETRIC_REPRESENTATION_CONTEXT(2) 
PARAMETRIC_REPRESENTATION_CONTEXT() REPRESENTATION_CONTEXT('2D SPACE',''
  ) );
#1482 = ORIENTED_EDGE('',*,*,#1483,.F.);
#1483 = EDGE_CURVE('',#1484,#1463,#1486,.T.);
#1484 = VERTEX_POINT('',#1485);
#1485 = CARTESIAN_POINT('',(-53.,1.5,0.));
#1486 = SURFACE_CURVE('',#1487,(#1491,#1497),.PCURVE_S1.);
#1487 = LINE('',#1488,#1489);
#1488 = CARTESIAN_POINT('',(-69.75,1.5,0.));
#1489 = VECTOR('',#1490,1.);
#1490 = DIRECTION('',(-1.,0.,0.));
#1491 = PCURVE('',#72,#1492);
#1492 = DEFINITIONAL_REPRESENTATION('',(#1493),#1496);
#1493 = B_SPLINE_CURVE_WITH_KNOTS('',1,(#1494,#1495),.UNSPECIFIED.,.F.,
  .F.,(2,2),(-16.75,-0.75),.PIECEWISE_BEZIER_KNOTS.);
#1494 = CARTESIAN_POINT('',(17.5,46.));
#1495 = CARTESIAN_POINT('',(1.5,46.));
#1496 = ( GEOMETRIC_REPRESENTATION_CONTEXT(2) 
PARAMETRIC_REPRESENTATION_CONTEXT() REPRESENTATION_CONTEXT('2D SPACE',''
  ) );
#1497 = PCURVE('',#1498,#1503);
#1498 = PLANE('',#1499);
#1499 = AXIS2_PLACEMENT_3D('',#1500,#1501,#1502);
#1500 = CARTESIAN_POINT('',(-69.,1.5,-1.));
#1501 = DIRECTION('',(0.,1.,0.));
#1502 = DIRECTION('',(0.,0.,1.));
#1503 = DEFINITIONAL_REPRESENTATION('',(#1504),#1507);
#1504 = B_SPLINE_CURVE_WITH_KNOTS('',1,(#1505,#1506),.UNSPECIFIED.,.F.,
  .F.,(2,2),(-16.75,-0.75),.PIECEWISE_BEZIER_KNOTS.);
#1505 = CARTESIAN_POINT('',(1.,16.));
#1506 = CARTESIAN_POINT('',(1.,0.));
#1507 = ( GEOMETRIC_REPRESENTATION_CONTEXT(2) 
PARAMETRIC_REPRESENTATION_CONTEXT() REPRESENTATION_CONTEXT('2D SPACE',''
  ) );
#1508 = ORIENTED_EDGE('',*,*,#1509,.F.);
#1509 = EDGE_CURVE('',#1435,#1484,#1510,.T.);
#1510 = SURFACE_CURVE('',#1511,(#1515,#1521),.PCURVE_S1.);
#1511 = LINE('',#1512,#1513);
#1512 = CARTESIAN_POINT('',(-53.,-23.,0.));
#1513 = VECTOR('',#1514,1.);
#1514 = DIRECTION('',(0.,1.,0.));
#1515 = PCURVE('',#72,#1516);
#1516 = DEFINITIONAL_REPRESENTATION('',(#1517),#1520);
#1517 = B_SPLINE_CURVE_WITH_KNOTS('',1,(#1518,#1519),.UNSPECIFIED.,.F.,
  .F.,(2,2),(21.5,24.5),.PIECEWISE_BEZIER_KNOTS.);
#1518 = CARTESIAN_POINT('',(17.5,43.));
#1519 = CARTESIAN_POINT('',(17.5,46.));
#1520 = ( GEOMETRIC_REPRESENTATION_CONTEXT(2) 
PARAMETRIC_REPRESENTATION_CONTEXT() REPRESENTATION_CONTEXT('2D SPACE',''
  ) );
#1521 = PCURVE('',#1522,#1527);
#1522 = PLANE('',#1523);
#1523 = AXIS2_PLACEMENT_3D('',#1524,#1525,#1526);
#1524 = CARTESIAN_POINT('',(-53.,-1.5,-1.));
#1525 = DIRECTION('',(1.,0.,0.));
#1526 = DIRECTION('',(0.,0.,1.));
#1527 = DEFINITIONAL_REPRESENTATION('',(#1528),#1531);
#1528 = B_SPLINE_CURVE_WITH_KNOTS('',1,(#1529,#1530),.UNSPECIFIED.,.F.,
  .F.,(2,2),(21.5,24.5),.PIECEWISE_BEZIER_KNOTS.);
#1529 = CARTESIAN_POINT('',(1.,0.));
#1530 = CARTESIAN_POINT('',(1.,-3.));
#1531 = ( GEOMETRIC_REPRESENTATION_CONTEXT(2) 
PARAMETRIC_REPRESENTATION_CONTEXT() REPRESENTATION_CONTEXT('2D SPACE',''
  ) );
#1532 = FACE_BOUND('',#1533,.F.);
#1533 = EDGE_LOOP('',(#1534,#1562,#1583,#1609));
#1534 = ORIENTED_EDGE('',*,*,#1535,.T.);
#1535 = EDGE_CURVE('',#1536,#1538,#1540,.T.);
#1536 = VERTEX_POINT('',#1537);
#1537 = CARTESIAN_POINT('',(-53.,6.5,0.));
#1538 = VERTEX_POINT('',#1539);
#1539 = CARTESIAN_POINT('',(-69.,6.5,0.));
#1540 = SURFACE_CURVE('',#1541,(#1545,#1551),.PCURVE_S1.);
#1541 = LINE('',#1542,#1543);
#1542 = CARTESIAN_POINT('',(-69.75,6.5,0.));
#1543 = VECTOR('',#1544,1.);
#1544 = DIRECTION('',(-1.,0.,0.));
#1545 = PCURVE('',#72,#1546);
#1546 = DEFINITIONAL_REPRESENTATION('',(#1547),#1550);
#1547 = B_SPLINE_CURVE_WITH_KNOTS('',1,(#1548,#1549),.UNSPECIFIED.,.F.,
  .F.,(2,2),(-16.75,-0.75),.PIECEWISE_BEZIER_KNOTS.);
#1548 = CARTESIAN_POINT('',(17.5,51.));
#1549 = CARTESIAN_POINT('',(1.5,51.));
#1550 = ( GEOMETRIC_REPRESENTATION_CONTEXT(2) 
PARAMETRIC_REPRESENTATION_CONTEXT() REPRESENTATION_CONTEXT('2D SPACE',''
  ) );
#1551 = PCURVE('',#1552,#1557);
#1552 = PLANE('',#1553);
#1553 = AXIS2_PLACEMENT_3D('',#1554,#1555,#1556);
#1554 = CARTESIAN_POINT('',(-69.,6.5,-1.));
#1555 = DIRECTION('',(0.,1.,0.));
#1556 = DIRECTION('',(0.,0.,1.));
#1557 = DEFINITIONAL_REPRESENTATION('',(#1558),#1561);
#1558 = B_SPLINE_CURVE_WITH_KNOTS('',1,(#1559,#1560),.UNSPECIFIED.,.F.,
  .F.,(2,2),(-16.75,-0.75),.PIECEWISE_BEZIER_KNOTS.);
#1559 = CARTESIAN_POINT('',(1.,16.));
#1560 = CARTESIAN_POINT('',(1.,0.));
#1561 = ( GEOMETRIC_REPRESENTATION_CONTEXT(2) 
PARAMETRIC_REPRESENTATION_CONTEXT() REPRESENTATION_CONTEXT('2D SPACE',''
  ) );
#1562 = ORIENTED_EDGE('',*,*,#1563,.T.);
#1563 = EDGE_CURVE('',#1538,#1564,#1566,.T.);
#1564 = VERTEX_POINT('',#1565);
#1565 = CARTESIAN_POINT('',(-69.,9.5,0.));
#1566 = SURFACE_CURVE('',#1567,(#1571,#1577),.PCURVE_S1.);
#1567 = LINE('',#1568,#1569);
#1568 = CARTESIAN_POINT('',(-69.,-19.,0.));
#1569 = VECTOR('',#1570,1.);
#1570 = DIRECTION('',(0.,1.,0.));
#1571 = PCURVE('',#72,#1572);
#1572 = DEFINITIONAL_REPRESENTATION('',(#1573),#1576);
#1573 = B_SPLINE_CURVE_WITH_KNOTS('',1,(#1574,#1575),.UNSPECIFIED.,.F.,
  .F.,(2,2),(25.5,28.5),.PIECEWISE_BEZIER_KNOTS.);
#1574 = CARTESIAN_POINT('',(1.5,51.));
#1575 = CARTESIAN_POINT('',(1.5,54.));
#1576 = ( GEOMETRIC_REPRESENTATION_CONTEXT(2) 
PARAMETRIC_REPRESENTATION_CONTEXT() REPRESENTATION_CONTEXT('2D SPACE',''
  ) );
#1577 = PCURVE('',#392,#1578);
#1578 = DEFINITIONAL_REPRESENTATION('',(#1579),#1582);
#1579 = B_SPLINE_CURVE_WITH_KNOTS('',1,(#1580,#1581),.UNSPECIFIED.,.F.,
  .F.,(2,2),(25.5,28.5),.PIECEWISE_BEZIER_KNOTS.);
#1580 = CARTESIAN_POINT('',(1.,0.));
#1581 = CARTESIAN_POINT('',(1.,-3.));
#1582 = ( GEOMETRIC_REPRESENTATION_CONTEXT(2) 
PARAMETRIC_REPRESENTATION_CONTEXT() REPRESENTATION_CONTEXT('2D SPACE',''
  ) );
#1583 = ORIENTED_EDGE('',*,*,#1584,.F.);
#1584 = EDGE_CURVE('',#1585,#1564,#1587,.T.);
#1585 = VERTEX_POINT('',#1586);
#1586 = CARTESIAN_POINT('',(-53.,9.5,0.));
#1587 = SURFACE_CURVE('',#1588,(#1592,#1598),.PCURVE_S1.);
#1588 = LINE('',#1589,#1590);
#1589 = CARTESIAN_POINT('',(-69.75,9.5,0.));
#1590 = VECTOR('',#1591,1.);
#1591 = DIRECTION('',(-1.,0.,0.));
#1592 = PCURVE('',#72,#1593);
#1593 = DEFINITIONAL_REPRESENTATION('',(#1594),#1597);
#1594 = B_SPLINE_CURVE_WITH_KNOTS('',1,(#1595,#1596),.UNSPECIFIED.,.F.,
  .F.,(2,2),(-16.75,-0.75),.PIECEWISE_BEZIER_KNOTS.);
#1595 = CARTESIAN_POINT('',(17.5,54.));
#1596 = CARTESIAN_POINT('',(1.5,54.));
#1597 = ( GEOMETRIC_REPRESENTATION_CONTEXT(2) 
PARAMETRIC_REPRESENTATION_CONTEXT() REPRESENTATION_CONTEXT('2D SPACE',''
  ) );
#1598 = PCURVE('',#1599,#1604);
#1599 = PLANE('',#1600);
#1600 = AXIS2_PLACEMENT_3D('',#1601,#1602,#1603);
#1601 = CARTESIAN_POINT('',(-69.,9.5,-1.));
#1602 = DIRECTION('',(0.,1.,0.));
#1603 = DIRECTION('',(0.,0.,1.));
#1604 = DEFINITIONAL_REPRESENTATION('',(#1605),#1608);
#1605 = B_SPLINE_CURVE_WITH_KNOTS('',1,(#1606,#1607),.UNSPECIFIED.,.F.,
  .F.,(2,2),(-16.75,-0.75),.PIECEWISE_BEZIER_KNOTS.);
#1606 = CARTESIAN_POINT('',(1.,16.));
#1607 = CARTESIAN_POINT('',(1.,0.));
#1608 = ( GEOMETRIC_REPRESENTATION_CONTEXT(2) 
PARAMETRIC_REPRESENTATION_CONTEXT() REPRESENTATION_CONTEXT('2D SPACE',''
  ) );
#1609 = ORIENTED_EDGE('',*,*,#1610,.F.);
#1610 = EDGE_CURVE('',#1536,#1585,#1611,.T.);
#1611 = SURFACE_CURVE('',#1612,(#1616,#1622),.PCURVE_S1.);
#1612 = LINE('',#1613,#1614);
#1613 = CARTESIAN_POINT('',(-53.,-19.,0.));
#1614 = VECTOR('',#1615,1.);
#1615 = DIRECTION('',(0.,1.,0.));
#1616 = PCURVE('',#72,#1617);
#1617 = DEFINITIONAL_REPRESENTATION('',(#1618),#1621);
#1618 = B_SPLINE_CURVE_WITH_KNOTS('',1,(#1619,#1620),.UNSPECIFIED.,.F.,
  .F.,(2,2),(25.5,28.5),.PIECEWISE_BEZIER_KNOTS.);
#1619 = CARTESIAN_POINT('',(17.5,51.));
#1620 = CARTESIAN_POINT('',(17.5,54.));
#1621 = ( GEOMETRIC_REPRESENTATION_CONTEXT(2) 
PARAMETRIC_REPRESENTATION_CONTEXT() REPRESENTATION_CONTEXT('2D SPACE',''
  ) );
#1622 = PCURVE('',#1623,#1628);
#1623 = PLANE('',#1624);
#1624 = AXIS2_PLACEMENT_3D('',#1625,#1626,#1627);
#1625 = CARTESIAN_POINT('',(-53.,6.5,-1.));
#1626 = DIRECTION('',(1.,0.,0.));
#1627 = DIRECTION('',(0.,0.,1.));
#1628 = DEFINITIONAL_REPRESENTATION('',(#1629),#1632);
#1629 = B_SPLINE_CURVE_WITH_KNOTS('',1,(#1630,#1631),.UNSPECIFIED.,.F.,
  .F.,(2,2),(25.5,28.5),.PIECEWISE_BEZIER_KNOTS.);
#1630 = CARTESIAN_POINT('',(1.,0.));
#1631 = CARTESIAN_POINT('',(1.,-3.));
#1632 = ( GEOMETRIC_REPRESENTATION_CONTEXT(2) 
PARAMETRIC_REPRESENTATION_CONTEXT() REPRESENTATION_CONTEXT('2D SPACE',''
  ) );
#1633 = FACE_BOUND('',#1634,.F.);
#1634 = EDGE_LOOP('',(#1635,#1663,#1689,#1715));
#1635 = ORIENTED_EDGE('',*,*,#1636,.T.);
#1636 = EDGE_CURVE('',#1637,#1639,#1641,.T.);
#1637 = VERTEX_POINT('',#1638);
#1638 = CARTESIAN_POINT('',(13.,-1.5,0.));
#1639 = VERTEX_POINT('',#1640);
#1640 = CARTESIAN_POINT('',(-49.,-1.5,0.));
#1641 = SURFACE_CURVE('',#1642,(#1646,#1652),.PCURVE_S1.);
#1642 = LINE('',#1643,#1644);
#1643 = CARTESIAN_POINT('',(-59.75,-1.5,0.));
#1644 = VECTOR('',#1645,1.);
#1645 = DIRECTION('',(-1.,0.,0.));
#1646 = PCURVE('',#72,#1647);
#1647 = DEFINITIONAL_REPRESENTATION('',(#1648),#1651);
#1648 = B_SPLINE_CURVE_WITH_KNOTS('',1,(#1649,#1650),.UNSPECIFIED.,.F.,
  .F.,(2,2),(-72.75,-10.75),.PIECEWISE_BEZIER_KNOTS.);
#1649 = CARTESIAN_POINT('',(83.5,43.));
#1650 = CARTESIAN_POINT('',(21.5,43.));
#1651 = ( GEOMETRIC_REPRESENTATION_CONTEXT(2) 
PARAMETRIC_REPRESENTATION_CONTEXT() REPRESENTATION_CONTEXT('2D SPACE',''
  ) );
#1652 = PCURVE('',#1653,#1658);
#1653 = PLANE('',#1654);
#1654 = AXIS2_PLACEMENT_3D('',#1655,#1656,#1657);
#1655 = CARTESIAN_POINT('',(-49.,-1.5,-1.));
#1656 = DIRECTION('',(0.,1.,0.));
#1657 = DIRECTION('',(0.,0.,1.));
#1658 = DEFINITIONAL_REPRESENTATION('',(#1659),#1662);
#1659 = B_SPLINE_CURVE_WITH_KNOTS('',1,(#1660,#1661),.UNSPECIFIED.,.F.,
  .F.,(2,2),(-72.75,-10.75),.PIECEWISE_BEZIER_KNOTS.);
#1660 = CARTESIAN_POINT('',(1.,62.));
#1661 = CARTESIAN_POINT('',(1.,0.));
#1662 = ( GEOMETRIC_REPRESENTATION_CONTEXT(2) 
PARAMETRIC_REPRESENTATION_CONTEXT() REPRESENTATION_CONTEXT('2D SPACE',''
  ) );
#1663 = ORIENTED_EDGE('',*,*,#1664,.T.);
#1664 = EDGE_CURVE('',#1639,#1665,#1667,.T.);
#1665 = VERTEX_POINT('',#1666);
#1666 = CARTESIAN_POINT('',(-49.,1.5,0.));
#1667 = SURFACE_CURVE('',#1668,(#1672,#1678),.PCURVE_S1.);
#1668 = LINE('',#1669,#1670);
#1669 = CARTESIAN_POINT('',(-49.,-23.,0.));
#1670 = VECTOR('',#1671,1.);
#1671 = DIRECTION('',(0.,1.,0.));
#1672 = PCURVE('',#72,#1673);
#1673 = DEFINITIONAL_REPRESENTATION('',(#1674),#1677);
#1674 = B_SPLINE_CURVE_WITH_KNOTS('',1,(#1675,#1676),.UNSPECIFIED.,.F.,
  .F.,(2,2),(21.5,24.5),.PIECEWISE_BEZIER_KNOTS.);
#1675 = CARTESIAN_POINT('',(21.5,43.));
#1676 = CARTESIAN_POINT('',(21.5,46.));
#1677 = ( GEOMETRIC_REPRESENTATION_CONTEXT(2) 
PARAMETRIC_REPRESENTATION_CONTEXT() REPRESENTATION_CONTEXT('2D SPACE',''
  ) );
#1678 = PCURVE('',#1679,#1684);
#1679 = PLANE('',#1680);
#1680 = AXIS2_PLACEMENT_3D('',#1681,#1682,#1683);
#1681 = CARTESIAN_POINT('',(-49.,-1.5,-1.));
#1682 = DIRECTION('',(1.,0.,0.));
#1683 = DIRECTION('',(0.,0.,1.));
#1684 = DEFINITIONAL_REPRESENTATION('',(#1685),#1688);
#1685 = B_SPLINE_CURVE_WITH_KNOTS('',1,(#1686,#1687),.UNSPECIFIED.,.F.,
  .F.,(2,2),(21.5,24.5),.PIECEWISE_BEZIER_KNOTS.);
#1686 = CARTESIAN_POINT('',(1.,0.));
#1687 = CARTESIAN_POINT('',(1.,-3.));
#1688 = ( GEOMETRIC_REPRESENTATION_CONTEXT(2) 
PARAMETRIC_REPRESENTATION_CONTEXT() REPRESENTATION_CONTEXT('2D SPACE',''
  ) );
#1689 = ORIENTED_EDGE('',*,*,#1690,.F.);
#1690 = EDGE_CURVE('',#1691,#1665,#1693,.T.);
#1691 = VERTEX_POINT('',#1692);
#1692 = CARTESIAN_POINT('',(13.,1.5,0.));
#1693 = SURFACE_CURVE('',#1694,(#1698,#1704),.PCURVE_S1.);
#1694 = LINE('',#1695,#1696);
#1695 = CARTESIAN_POINT('',(-59.75,1.5,0.));
#1696 = VECTOR('',#1697,1.);
#1697 = DIRECTION('',(-1.,0.,0.));
#1698 = PCURVE('',#72,#1699);
#1699 = DEFINITIONAL_REPRESENTATION('',(#1700),#1703);
#1700 = B_SPLINE_CURVE_WITH_KNOTS('',1,(#1701,#1702),.UNSPECIFIED.,.F.,
  .F.,(2,2),(-72.75,-10.75),.PIECEWISE_BEZIER_KNOTS.);
#1701 = CARTESIAN_POINT('',(83.5,46.));
#1702 = CARTESIAN_POINT('',(21.5,46.));
#1703 = ( GEOMETRIC_REPRESENTATION_CONTEXT(2) 
PARAMETRIC_REPRESENTATION_CONTEXT() REPRESENTATION_CONTEXT('2D SPACE',''
  ) );
#1704 = PCURVE('',#1705,#1710);
#1705 = PLANE('',#1706);
#1706 = AXIS2_PLACEMENT_3D('',#1707,#1708,#1709);
#1707 = CARTESIAN_POINT('',(-49.,1.5,-1.));
#1708 = DIRECTION('',(0.,1.,0.));
#1709 = DIRECTION('',(0.,0.,1.));
#1710 = DEFINITIONAL_REPRESENTATION('',(#1711),#1714);
#1711 = B_SPLINE_CURVE_WITH_KNOTS('',1,(#1712,#1713),.UNSPECIFIED.,.F.,
  .F.,(2,2),(-72.75,-10.75),.PIECEWISE_BEZIER_KNOTS.);
#1712 = CARTESIAN_POINT('',(1.,62.));
#1713 = CARTESIAN_POINT('',(1.,0.));
#1714 = ( GEOMETRIC_REPRESENTATION_CONTEXT(2) 
PARAMETRIC_REPRESENTATION_CONTEXT() REPRESENTATION_CONTEXT('2D SPACE',''
  ) );
#1715 = ORIENTED_EDGE('',*,*,#1716,.F.);
#1716 = EDGE_CURVE('',#1637,#1691,#1717,.T.);
#1717 = SURFACE_CURVE('',#1718,(#1722,#1728),.PCURVE_S1.);
#1718 = LINE('',#1719,#1720);
#1719 = CARTESIAN_POINT('',(13.,-23.,0.));
#1720 = VECTOR('',#1721,1.);
#1721 = DIRECTION('',(0.,1.,0.));
#1722 = PCURVE('',#72,#1723);
#1723 = DEFINITIONAL_REPRESENTATION('',(#1724),#1727);
#1724 = B_SPLINE_CURVE_WITH_KNOTS('',1,(#1725,#1726),.UNSPECIFIED.,.F.,
  .F.,(2,2),(21.5,24.5),.PIECEWISE_BEZIER_KNOTS.);
#1725 = CARTESIAN_POINT('',(83.5,43.));
#1726 = CARTESIAN_POINT('',(83.5,46.));
#1727 = ( GEOMETRIC_REPRESENTATION_CONTEXT(2) 
PARAMETRIC_REPRESENTATION_CONTEXT() REPRESENTATION_CONTEXT('2D SPACE',''
  ) );
#1728 = PCURVE('',#1729,#1734);
#1729 = PLANE('',#1730);
#1730 = AXIS2_PLACEMENT_3D('',#1731,#1732,#1733);
#1731 = CARTESIAN_POINT('',(13.,-1.5,-1.));
#1732 = DIRECTION('',(1.,0.,0.));
#1733 = DIRECTION('',(0.,0.,1.));
#1734 = DEFINITIONAL_REPRESENTATION('',(#1735),#1738);
#1735 = B_SPLINE_CURVE_WITH_KNOTS('',1,(#1736,#1737),.UNSPECIFIED.,.F.,
  .F.,(2,2),(21.5,24.5),.PIECEWISE_BEZIER_KNOTS.);
#1736 = CARTESIAN_POINT('',(1.,0.));
#1737 = CARTESIAN_POINT('',(1.,-3.));
#1738 = ( GEOMETRIC_REPRESENTATION_CONTEXT(2) 
PARAMETRIC_REPRESENTATION_CONTEXT() REPRESENTATION_CONTEXT('2D SPACE',''
  ) );
#1739 = FACE_BOUND('',#1740,.F.);
#1740 = EDGE_LOOP('',(#1741,#1769,#1795,#1821));
#1741 = ORIENTED_EDGE('',*,*,#1742,.T.);
#1742 = EDGE_CURVE('',#1743,#1745,#1747,.T.);
#1743 = VERTEX_POINT('',#1744);
#1744 = CARTESIAN_POINT('',(13.,6.5,0.));
#1745 = VERTEX_POINT('',#1746);
#1746 = CARTESIAN_POINT('',(-49.,6.5,0.));
#1747 = SURFACE_CURVE('',#1748,(#1752,#1758),.PCURVE_S1.);
#1748 = LINE('',#1749,#1750);
#1749 = CARTESIAN_POINT('',(-59.75,6.5,0.));
#1750 = VECTOR('',#1751,1.);
#1751 = DIRECTION('',(-1.,0.,0.));
#1752 = PCURVE('',#72,#1753);
#1753 = DEFINITIONAL_REPRESENTATION('',(#1754),#1757);
#1754 = B_SPLINE_CURVE_WITH_KNOTS('',1,(#1755,#1756),.UNSPECIFIED.,.F.,
  .F.,(2,2),(-72.75,-10.75),.PIECEWISE_BEZIER_KNOTS.);
#1755 = CARTESIAN_POINT('',(83.5,51.));
#1756 = CARTESIAN_POINT('',(21.5,51.));
#1757 = ( GEOMETRIC_REPRESENTATION_CONTEXT(2) 
PARAMETRIC_REPRESENTATION_CONTEXT() REPRESENTATION_CONTEXT('2D SPACE',''
  ) );
#1758 = PCURVE('',#1759,#1764);
#1759 = PLANE('',#1760);
#1760 = AXIS2_PLACEMENT_3D('',#1761,#1762,#1763);
#1761 = CARTESIAN_POINT('',(-49.,6.5,-1.));
#1762 = DIRECTION('',(0.,1.,0.));
#1763 = DIRECTION('',(0.,0.,1.));
#1764 = DEFINITIONAL_REPRESENTATION('',(#1765),#1768);
#1765 = B_SPLINE_CURVE_WITH_KNOTS('',1,(#1766,#1767),.UNSPECIFIED.,.F.,
  .F.,(2,2),(-72.75,-10.75),.PIECEWISE_BEZIER_KNOTS.);
#1766 = CARTESIAN_POINT('',(1.,62.));
#1767 = CARTESIAN_POINT('',(1.,0.));
#1768 = ( GEOMETRIC_REPRESENTATION_CONTEXT(2) 
PARAMETRIC_REPRESENTATION_CONTEXT() REPRESENTATION_CONTEXT('2D SPACE',''
  ) );
#1769 = ORIENTED_EDGE('',*,*,#1770,.T.);
#1770 = EDGE_CURVE('',#1745,#1771,#1773,.T.);
#1771 = VERTEX_POINT('',#1772);
#1772 = CARTESIAN_POINT('',(-49.,9.5,0.));
#1773 = SURFACE_CURVE('',#1774,(#1778,#1784),.PCURVE_S1.);
#1774 = LINE('',#1775,#1776);
#1775 = CARTESIAN_POINT('',(-49.,-19.,0.));
#1776 = VECTOR('',#1777,1.);
#1777 = DIRECTION('',(0.,1.,0.));
#1778 = PCURVE('',#72,#1779);
#1779 = DEFINITIONAL_REPRESENTATION('',(#1780),#1783);
#1780 = B_SPLINE_CURVE_WITH_KNOTS('',1,(#1781,#1782),.UNSPECIFIED.,.F.,
  .F.,(2,2),(25.5,28.5),.PIECEWISE_BEZIER_KNOTS.);
#1781 = CARTESIAN_POINT('',(21.5,51.));
#1782 = CARTESIAN_POINT('',(21.5,54.));
#1783 = ( GEOMETRIC_REPRESENTATION_CONTEXT(2) 
PARAMETRIC_REPRESENTATION_CONTEXT() REPRESENTATION_CONTEXT('2D SPACE',''
  ) );
#1784 = PCURVE('',#1785,#1790);
#1785 = PLANE('',#1786);
#1786 = AXIS2_PLACEMENT_3D('',#1787,#1788,#1789);
#1787 = CARTESIAN_POINT('',(-49.,6.5,-1.));
#1788 = DIRECTION('',(1.,0.,0.));
#1789 = DIRECTION('',(0.,0.,1.));
#1790 = DEFINITIONAL_REPRESENTATION('',(#1791),#1794);
#1791 = B_SPLINE_CURVE_WITH_KNOTS('',1,(#1792,#1793),.UNSPECIFIED.,.F.,
  .F.,(2,2),(25.5,28.5),.PIECEWISE_BEZIER_KNOTS.);
#1792 = CARTESIAN_POINT('',(1.,0.));
#1793 = CARTESIAN_POINT('',(1.,-3.));
#1794 = ( GEOMETRIC_REPRESENTATION_CONTEXT(2) 
PARAMETRIC_REPRESENTATION_CONTEXT() REPRESENTATION_CONTEXT('2D SPACE',''
  ) );
#1795 = ORIENTED_EDGE('',*,*,#1796,.F.);
#1796 = EDGE_CURVE('',#1797,#1771,#1799,.T.);
#1797 = VERTEX_POINT('',#1798);
#1798 = CARTESIAN_POINT('',(13.,9.5,0.));
#1799 = SURFACE_CURVE('',#1800,(#1804,#1810),.PCURVE_S1.);
#1800 = LINE('',#1801,#1802);
#1801 = CARTESIAN_POINT('',(-59.75,9.5,0.));
#1802 = VECTOR('',#1803,1.);
#1803 = DIRECTION('',(-1.,0.,0.));
#1804 = PCURVE('',#72,#1805);
#1805 = DEFINITIONAL_REPRESENTATION('',(#1806),#1809);
#1806 = B_SPLINE_CURVE_WITH_KNOTS('',1,(#1807,#1808),.UNSPECIFIED.,.F.,
  .F.,(2,2),(-72.75,-10.75),.PIECEWISE_BEZIER_KNOTS.);
#1807 = CARTESIAN_POINT('',(83.5,54.));
#1808 = CARTESIAN_POINT('',(21.5,54.));
#1809 = ( GEOMETRIC_REPRESENTATION_CONTEXT(2) 
PARAMETRIC_REPRESENTATION_CONTEXT() REPRESENTATION_CONTEXT('2D SPACE',''
  ) );
#1810 = PCURVE('',#1811,#1816);
#1811 = PLANE('',#1812);
#1812 = AXIS2_PLACEMENT_3D('',#1813,#1814,#1815);
#1813 = CARTESIAN_POINT('',(-49.,9.5,-1.));
#1814 = DIRECTION('',(0.,1.,0.));
#1815 = DIRECTION('',(0.,0.,1.));
#1816 = DEFINITIONAL_REPRESENTATION('',(#1817),#1820);
#1817 = B_SPLINE_CURVE_WITH_KNOTS('',1,(#1818,#1819),.UNSPECIFIED.,.F.,
  .F.,(2,2),(-72.75,-10.75),.PIECEWISE_BEZIER_KNOTS.);
#1818 = CARTESIAN_POINT('',(1.,62.));
#1819 = CARTESIAN_POINT('',(1.,0.));
#1820 = ( GEOMETRIC_REPRESENTATION_CONTEXT(2) 
PARAMETRIC_REPRESENTATION_CONTEXT() REPRESENTATION_CONTEXT('2D SPACE',''
  ) );
#1821 = ORIENTED_EDGE('',*,*,#1822,.F.);
#1822 = EDGE_CURVE('',#1743,#1797,#1823,.T.);
#1823 = SURFACE_CURVE('',#1824,(#1828,#1834),.PCURVE_S1.);
#1824 = LINE('',#1825,#1826);
#1825 = CARTESIAN_POINT('',(13.,-19.,0.));
#1826 = VECTOR('',#1827,1.);
#1827 = DIRECTION('',(0.,1.,0.));
#1828 = PCURVE('',#72,#1829);
#1829 = DEFINITIONAL_REPRESENTATION('',(#1830),#1833);
#1830 = B_SPLINE_CURVE_WITH_KNOTS('',1,(#1831,#1832),.UNSPECIFIED.,.F.,
  .F.,(2,2),(25.5,28.5),.PIECEWISE_BEZIER_KNOTS.);
#1831 = CARTESIAN_POINT('',(83.5,51.));
#1832 = CARTESIAN_POINT('',(83.5,54.));
#1833 = ( GEOMETRIC_REPRESENTATION_CONTEXT(2) 
PARAMETRIC_REPRESENTATION_CONTEXT() REPRESENTATION_CONTEXT('2D SPACE',''
  ) );
#1834 = PCURVE('',#1835,#1840);
#1835 = PLANE('',#1836);
#1836 = AXIS2_PLACEMENT_3D('',#1837,#1838,#1839);
#1837 = CARTESIAN_POINT('',(13.,6.5,-1.));
#1838 = DIRECTION('',(1.,0.,0.));
#1839 = DIRECTION('',(0.,0.,1.));
#1840 = DEFINITIONAL_REPRESENTATION('',(#1841),#1844);
#1841 = B_SPLINE_CURVE_WITH_KNOTS('',1,(#1842,#1843),.UNSPECIFIED.,.F.,
  .F.,(2,2),(25.5,28.5),.PIECEWISE_BEZIER_KNOTS.);
#1842 = CARTESIAN_POINT('',(1.,0.));
#1843 = CARTESIAN_POINT('',(1.,-3.));
#1844 = ( GEOMETRIC_REPRESENTATION_CONTEXT(2) 
PARAMETRIC_REPRESENTATION_CONTEXT() REPRESENTATION_CONTEXT('2D SPACE',''
  ) );
#1845 = FACE_BOUND('',#1846,.F.);
#1846 = EDGE_LOOP('',(#1847,#1875,#1901,#1927));
#1847 = ORIENTED_EDGE('',*,*,#1848,.T.);
#1848 = EDGE_CURVE('',#1849,#1851,#1853,.T.);
#1849 = VERTEX_POINT('',#1850);
#1850 = CARTESIAN_POINT('',(13.,14.5,0.));
#1851 = VERTEX_POINT('',#1852);
#1852 = CARTESIAN_POINT('',(-49.,14.5,0.));
#1853 = SURFACE_CURVE('',#1854,(#1858,#1864),.PCURVE_S1.);
#1854 = LINE('',#1855,#1856);
#1855 = CARTESIAN_POINT('',(-59.75,14.5,0.));
#1856 = VECTOR('',#1857,1.);
#1857 = DIRECTION('',(-1.,0.,0.));
#1858 = PCURVE('',#72,#1859);
#1859 = DEFINITIONAL_REPRESENTATION('',(#1860),#1863);
#1860 = B_SPLINE_CURVE_WITH_KNOTS('',1,(#1861,#1862),.UNSPECIFIED.,.F.,
  .F.,(2,2),(-72.75,-10.75),.PIECEWISE_BEZIER_KNOTS.);
#1861 = CARTESIAN_POINT('',(83.5,59.));
#1862 = CARTESIAN_POINT('',(21.5,59.));
#1863 = ( GEOMETRIC_REPRESENTATION_CONTEXT(2) 
PARAMETRIC_REPRESENTATION_CONTEXT() REPRESENTATION_CONTEXT('2D SPACE',''
  ) );
#1864 = PCURVE('',#1865,#1870);
#1865 = PLANE('',#1866);
#1866 = AXIS2_PLACEMENT_3D('',#1867,#1868,#1869);
#1867 = CARTESIAN_POINT('',(-49.,14.5,-1.));
#1868 = DIRECTION('',(0.,1.,0.));
#1869 = DIRECTION('',(0.,0.,1.));
#1870 = DEFINITIONAL_REPRESENTATION('',(#1871),#1874);
#1871 = B_SPLINE_CURVE_WITH_KNOTS('',1,(#1872,#1873),.UNSPECIFIED.,.F.,
  .F.,(2,2),(-72.75,-10.75),.PIECEWISE_BEZIER_KNOTS.);
#1872 = CARTESIAN_POINT('',(1.,62.));
#1873 = CARTESIAN_POINT('',(1.,0.));
#1874 = ( GEOMETRIC_REPRESENTATION_CONTEXT(2) 
PARAMETRIC_REPRESENTATION_CONTEXT() REPRESENTATION_CONTEXT('2D SPACE',''
  ) );
#1875 = ORIENTED_EDGE('',*,*,#1876,.T.);
#1876 = EDGE_CURVE('',#1851,#1877,#1879,.T.);
#1877 = VERTEX_POINT('',#1878);
#1878 = CARTESIAN_POINT('',(-49.,17.5,0.));
#1879 = SURFACE_CURVE('',#1880,(#1884,#1890),.PCURVE_S1.);
#1880 = LINE('',#1881,#1882);
#1881 = CARTESIAN_POINT('',(-49.,-15.,0.));
#1882 = VECTOR('',#1883,1.);
#1883 = DIRECTION('',(0.,1.,0.));
#1884 = PCURVE('',#72,#1885);
#1885 = DEFINITIONAL_REPRESENTATION('',(#1886),#1889);
#1886 = B_SPLINE_CURVE_WITH_KNOTS('',1,(#1887,#1888),.UNSPECIFIED.,.F.,
  .F.,(2,2),(29.5,32.5),.PIECEWISE_BEZIER_KNOTS.);
#1887 = CARTESIAN_POINT('',(21.5,59.));
#1888 = CARTESIAN_POINT('',(21.5,62.));
#1889 = ( GEOMETRIC_REPRESENTATION_CONTEXT(2) 
PARAMETRIC_REPRESENTATION_CONTEXT() REPRESENTATION_CONTEXT('2D SPACE',''
  ) );
#1890 = PCURVE('',#1891,#1896);
#1891 = PLANE('',#1892);
#1892 = AXIS2_PLACEMENT_3D('',#1893,#1894,#1895);
#1893 = CARTESIAN_POINT('',(-49.,14.5,-1.));
#1894 = DIRECTION('',(1.,0.,0.));
#1895 = DIRECTION('',(0.,0.,1.));
#1896 = DEFINITIONAL_REPRESENTATION('',(#1897),#1900);
#1897 = B_SPLINE_CURVE_WITH_KNOTS('',1,(#1898,#1899),.UNSPECIFIED.,.F.,
  .F.,(2,2),(29.5,32.5),.PIECEWISE_BEZIER_KNOTS.);
#1898 = CARTESIAN_POINT('',(1.,0.));
#1899 = CARTESIAN_POINT('',(1.,-3.));
#1900 = ( GEOMETRIC_REPRESENTATION_CONTEXT(2) 
PARAMETRIC_REPRESENTATION_CONTEXT() REPRESENTATION_CONTEXT('2D SPACE',''
  ) );
#1901 = ORIENTED_EDGE('',*,*,#1902,.F.);
#1902 = EDGE_CURVE('',#1903,#1877,#1905,.T.);
#1903 = VERTEX_POINT('',#1904);
#1904 = CARTESIAN_POINT('',(13.,17.5,0.));
#1905 = SURFACE_CURVE('',#1906,(#1910,#1916),.PCURVE_S1.);
#1906 = LINE('',#1907,#1908);
#1907 = CARTESIAN_POINT('',(-59.75,17.5,0.));
#1908 = VECTOR('',#1909,1.);
#1909 = DIRECTION('',(-1.,0.,0.));
#1910 = PCURVE('',#72,#1911);
#1911 = DEFINITIONAL_REPRESENTATION('',(#1912),#1915);
#1912 = B_SPLINE_CURVE_WITH_KNOTS('',1,(#1913,#1914),.UNSPECIFIED.,.F.,
  .F.,(2,2),(-72.75,-10.75),.PIECEWISE_BEZIER_KNOTS.);
#1913 = CARTESIAN_POINT('',(83.5,62.));
#1914 = CARTESIAN_POINT('',(21.5,62.));
#1915 = ( GEOMETRIC_REPRESENTATION_CONTEXT(2) 
PARAMETRIC_REPRESENTATION_CONTEXT() REPRESENTATION_CONTEXT('2D SPACE',''
  ) );
#1916 = PCURVE('',#1917,#1922);
#1917 = PLANE('',#1918);
#1918 = AXIS2_PLACEMENT_3D('',#1919,#1920,#1921);
#1919 = CARTESIAN_POINT('',(-49.,17.5,-1.));
#1920 = DIRECTION('',(0.,1.,0.));
#1921 = DIRECTION('',(0.,0.,1.));
#1922 = DEFINITIONAL_REPRESENTATION('',(#1923),#1926);
#1923 = B_SPLINE_CURVE_WITH_KNOTS('',1,(#1924,#1925),.UNSPECIFIED.,.F.,
  .F.,(2,2),(-72.75,-10.75),.PIECEWISE_BEZIER_KNOTS.);
#1924 = CARTESIAN_POINT('',(1.,62.));
#1925 = CARTESIAN_POINT('',(1.,0.));
#1926 = ( GEOMETRIC_REPRESENTATION_CONTEXT(2) 
PARAMETRIC_REPRESENTATION_CONTEXT() REPRESENTATION_CONTEXT('2D SPACE',''
  ) );
#1927 = ORIENTED_EDGE('',*,*,#1928,.F.);
#1928 = EDGE_CURVE('',#1849,#1903,#1929,.T.);
#1929 = SURFACE_CURVE('',#1930,(#1934,#1940),.PCURVE_S1.);
#1930 = LINE('',#1931,#1932);
#1931 = CARTESIAN_POINT('',(13.,-15.,0.));
#1932 = VECTOR('',#1933,1.);
#1933 = DIRECTION('',(0.,1.,0.));
#1934 = PCURVE('',#72,#1935);
#1935 = DEFINITIONAL_REPRESENTATION('',(#1936),#1939);
#1936 = B_SPLINE_CURVE_WITH_KNOTS('',1,(#1937,#1938),.UNSPECIFIED.,.F.,
  .F.,(2,2),(29.5,32.5),.PIECEWISE_BEZIER_KNOTS.);
#1937 = CARTESIAN_POINT('',(83.5,59.));
#1938 = CARTESIAN_POINT('',(83.5,62.));
#1939 = ( GEOMETRIC_REPRESENTATION_CONTEXT(2) 
PARAMETRIC_REPRESENTATION_CONTEXT() REPRESENTATION_CONTEXT('2D SPACE',''
  ) );
#1940 = PCURVE('',#1941,#1946);
#1941 = PLANE('',#1942);
#1942 = AXIS2_PLACEMENT_3D('',#1943,#1944,#1945);
#1943 = CARTESIAN_POINT('',(13.,14.5,-1.));
#1944 = DIRECTION('',(1.,0.,0.));
#1945 = DIRECTION('',(0.,0.,1.));
#1946 = DEFINITIONAL_REPRESENTATION('',(#1947),#1950);
#1947 = B_SPLINE_CURVE_WITH_KNOTS('',1,(#1948,#1949),.UNSPECIFIED.,.F.,
  .F.,(2,2),(29.5,32.5),.PIECEWISE_BEZIER_KNOTS.);
#1948 = CARTESIAN_POINT('',(1.,0.));
#1949 = CARTESIAN_POINT('',(1.,-3.));
#1950 = ( GEOMETRIC_REPRESENTATION_CONTEXT(2) 
PARAMETRIC_REPRESENTATION_CONTEXT() REPRESENTATION_CONTEXT('2D SPACE',''
  ) );
#1951 = FACE_BOUND('',#1952,.F.);
#1952 = EDGE_LOOP('',(#1953));
#1953 = ORIENTED_EDGE('',*,*,#1954,.T.);
#1954 = EDGE_CURVE('',#1955,#1955,#1957,.T.);
#1955 = VERTEX_POINT('',#1956);
#1956 = CARTESIAN_POINT('',(-65.45,38.,0.));
#1957 = SURFACE_CURVE('',#1958,(#1963,#1974),.PCURVE_S1.);
#1958 = CIRCLE('',#1959,1.45);
#1959 = AXIS2_PLACEMENT_3D('',#1960,#1961,#1962);
#1960 = CARTESIAN_POINT('',(-64.,38.,0.));
#1961 = DIRECTION('',(0.,0.,-1.));
#1962 = DIRECTION('',(-1.,0.,0.));
#1963 = PCURVE('',#72,#1964);
#1964 = DEFINITIONAL_REPRESENTATION('',(#1965),#1973);
#1965 = ( BOUNDED_CURVE() B_SPLINE_CURVE(2,(#1966,#1967,#1968,#1969,
#1970,#1971,#1972),.UNSPECIFIED.,.T.,.F.) B_SPLINE_CURVE_WITH_KNOTS((1,2
    ,2,2,2,1),(-2.094395102393,0.,2.094395102393,4.188790204786,
6.28318530718,8.377580409573),.UNSPECIFIED.) CURVE() 
GEOMETRIC_REPRESENTATION_ITEM() RATIONAL_B_SPLINE_CURVE((1.,0.5,1.,0.5,
1.,0.5,1.)) REPRESENTATION_ITEM('') );
#1966 = CARTESIAN_POINT('',(5.05,82.5));
#1967 = CARTESIAN_POINT('',(5.05,85.011473670975));
#1968 = CARTESIAN_POINT('',(7.225,83.755736835487));
#1969 = CARTESIAN_POINT('',(9.4,82.5));
#1970 = CARTESIAN_POINT('',(7.225,81.244263164513));
#1971 = CARTESIAN_POINT('',(5.05,79.988526329025));
#1972 = CARTESIAN_POINT('',(5.05,82.5));
#1973 = ( GEOMETRIC_REPRESENTATION_CONTEXT(2) 
PARAMETRIC_REPRESENTATION_CONTEXT() REPRESENTATION_CONTEXT('2D SPACE',''
  ) );
#1974 = PCURVE('',#1975,#1980);
#1975 = CYLINDRICAL_SURFACE('',#1976,1.45);
#1976 = AXIS2_PLACEMENT_3D('',#1977,#1978,#1979);
#1977 = CARTESIAN_POINT('',(-64.,38.,3.));
#1978 = DIRECTION('',(0.,0.,-1.));
#1979 = DIRECTION('',(-1.,0.,0.));
#1980 = DEFINITIONAL_REPRESENTATION('',(#1981),#1985);
#1981 = LINE('',#1982,#1983);
#1982 = CARTESIAN_POINT('',(0.,3.));
#1983 = VECTOR('',#1984,1.);
#1984 = DIRECTION('',(1.,0.));
#1985 = ( GEOMETRIC_REPRESENTATION_CONTEXT(2) 
PARAMETRIC_REPRESENTATION_CONTEXT() REPRESENTATION_CONTEXT('2D SPACE',''
  ) );
#1986 = FACE_BOUND('',#1987,.F.);
#1987 = EDGE_LOOP('',(#1988,#2016,#2042,#2068));
#1988 = ORIENTED_EDGE('',*,*,#1989,.T.);
#1989 = EDGE_CURVE('',#1990,#1992,#1994,.T.);
#1990 = VERTEX_POINT('',#1991);
#1991 = CARTESIAN_POINT('',(13.,22.5,0.));
#1992 = VERTEX_POINT('',#1993);
#1993 = CARTESIAN_POINT('',(-49.,22.5,0.));
#1994 = SURFACE_CURVE('',#1995,(#1999,#2005),.PCURVE_S1.);
#1995 = LINE('',#1996,#1997);
#1996 = CARTESIAN_POINT('',(-59.75,22.5,0.));
#1997 = VECTOR('',#1998,1.);
#1998 = DIRECTION('',(-1.,0.,0.));
#1999 = PCURVE('',#72,#2000);
#2000 = DEFINITIONAL_REPRESENTATION('',(#2001),#2004);
#2001 = B_SPLINE_CURVE_WITH_KNOTS('',1,(#2002,#2003),.UNSPECIFIED.,.F.,
  .F.,(2,2),(-72.75,-10.75),.PIECEWISE_BEZIER_KNOTS.);
#2002 = CARTESIAN_POINT('',(83.5,67.));
#2003 = CARTESIAN_POINT('',(21.5,67.));
#2004 = ( GEOMETRIC_REPRESENTATION_CONTEXT(2) 
PARAMETRIC_REPRESENTATION_CONTEXT() REPRESENTATION_CONTEXT('2D SPACE',''
  ) );
#2005 = PCURVE('',#2006,#2011);
#2006 = PLANE('',#2007);
#2007 = AXIS2_PLACEMENT_3D('',#2008,#2009,#2010);
#2008 = CARTESIAN_POINT('',(-49.,22.5,-1.));
#2009 = DIRECTION('',(0.,1.,0.));
#2010 = DIRECTION('',(0.,0.,1.));
#2011 = DEFINITIONAL_REPRESENTATION('',(#2012),#2015);
#2012 = B_SPLINE_CURVE_WITH_KNOTS('',1,(#2013,#2014),.UNSPECIFIED.,.F.,
  .F.,(2,2),(-72.75,-10.75),.PIECEWISE_BEZIER_KNOTS.);
#2013 = CARTESIAN_POINT('',(1.,62.));
#2014 = CARTESIAN_POINT('',(1.,0.));
#2015 = ( GEOMETRIC_REPRESENTATION_CONTEXT(2) 
PARAMETRIC_REPRESENTATION_CONTEXT() REPRESENTATION_CONTEXT('2D SPACE',''
  ) );
#2016 = ORIENTED_EDGE('',*,*,#2017,.T.);
#2017 = EDGE_CURVE('',#1992,#2018,#2020,.T.);
#2018 = VERTEX_POINT('',#2019);
#2019 = CARTESIAN_POINT('',(-49.,25.5,0.));
#2020 = SURFACE_CURVE('',#2021,(#2025,#2031),.PCURVE_S1.);
#2021 = LINE('',#2022,#2023);
#2022 = CARTESIAN_POINT('',(-49.,-11.,0.));
#2023 = VECTOR('',#2024,1.);
#2024 = DIRECTION('',(0.,1.,0.));
#2025 = PCURVE('',#72,#2026);
#2026 = DEFINITIONAL_REPRESENTATION('',(#2027),#2030);
#2027 = B_SPLINE_CURVE_WITH_KNOTS('',1,(#2028,#2029),.UNSPECIFIED.,.F.,
  .F.,(2,2),(33.5,36.5),.PIECEWISE_BEZIER_KNOTS.);
#2028 = CARTESIAN_POINT('',(21.5,67.));
#2029 = CARTESIAN_POINT('',(21.5,70.));
#2030 = ( GEOMETRIC_REPRESENTATION_CONTEXT(2) 
PARAMETRIC_REPRESENTATION_CONTEXT() REPRESENTATION_CONTEXT('2D SPACE',''
  ) );
#2031 = PCURVE('',#2032,#2037);
#2032 = PLANE('',#2033);
#2033 = AXIS2_PLACEMENT_3D('',#2034,#2035,#2036);
#2034 = CARTESIAN_POINT('',(-49.,22.5,-1.));
#2035 = DIRECTION('',(1.,0.,0.));
#2036 = DIRECTION('',(0.,0.,1.));
#2037 = DEFINITIONAL_REPRESENTATION('',(#2038),#2041);
#2038 = B_SPLINE_CURVE_WITH_KNOTS('',1,(#2039,#2040),.UNSPECIFIED.,.F.,
  .F.,(2,2),(33.5,36.5),.PIECEWISE_BEZIER_KNOTS.);
#2039 = CARTESIAN_POINT('',(1.,0.));
#2040 = CARTESIAN_POINT('',(1.,-3.));
#2041 = ( GEOMETRIC_REPRESENTATION_CONTEXT(2) 
PARAMETRIC_REPRESENTATION_CONTEXT() REPRESENTATION_CONTEXT('2D SPACE',''
  ) );
#2042 = ORIENTED_EDGE('',*,*,#2043,.F.);
#2043 = EDGE_CURVE('',#2044,#2018,#2046,.T.);
#2044 = VERTEX_POINT('',#2045);
#2045 = CARTESIAN_POINT('',(13.,25.5,0.));
#2046 = SURFACE_CURVE('',#2047,(#2051,#2057),.PCURVE_S1.);
#2047 = LINE('',#2048,#2049);
#2048 = CARTESIAN_POINT('',(-59.75,25.5,0.));
#2049 = VECTOR('',#2050,1.);
#2050 = DIRECTION('',(-1.,0.,0.));
#2051 = PCURVE('',#72,#2052);
#2052 = DEFINITIONAL_REPRESENTATION('',(#2053),#2056);
#2053 = B_SPLINE_CURVE_WITH_KNOTS('',1,(#2054,#2055),.UNSPECIFIED.,.F.,
  .F.,(2,2),(-72.75,-10.75),.PIECEWISE_BEZIER_KNOTS.);
#2054 = CARTESIAN_POINT('',(83.5,70.));
#2055 = CARTESIAN_POINT('',(21.5,70.));
#2056 = ( GEOMETRIC_REPRESENTATION_CONTEXT(2) 
PARAMETRIC_REPRESENTATION_CONTEXT() REPRESENTATION_CONTEXT('2D SPACE',''
  ) );
#2057 = PCURVE('',#2058,#2063);
#2058 = PLANE('',#2059);
#2059 = AXIS2_PLACEMENT_3D('',#2060,#2061,#2062);
#2060 = CARTESIAN_POINT('',(-49.,25.5,-1.));
#2061 = DIRECTION('',(0.,1.,0.));
#2062 = DIRECTION('',(0.,0.,1.));
#2063 = DEFINITIONAL_REPRESENTATION('',(#2064),#2067);
#2064 = B_SPLINE_CURVE_WITH_KNOTS('',1,(#2065,#2066),.UNSPECIFIED.,.F.,
  .F.,(2,2),(-72.75,-10.75),.PIECEWISE_BEZIER_KNOTS.);
#2065 = CARTESIAN_POINT('',(1.,62.));
#2066 = CARTESIAN_POINT('',(1.,0.));
#2067 = ( GEOMETRIC_REPRESENTATION_CONTEXT(2) 
PARAMETRIC_REPRESENTATION_CONTEXT() REPRESENTATION_CONTEXT('2D SPACE',''
  ) );
#2068 = ORIENTED_EDGE('',*,*,#2069,.F.);
#2069 = EDGE_CURVE('',#1990,#2044,#2070,.T.);
#2070 = SURFACE_CURVE('',#2071,(#2075,#2081),.PCURVE_S1.);
#2071 = LINE('',#2072,#2073);
#2072 = CARTESIAN_POINT('',(13.,-11.,0.));
#2073 = VECTOR('',#2074,1.);
#2074 = DIRECTION('',(0.,1.,0.));
#2075 = PCURVE('',#72,#2076);
#2076 = DEFINITIONAL_REPRESENTATION('',(#2077),#2080);
#2077 = B_SPLINE_CURVE_WITH_KNOTS('',1,(#2078,#2079),.UNSPECIFIED.,.F.,
  .F.,(2,2),(33.5,36.5),.PIECEWISE_BEZIER_KNOTS.);
#2078 = CARTESIAN_POINT('',(83.5,67.));
#2079 = CARTESIAN_POINT('',(83.5,70.));
#2080 = ( GEOMETRIC_REPRESENTATION_CONTEXT(2) 
PARAMETRIC_REPRESENTATION_CONTEXT() REPRESENTATION_CONTEXT('2D SPACE',''
  ) );
#2081 = PCURVE('',#2082,#2087);
#2082 = PLANE('',#2083);
#2083 = AXIS2_PLACEMENT_3D('',#2084,#2085,#2086);
#2084 = CARTESIAN_POINT('',(13.,22.5,-1.));
#2085 = DIRECTION('',(1.,0.,0.));
#2086 = DIRECTION('',(0.,0.,1.));
#2087 = DEFINITIONAL_REPRESENTATION('',(#2088),#2091);
#2088 = B_SPLINE_CURVE_WITH_KNOTS('',1,(#2089,#2090),.UNSPECIFIED.,.F.,
  .F.,(2,2),(33.5,36.5),.PIECEWISE_BEZIER_KNOTS.);
#2089 = CARTESIAN_POINT('',(1.,0.));
#2090 = CARTESIAN_POINT('',(1.,-3.));
#2091 = ( GEOMETRIC_REPRESENTATION_CONTEXT(2) 
PARAMETRIC_REPRESENTATION_CONTEXT() REPRESENTATION_CONTEXT('2D SPACE',''
  ) );
#2092 = FACE_BOUND('',#2093,.F.);
#2093 = EDGE_LOOP('',(#2094,#2122,#2148,#2174));
#2094 = ORIENTED_EDGE('',*,*,#2095,.T.);
#2095 = EDGE_CURVE('',#2096,#2098,#2100,.T.);
#2096 = VERTEX_POINT('',#2097);
#2097 = CARTESIAN_POINT('',(64.75,-1.5,0.));
#2098 = VERTEX_POINT('',#2099);
#2099 = CARTESIAN_POINT('',(20.75,-1.5,0.));
#2100 = SURFACE_CURVE('',#2101,(#2105,#2111),.PCURVE_S1.);
#2101 = LINE('',#2102,#2103);
#2102 = CARTESIAN_POINT('',(-24.875,-1.5,0.));
#2103 = VECTOR('',#2104,1.);
#2104 = DIRECTION('',(-1.,0.,0.));
#2105 = PCURVE('',#72,#2106);
#2106 = DEFINITIONAL_REPRESENTATION('',(#2107),#2110);
#2107 = B_SPLINE_CURVE_WITH_KNOTS('',1,(#2108,#2109),.UNSPECIFIED.,.F.,
  .F.,(2,2),(-89.625,-45.625),.PIECEWISE_BEZIER_KNOTS.);
#2108 = CARTESIAN_POINT('',(135.25,43.));
#2109 = CARTESIAN_POINT('',(91.25,43.));
#2110 = ( GEOMETRIC_REPRESENTATION_CONTEXT(2) 
PARAMETRIC_REPRESENTATION_CONTEXT() REPRESENTATION_CONTEXT('2D SPACE',''
  ) );
#2111 = PCURVE('',#2112,#2117);
#2112 = PLANE('',#2113);
#2113 = AXIS2_PLACEMENT_3D('',#2114,#2115,#2116);
#2114 = CARTESIAN_POINT('',(20.75,-1.5,-1.));
#2115 = DIRECTION('',(0.,1.,0.));
#2116 = DIRECTION('',(0.,0.,1.));
#2117 = DEFINITIONAL_REPRESENTATION('',(#2118),#2121);
#2118 = B_SPLINE_CURVE_WITH_KNOTS('',1,(#2119,#2120),.UNSPECIFIED.,.F.,
  .F.,(2,2),(-89.625,-45.625),.PIECEWISE_BEZIER_KNOTS.);
#2119 = CARTESIAN_POINT('',(1.,44.));
#2120 = CARTESIAN_POINT('',(1.,0.));
#2121 = ( GEOMETRIC_REPRESENTATION_CONTEXT(2) 
PARAMETRIC_REPRESENTATION_CONTEXT() REPRESENTATION_CONTEXT('2D SPACE',''
  ) );
#2122 = ORIENTED_EDGE('',*,*,#2123,.T.);
#2123 = EDGE_CURVE('',#2098,#2124,#2126,.T.);
#2124 = VERTEX_POINT('',#2125);
#2125 = CARTESIAN_POINT('',(20.75,1.5,0.));
#2126 = SURFACE_CURVE('',#2127,(#2131,#2137),.PCURVE_S1.);
#2127 = LINE('',#2128,#2129);
#2128 = CARTESIAN_POINT('',(20.75,-23.,0.));
#2129 = VECTOR('',#2130,1.);
#2130 = DIRECTION('',(0.,1.,0.));
#2131 = PCURVE('',#72,#2132);
#2132 = DEFINITIONAL_REPRESENTATION('',(#2133),#2136);
#2133 = B_SPLINE_CURVE_WITH_KNOTS('',1,(#2134,#2135),.UNSPECIFIED.,.F.,
  .F.,(2,2),(21.5,24.5),.PIECEWISE_BEZIER_KNOTS.);
#2134 = CARTESIAN_POINT('',(91.25,43.));
#2135 = CARTESIAN_POINT('',(91.25,46.));
#2136 = ( GEOMETRIC_REPRESENTATION_CONTEXT(2) 
PARAMETRIC_REPRESENTATION_CONTEXT() REPRESENTATION_CONTEXT('2D SPACE',''
  ) );
#2137 = PCURVE('',#2138,#2143);
#2138 = PLANE('',#2139);
#2139 = AXIS2_PLACEMENT_3D('',#2140,#2141,#2142);
#2140 = CARTESIAN_POINT('',(20.75,-1.5,-1.));
#2141 = DIRECTION('',(1.,0.,0.));
#2142 = DIRECTION('',(0.,0.,1.));
#2143 = DEFINITIONAL_REPRESENTATION('',(#2144),#2147);
#2144 = B_SPLINE_CURVE_WITH_KNOTS('',1,(#2145,#2146),.UNSPECIFIED.,.F.,
  .F.,(2,2),(21.5,24.5),.PIECEWISE_BEZIER_KNOTS.);
#2145 = CARTESIAN_POINT('',(1.,0.));
#2146 = CARTESIAN_POINT('',(1.,-3.));
#2147 = ( GEOMETRIC_REPRESENTATION_CONTEXT(2) 
PARAMETRIC_REPRESENTATION_CONTEXT() REPRESENTATION_CONTEXT('2D SPACE',''
  ) );
#2148 = ORIENTED_EDGE('',*,*,#2149,.F.);
#2149 = EDGE_CURVE('',#2150,#2124,#2152,.T.);
#2150 = VERTEX_POINT('',#2151);
#2151 = CARTESIAN_POINT('',(64.75,1.5,0.));
#2152 = SURFACE_CURVE('',#2153,(#2157,#2163),.PCURVE_S1.);
#2153 = LINE('',#2154,#2155);
#2154 = CARTESIAN_POINT('',(-24.875,1.5,0.));
#2155 = VECTOR('',#2156,1.);
#2156 = DIRECTION('',(-1.,0.,0.));
#2157 = PCURVE('',#72,#2158);
#2158 = DEFINITIONAL_REPRESENTATION('',(#2159),#2162);
#2159 = B_SPLINE_CURVE_WITH_KNOTS('',1,(#2160,#2161),.UNSPECIFIED.,.F.,
  .F.,(2,2),(-89.625,-45.625),.PIECEWISE_BEZIER_KNOTS.);
#2160 = CARTESIAN_POINT('',(135.25,46.));
#2161 = CARTESIAN_POINT('',(91.25,46.));
#2162 = ( GEOMETRIC_REPRESENTATION_CONTEXT(2) 
PARAMETRIC_REPRESENTATION_CONTEXT() REPRESENTATION_CONTEXT('2D SPACE',''
  ) );
#2163 = PCURVE('',#2164,#2169);
#2164 = PLANE('',#2165);
#2165 = AXIS2_PLACEMENT_3D('',#2166,#2167,#2168);
#2166 = CARTESIAN_POINT('',(20.75,1.5,-1.));
#2167 = DIRECTION('',(0.,1.,0.));
#2168 = DIRECTION('',(0.,0.,1.));
#2169 = DEFINITIONAL_REPRESENTATION('',(#2170),#2173);
#2170 = B_SPLINE_CURVE_WITH_KNOTS('',1,(#2171,#2172),.UNSPECIFIED.,.F.,
  .F.,(2,2),(-89.625,-45.625),.PIECEWISE_BEZIER_KNOTS.);
#2171 = CARTESIAN_POINT('',(1.,44.));
#2172 = CARTESIAN_POINT('',(1.,0.));
#2173 = ( GEOMETRIC_REPRESENTATION_CONTEXT(2) 
PARAMETRIC_REPRESENTATION_CONTEXT() REPRESENTATION_CONTEXT('2D SPACE',''
  ) );
#2174 = ORIENTED_EDGE('',*,*,#2175,.F.);
#2175 = EDGE_CURVE('',#2096,#2150,#2176,.T.);
#2176 = SURFACE_CURVE('',#2177,(#2181,#2187),.PCURVE_S1.);
#2177 = LINE('',#2178,#2179);
#2178 = CARTESIAN_POINT('',(64.75,-23.,0.));
#2179 = VECTOR('',#2180,1.);
#2180 = DIRECTION('',(0.,1.,0.));
#2181 = PCURVE('',#72,#2182);
#2182 = DEFINITIONAL_REPRESENTATION('',(#2183),#2186);
#2183 = B_SPLINE_CURVE_WITH_KNOTS('',1,(#2184,#2185),.UNSPECIFIED.,.F.,
  .F.,(2,2),(21.5,24.5),.PIECEWISE_BEZIER_KNOTS.);
#2184 = CARTESIAN_POINT('',(135.25,43.));
#2185 = CARTESIAN_POINT('',(135.25,46.));
#2186 = ( GEOMETRIC_REPRESENTATION_CONTEXT(2) 
PARAMETRIC_REPRESENTATION_CONTEXT() REPRESENTATION_CONTEXT('2D SPACE',''
  ) );
#2187 = PCURVE('',#2188,#2193);
#2188 = PLANE('',#2189);
#2189 = AXIS2_PLACEMENT_3D('',#2190,#2191,#2192);
#2190 = CARTESIAN_POINT('',(64.75,-1.5,-1.));
#2191 = DIRECTION('',(1.,0.,0.));
#2192 = DIRECTION('',(0.,0.,1.));
#2193 = DEFINITIONAL_REPRESENTATION('',(#2194),#2197);
#2194 = B_SPLINE_CURVE_WITH_KNOTS('',1,(#2195,#2196),.UNSPECIFIED.,.F.,
  .F.,(2,2),(21.5,24.5),.PIECEWISE_BEZIER_KNOTS.);
#2195 = CARTESIAN_POINT('',(1.,0.));
#2196 = CARTESIAN_POINT('',(1.,-3.));
#2197 = ( GEOMETRIC_REPRESENTATION_CONTEXT(2) 
PARAMETRIC_REPRESENTATION_CONTEXT() REPRESENTATION_CONTEXT('2D SPACE',''
  ) );
#2198 = FACE_BOUND('',#2199,.F.);
#2199 = EDGE_LOOP('',(#2200,#2228,#2254,#2280));
#2200 = ORIENTED_EDGE('',*,*,#2201,.T.);
#2201 = EDGE_CURVE('',#2202,#2204,#2206,.T.);
#2202 = VERTEX_POINT('',#2203);
#2203 = CARTESIAN_POINT('',(64.75,6.5,0.));
#2204 = VERTEX_POINT('',#2205);
#2205 = CARTESIAN_POINT('',(20.75,6.5,0.));
#2206 = SURFACE_CURVE('',#2207,(#2211,#2217),.PCURVE_S1.);
#2207 = LINE('',#2208,#2209);
#2208 = CARTESIAN_POINT('',(-24.875,6.5,0.));
#2209 = VECTOR('',#2210,1.);
#2210 = DIRECTION('',(-1.,0.,0.));
#2211 = PCURVE('',#72,#2212);
#2212 = DEFINITIONAL_REPRESENTATION('',(#2213),#2216);
#2213 = B_SPLINE_CURVE_WITH_KNOTS('',1,(#2214,#2215),.UNSPECIFIED.,.F.,
  .F.,(2,2),(-89.625,-45.625),.PIECEWISE_BEZIER_KNOTS.);
#2214 = CARTESIAN_POINT('',(135.25,51.));
#2215 = CARTESIAN_POINT('',(91.25,51.));
#2216 = ( GEOMETRIC_REPRESENTATION_CONTEXT(2) 
PARAMETRIC_REPRESENTATION_CONTEXT() REPRESENTATION_CONTEXT('2D SPACE',''
  ) );
#2217 = PCURVE('',#2218,#2223);
#2218 = PLANE('',#2219);
#2219 = AXIS2_PLACEMENT_3D('',#2220,#2221,#2222);
#2220 = CARTESIAN_POINT('',(20.75,6.5,-1.));
#2221 = DIRECTION('',(0.,1.,0.));
#2222 = DIRECTION('',(0.,0.,1.));
#2223 = DEFINITIONAL_REPRESENTATION('',(#2224),#2227);
#2224 = B_SPLINE_CURVE_WITH_KNOTS('',1,(#2225,#2226),.UNSPECIFIED.,.F.,
  .F.,(2,2),(-89.625,-45.625),.PIECEWISE_BEZIER_KNOTS.);
#2225 = CARTESIAN_POINT('',(1.,44.));
#2226 = CARTESIAN_POINT('',(1.,0.));
#2227 = ( GEOMETRIC_REPRESENTATION_CONTEXT(2) 
PARAMETRIC_REPRESENTATION_CONTEXT() REPRESENTATION_CONTEXT('2D SPACE',''
  ) );
#2228 = ORIENTED_EDGE('',*,*,#2229,.T.);
#2229 = EDGE_CURVE('',#2204,#2230,#2232,.T.);
#2230 = VERTEX_POINT('',#2231);
#2231 = CARTESIAN_POINT('',(20.75,9.5,0.));
#2232 = SURFACE_CURVE('',#2233,(#2237,#2243),.PCURVE_S1.);
#2233 = LINE('',#2234,#2235);
#2234 = CARTESIAN_POINT('',(20.75,-19.,0.));
#2235 = VECTOR('',#2236,1.);
#2236 = DIRECTION('',(0.,1.,0.));
#2237 = PCURVE('',#72,#2238);
#2238 = DEFINITIONAL_REPRESENTATION('',(#2239),#2242);
#2239 = B_SPLINE_CURVE_WITH_KNOTS('',1,(#2240,#2241),.UNSPECIFIED.,.F.,
  .F.,(2,2),(25.5,28.5),.PIECEWISE_BEZIER_KNOTS.);
#2240 = CARTESIAN_POINT('',(91.25,51.));
#2241 = CARTESIAN_POINT('',(91.25,54.));
#2242 = ( GEOMETRIC_REPRESENTATION_CONTEXT(2) 
PARAMETRIC_REPRESENTATION_CONTEXT() REPRESENTATION_CONTEXT('2D SPACE',''
  ) );
#2243 = PCURVE('',#2244,#2249);
#2244 = PLANE('',#2245);
#2245 = AXIS2_PLACEMENT_3D('',#2246,#2247,#2248);
#2246 = CARTESIAN_POINT('',(20.75,6.5,-1.));
#2247 = DIRECTION('',(1.,0.,0.));
#2248 = DIRECTION('',(0.,0.,1.));
#2249 = DEFINITIONAL_REPRESENTATION('',(#2250),#2253);
#2250 = B_SPLINE_CURVE_WITH_KNOTS('',1,(#2251,#2252),.UNSPECIFIED.,.F.,
  .F.,(2,2),(25.5,28.5),.PIECEWISE_BEZIER_KNOTS.);
#2251 = CARTESIAN_POINT('',(1.,0.));
#2252 = CARTESIAN_POINT('',(1.,-3.));
#2253 = ( GEOMETRIC_REPRESENTATION_CONTEXT(2) 
PARAMETRIC_REPRESENTATION_CONTEXT() REPRESENTATION_CONTEXT('2D SPACE',''
  ) );
#2254 = ORIENTED_EDGE('',*,*,#2255,.F.);
#2255 = EDGE_CURVE('',#2256,#2230,#2258,.T.);
#2256 = VERTEX_POINT('',#2257);
#2257 = CARTESIAN_POINT('',(64.75,9.5,0.));
#2258 = SURFACE_CURVE('',#2259,(#2263,#2269),.PCURVE_S1.);
#2259 = LINE('',#2260,#2261);
#2260 = CARTESIAN_POINT('',(-24.875,9.5,0.));
#2261 = VECTOR('',#2262,1.);
#2262 = DIRECTION('',(-1.,0.,0.));
#2263 = PCURVE('',#72,#2264);
#2264 = DEFINITIONAL_REPRESENTATION('',(#2265),#2268);
#2265 = B_SPLINE_CURVE_WITH_KNOTS('',1,(#2266,#2267),.UNSPECIFIED.,.F.,
  .F.,(2,2),(-89.625,-45.625),.PIECEWISE_BEZIER_KNOTS.);
#2266 = CARTESIAN_POINT('',(135.25,54.));
#2267 = CARTESIAN_POINT('',(91.25,54.));
#2268 = ( GEOMETRIC_REPRESENTATION_CONTEXT(2) 
PARAMETRIC_REPRESENTATION_CONTEXT() REPRESENTATION_CONTEXT('2D SPACE',''
  ) );
#2269 = PCURVE('',#2270,#2275);
#2270 = PLANE('',#2271);
#2271 = AXIS2_PLACEMENT_3D('',#2272,#2273,#2274);
#2272 = CARTESIAN_POINT('',(20.75,9.5,-1.));
#2273 = DIRECTION('',(0.,1.,0.));
#2274 = DIRECTION('',(0.,0.,1.));
#2275 = DEFINITIONAL_REPRESENTATION('',(#2276),#2279);
#2276 = B_SPLINE_CURVE_WITH_KNOTS('',1,(#2277,#2278),.UNSPECIFIED.,.F.,
  .F.,(2,2),(-89.625,-45.625),.PIECEWISE_BEZIER_KNOTS.);
#2277 = CARTESIAN_POINT('',(1.,44.));
#2278 = CARTESIAN_POINT('',(1.,0.));
#2279 = ( GEOMETRIC_REPRESENTATION_CONTEXT(2) 
PARAMETRIC_REPRESENTATION_CONTEXT() REPRESENTATION_CONTEXT('2D SPACE',''
  ) );
#2280 = ORIENTED_EDGE('',*,*,#2281,.F.);
#2281 = EDGE_CURVE('',#2202,#2256,#2282,.T.);
#2282 = SURFACE_CURVE('',#2283,(#2287,#2293),.PCURVE_S1.);
#2283 = LINE('',#2284,#2285);
#2284 = CARTESIAN_POINT('',(64.75,-19.,0.));
#2285 = VECTOR('',#2286,1.);
#2286 = DIRECTION('',(0.,1.,0.));
#2287 = PCURVE('',#72,#2288);
#2288 = DEFINITIONAL_REPRESENTATION('',(#2289),#2292);
#2289 = B_SPLINE_CURVE_WITH_KNOTS('',1,(#2290,#2291),.UNSPECIFIED.,.F.,
  .F.,(2,2),(25.5,28.5),.PIECEWISE_BEZIER_KNOTS.);
#2290 = CARTESIAN_POINT('',(135.25,51.));
#2291 = CARTESIAN_POINT('',(135.25,54.));
#2292 = ( GEOMETRIC_REPRESENTATION_CONTEXT(2) 
PARAMETRIC_REPRESENTATION_CONTEXT() REPRESENTATION_CONTEXT('2D SPACE',''
  ) );
#2293 = PCURVE('',#2294,#2299);
#2294 = PLANE('',#2295);
#2295 = AXIS2_PLACEMENT_3D('',#2296,#2297,#2298);
#2296 = CARTESIAN_POINT('',(64.75,6.5,-1.));
#2297 = DIRECTION('',(1.,0.,0.));
#2298 = DIRECTION('',(0.,0.,1.));
#2299 = DEFINITIONAL_REPRESENTATION('',(#2300),#2303);
#2300 = B_SPLINE_CURVE_WITH_KNOTS('',1,(#2301,#2302),.UNSPECIFIED.,.F.,
  .F.,(2,2),(25.5,28.5),.PIECEWISE_BEZIER_KNOTS.);
#2301 = CARTESIAN_POINT('',(1.,0.));
#2302 = CARTESIAN_POINT('',(1.,-3.));
#2303 = ( GEOMETRIC_REPRESENTATION_CONTEXT(2) 
PARAMETRIC_REPRESENTATION_CONTEXT() REPRESENTATION_CONTEXT('2D SPACE',''
  ) );
#2304 = FACE_BOUND('',#2305,.F.);
#2305 = EDGE_LOOP('',(#2306,#2334,#2360,#2386));
#2306 = ORIENTED_EDGE('',*,*,#2307,.T.);
#2307 = EDGE_CURVE('',#2308,#2310,#2312,.T.);
#2308 = VERTEX_POINT('',#2309);
#2309 = CARTESIAN_POINT('',(64.75,14.5,0.));
#2310 = VERTEX_POINT('',#2311);
#2311 = CARTESIAN_POINT('',(20.75,14.5,0.));
#2312 = SURFACE_CURVE('',#2313,(#2317,#2323),.PCURVE_S1.);
#2313 = LINE('',#2314,#2315);
#2314 = CARTESIAN_POINT('',(-24.875,14.5,0.));
#2315 = VECTOR('',#2316,1.);
#2316 = DIRECTION('',(-1.,0.,0.));
#2317 = PCURVE('',#72,#2318);
#2318 = DEFINITIONAL_REPRESENTATION('',(#2319),#2322);
#2319 = B_SPLINE_CURVE_WITH_KNOTS('',1,(#2320,#2321),.UNSPECIFIED.,.F.,
  .F.,(2,2),(-89.625,-45.625),.PIECEWISE_BEZIER_KNOTS.);
#2320 = CARTESIAN_POINT('',(135.25,59.));
#2321 = CARTESIAN_POINT('',(91.25,59.));
#2322 = ( GEOMETRIC_REPRESENTATION_CONTEXT(2) 
PARAMETRIC_REPRESENTATION_CONTEXT() REPRESENTATION_CONTEXT('2D SPACE',''
  ) );
#2323 = PCURVE('',#2324,#2329);
#2324 = PLANE('',#2325);
#2325 = AXIS2_PLACEMENT_3D('',#2326,#2327,#2328);
#2326 = CARTESIAN_POINT('',(20.75,14.5,-1.));
#2327 = DIRECTION('',(0.,1.,0.));
#2328 = DIRECTION('',(0.,0.,1.));
#2329 = DEFINITIONAL_REPRESENTATION('',(#2330),#2333);
#2330 = B_SPLINE_CURVE_WITH_KNOTS('',1,(#2331,#2332),.UNSPECIFIED.,.F.,
  .F.,(2,2),(-89.625,-45.625),.PIECEWISE_BEZIER_KNOTS.);
#2331 = CARTESIAN_POINT('',(1.,44.));
#2332 = CARTESIAN_POINT('',(1.,0.));
#2333 = ( GEOMETRIC_REPRESENTATION_CONTEXT(2) 
PARAMETRIC_REPRESENTATION_CONTEXT() REPRESENTATION_CONTEXT('2D SPACE',''
  ) );
#2334 = ORIENTED_EDGE('',*,*,#2335,.T.);
#2335 = EDGE_CURVE('',#2310,#2336,#2338,.T.);
#2336 = VERTEX_POINT('',#2337);
#2337 = CARTESIAN_POINT('',(20.75,17.5,0.));
#2338 = SURFACE_CURVE('',#2339,(#2343,#2349),.PCURVE_S1.);
#2339 = LINE('',#2340,#2341);
#2340 = CARTESIAN_POINT('',(20.75,-15.,0.));
#2341 = VECTOR('',#2342,1.);
#2342 = DIRECTION('',(0.,1.,0.));
#2343 = PCURVE('',#72,#2344);
#2344 = DEFINITIONAL_REPRESENTATION('',(#2345),#2348);
#2345 = B_SPLINE_CURVE_WITH_KNOTS('',1,(#2346,#2347),.UNSPECIFIED.,.F.,
  .F.,(2,2),(29.5,32.5),.PIECEWISE_BEZIER_KNOTS.);
#2346 = CARTESIAN_POINT('',(91.25,59.));
#2347 = CARTESIAN_POINT('',(91.25,62.));
#2348 = ( GEOMETRIC_REPRESENTATION_CONTEXT(2) 
PARAMETRIC_REPRESENTATION_CONTEXT() REPRESENTATION_CONTEXT('2D SPACE',''
  ) );
#2349 = PCURVE('',#2350,#2355);
#2350 = PLANE('',#2351);
#2351 = AXIS2_PLACEMENT_3D('',#2352,#2353,#2354);
#2352 = CARTESIAN_POINT('',(20.75,14.5,-1.));
#2353 = DIRECTION('',(1.,0.,0.));
#2354 = DIRECTION('',(0.,0.,1.));
#2355 = DEFINITIONAL_REPRESENTATION('',(#2356),#2359);
#2356 = B_SPLINE_CURVE_WITH_KNOTS('',1,(#2357,#2358),.UNSPECIFIED.,.F.,
  .F.,(2,2),(29.5,32.5),.PIECEWISE_BEZIER_KNOTS.);
#2357 = CARTESIAN_POINT('',(1.,0.));
#2358 = CARTESIAN_POINT('',(1.,-3.));
#2359 = ( GEOMETRIC_REPRESENTATION_CONTEXT(2) 
PARAMETRIC_REPRESENTATION_CONTEXT() REPRESENTATION_CONTEXT('2D SPACE',''
  ) );
#2360 = ORIENTED_EDGE('',*,*,#2361,.F.);
#2361 = EDGE_CURVE('',#2362,#2336,#2364,.T.);
#2362 = VERTEX_POINT('',#2363);
#2363 = CARTESIAN_POINT('',(64.75,17.5,0.));
#2364 = SURFACE_CURVE('',#2365,(#2369,#2375),.PCURVE_S1.);
#2365 = LINE('',#2366,#2367);
#2366 = CARTESIAN_POINT('',(-24.875,17.5,0.));
#2367 = VECTOR('',#2368,1.);
#2368 = DIRECTION('',(-1.,0.,0.));
#2369 = PCURVE('',#72,#2370);
#2370 = DEFINITIONAL_REPRESENTATION('',(#2371),#2374);
#2371 = B_SPLINE_CURVE_WITH_KNOTS('',1,(#2372,#2373),.UNSPECIFIED.,.F.,
  .F.,(2,2),(-89.625,-45.625),.PIECEWISE_BEZIER_KNOTS.);
#2372 = CARTESIAN_POINT('',(135.25,62.));
#2373 = CARTESIAN_POINT('',(91.25,62.));
#2374 = ( GEOMETRIC_REPRESENTATION_CONTEXT(2) 
PARAMETRIC_REPRESENTATION_CONTEXT() REPRESENTATION_CONTEXT('2D SPACE',''
  ) );
#2375 = PCURVE('',#2376,#2381);
#2376 = PLANE('',#2377);
#2377 = AXIS2_PLACEMENT_3D('',#2378,#2379,#2380);
#2378 = CARTESIAN_POINT('',(20.75,17.5,-1.));
#2379 = DIRECTION('',(0.,1.,0.));
#2380 = DIRECTION('',(0.,0.,1.));
#2381 = DEFINITIONAL_REPRESENTATION('',(#2382),#2385);
#2382 = B_SPLINE_CURVE_WITH_KNOTS('',1,(#2383,#2384),.UNSPECIFIED.,.F.,
  .F.,(2,2),(-89.625,-45.625),.PIECEWISE_BEZIER_KNOTS.);
#2383 = CARTESIAN_POINT('',(1.,44.));
#2384 = CARTESIAN_POINT('',(1.,0.));
#2385 = ( GEOMETRIC_REPRESENTATION_CONTEXT(2) 
PARAMETRIC_REPRESENTATION_CONTEXT() REPRESENTATION_CONTEXT('2D SPACE',''
  ) );
#2386 = ORIENTED_EDGE('',*,*,#2387,.F.);
#2387 = EDGE_CURVE('',#2308,#2362,#2388,.T.);
#2388 = SURFACE_CURVE('',#2389,(#2393,#2399),.PCURVE_S1.);
#2389 = LINE('',#2390,#2391);
#2390 = CARTESIAN_POINT('',(64.75,-15.,0.));
#2391 = VECTOR('',#2392,1.);
#2392 = DIRECTION('',(0.,1.,0.));
#2393 = PCURVE('',#72,#2394);
#2394 = DEFINITIONAL_REPRESENTATION('',(#2395),#2398);
#2395 = B_SPLINE_CURVE_WITH_KNOTS('',1,(#2396,#2397),.UNSPECIFIED.,.F.,
  .F.,(2,2),(29.5,32.5),.PIECEWISE_BEZIER_KNOTS.);
#2396 = CARTESIAN_POINT('',(135.25,59.));
#2397 = CARTESIAN_POINT('',(135.25,62.));
#2398 = ( GEOMETRIC_REPRESENTATION_CONTEXT(2) 
PARAMETRIC_REPRESENTATION_CONTEXT() REPRESENTATION_CONTEXT('2D SPACE',''
  ) );
#2399 = PCURVE('',#2400,#2405);
#2400 = PLANE('',#2401);
#2401 = AXIS2_PLACEMENT_3D('',#2402,#2403,#2404);
#2402 = CARTESIAN_POINT('',(64.75,14.5,-1.));
#2403 = DIRECTION('',(1.,0.,0.));
#2404 = DIRECTION('',(0.,0.,1.));
#2405 = DEFINITIONAL_REPRESENTATION('',(#2406),#2409);
#2406 = B_SPLINE_CURVE_WITH_KNOTS('',1,(#2407,#2408),.UNSPECIFIED.,.F.,
  .F.,(2,2),(29.5,32.5),.PIECEWISE_BEZIER_KNOTS.);
#2407 = CARTESIAN_POINT('',(1.,0.));
#2408 = CARTESIAN_POINT('',(1.,-3.));
#2409 = ( GEOMETRIC_REPRESENTATION_CONTEXT(2) 
PARAMETRIC_REPRESENTATION_CONTEXT() REPRESENTATION_CONTEXT('2D SPACE',''
  ) );
#2410 = FACE_BOUND('',#2411,.F.);
#2411 = EDGE_LOOP('',(#2412,#2440,#2466,#2492));
#2412 = ORIENTED_EDGE('',*,*,#2413,.T.);
#2413 = EDGE_CURVE('',#2414,#2416,#2418,.T.);
#2414 = VERTEX_POINT('',#2415);
#2415 = CARTESIAN_POINT('',(64.75,22.5,0.));
#2416 = VERTEX_POINT('',#2417);
#2417 = CARTESIAN_POINT('',(20.75,22.5,0.));
#2418 = SURFACE_CURVE('',#2419,(#2423,#2429),.PCURVE_S1.);
#2419 = LINE('',#2420,#2421);
#2420 = CARTESIAN_POINT('',(-24.875,22.5,0.));
#2421 = VECTOR('',#2422,1.);
#2422 = DIRECTION('',(-1.,0.,0.));
#2423 = PCURVE('',#72,#2424);
#2424 = DEFINITIONAL_REPRESENTATION('',(#2425),#2428);
#2425 = B_SPLINE_CURVE_WITH_KNOTS('',1,(#2426,#2427),.UNSPECIFIED.,.F.,
  .F.,(2,2),(-89.625,-45.625),.PIECEWISE_BEZIER_KNOTS.);
#2426 = CARTESIAN_POINT('',(135.25,67.));
#2427 = CARTESIAN_POINT('',(91.25,67.));
#2428 = ( GEOMETRIC_REPRESENTATION_CONTEXT(2) 
PARAMETRIC_REPRESENTATION_CONTEXT() REPRESENTATION_CONTEXT('2D SPACE',''
  ) );
#2429 = PCURVE('',#2430,#2435);
#2430 = PLANE('',#2431);
#2431 = AXIS2_PLACEMENT_3D('',#2432,#2433,#2434);
#2432 = CARTESIAN_POINT('',(20.75,22.5,-1.));
#2433 = DIRECTION('',(0.,1.,0.));
#2434 = DIRECTION('',(0.,0.,1.));
#2435 = DEFINITIONAL_REPRESENTATION('',(#2436),#2439);
#2436 = B_SPLINE_CURVE_WITH_KNOTS('',1,(#2437,#2438),.UNSPECIFIED.,.F.,
  .F.,(2,2),(-89.625,-45.625),.PIECEWISE_BEZIER_KNOTS.);
#2437 = CARTESIAN_POINT('',(1.,44.));
#2438 = CARTESIAN_POINT('',(1.,0.));
#2439 = ( GEOMETRIC_REPRESENTATION_CONTEXT(2) 
PARAMETRIC_REPRESENTATION_CONTEXT() REPRESENTATION_CONTEXT('2D SPACE',''
  ) );
#2440 = ORIENTED_EDGE('',*,*,#2441,.T.);
#2441 = EDGE_CURVE('',#2416,#2442,#2444,.T.);
#2442 = VERTEX_POINT('',#2443);
#2443 = CARTESIAN_POINT('',(20.75,25.5,0.));
#2444 = SURFACE_CURVE('',#2445,(#2449,#2455),.PCURVE_S1.);
#2445 = LINE('',#2446,#2447);
#2446 = CARTESIAN_POINT('',(20.75,-11.,0.));
#2447 = VECTOR('',#2448,1.);
#2448 = DIRECTION('',(0.,1.,0.));
#2449 = PCURVE('',#72,#2450);
#2450 = DEFINITIONAL_REPRESENTATION('',(#2451),#2454);
#2451 = B_SPLINE_CURVE_WITH_KNOTS('',1,(#2452,#2453),.UNSPECIFIED.,.F.,
  .F.,(2,2),(33.5,36.5),.PIECEWISE_BEZIER_KNOTS.);
#2452 = CARTESIAN_POINT('',(91.25,67.));
#2453 = CARTESIAN_POINT('',(91.25,70.));
#2454 = ( GEOMETRIC_REPRESENTATION_CONTEXT(2) 
PARAMETRIC_REPRESENTATION_CONTEXT() REPRESENTATION_CONTEXT('2D SPACE',''
  ) );
#2455 = PCURVE('',#2456,#2461);
#2456 = PLANE('',#2457);
#2457 = AXIS2_PLACEMENT_3D('',#2458,#2459,#2460);
#2458 = CARTESIAN_POINT('',(20.75,22.5,-1.));
#2459 = DIRECTION('',(1.,0.,0.));
#2460 = DIRECTION('',(0.,0.,1.));
#2461 = DEFINITIONAL_REPRESENTATION('',(#2462),#2465);
#2462 = B_SPLINE_CURVE_WITH_KNOTS('',1,(#2463,#2464),.UNSPECIFIED.,.F.,
  .F.,(2,2),(33.5,36.5),.PIECEWISE_BEZIER_KNOTS.);
#2463 = CARTESIAN_POINT('',(1.,0.));
#2464 = CARTESIAN_POINT('',(1.,-3.));
#2465 = ( GEOMETRIC_REPRESENTATION_CONTEXT(2) 
PARAMETRIC_REPRESENTATION_CONTEXT() REPRESENTATION_CONTEXT('2D SPACE',''
  ) );
#2466 = ORIENTED_EDGE('',*,*,#2467,.F.);
#2467 = EDGE_CURVE('',#2468,#2442,#2470,.T.);
#2468 = VERTEX_POINT('',#2469);
#2469 = CARTESIAN_POINT('',(64.75,25.5,0.));
#2470 = SURFACE_CURVE('',#2471,(#2475,#2481),.PCURVE_S1.);
#2471 = LINE('',#2472,#2473);
#2472 = CARTESIAN_POINT('',(-24.875,25.5,0.));
#2473 = VECTOR('',#2474,1.);
#2474 = DIRECTION('',(-1.,0.,0.));
#2475 = PCURVE('',#72,#2476);
#2476 = DEFINITIONAL_REPRESENTATION('',(#2477),#2480);
#2477 = B_SPLINE_CURVE_WITH_KNOTS('',1,(#2478,#2479),.UNSPECIFIED.,.F.,
  .F.,(2,2),(-89.625,-45.625),.PIECEWISE_BEZIER_KNOTS.);
#2478 = CARTESIAN_POINT('',(135.25,70.));
#2479 = CARTESIAN_POINT('',(91.25,70.));
#2480 = ( GEOMETRIC_REPRESENTATION_CONTEXT(2) 
PARAMETRIC_REPRESENTATION_CONTEXT() REPRESENTATION_CONTEXT('2D SPACE',''
  ) );
#2481 = PCURVE('',#2482,#2487);
#2482 = PLANE('',#2483);
#2483 = AXIS2_PLACEMENT_3D('',#2484,#2485,#2486);
#2484 = CARTESIAN_POINT('',(20.75,25.5,-1.));
#2485 = DIRECTION('',(0.,1.,0.));
#2486 = DIRECTION('',(0.,0.,1.));
#2487 = DEFINITIONAL_REPRESENTATION('',(#2488),#2491);
#2488 = B_SPLINE_CURVE_WITH_KNOTS('',1,(#2489,#2490),.UNSPECIFIED.,.F.,
  .F.,(2,2),(-89.625,-45.625),.PIECEWISE_BEZIER_KNOTS.);
#2489 = CARTESIAN_POINT('',(1.,44.));
#2490 = CARTESIAN_POINT('',(1.,0.));
#2491 = ( GEOMETRIC_REPRESENTATION_CONTEXT(2) 
PARAMETRIC_REPRESENTATION_CONTEXT() REPRESENTATION_CONTEXT('2D SPACE',''
  ) );
#2492 = ORIENTED_EDGE('',*,*,#2493,.F.);
#2493 = EDGE_CURVE('',#2414,#2468,#2494,.T.);
#2494 = SURFACE_CURVE('',#2495,(#2499,#2505),.PCURVE_S1.);
#2495 = LINE('',#2496,#2497);
#2496 = CARTESIAN_POINT('',(64.75,-11.,0.));
#2497 = VECTOR('',#2498,1.);
#2498 = DIRECTION('',(0.,1.,0.));
#2499 = PCURVE('',#72,#2500);
#2500 = DEFINITIONAL_REPRESENTATION('',(#2501),#2504);
#2501 = B_SPLINE_CURVE_WITH_KNOTS('',1,(#2502,#2503),.UNSPECIFIED.,.F.,
  .F.,(2,2),(33.5,36.5),.PIECEWISE_BEZIER_KNOTS.);
#2502 = CARTESIAN_POINT('',(135.25,67.));
#2503 = CARTESIAN_POINT('',(135.25,70.));
#2504 = ( GEOMETRIC_REPRESENTATION_CONTEXT(2) 
PARAMETRIC_REPRESENTATION_CONTEXT() REPRESENTATION_CONTEXT('2D SPACE',''
  ) );
#2505 = PCURVE('',#2506,#2511);
#2506 = PLANE('',#2507);
#2507 = AXIS2_PLACEMENT_3D('',#2508,#2509,#2510);
#2508 = CARTESIAN_POINT('',(64.75,22.5,-1.));
#2509 = DIRECTION('',(1.,0.,0.));
#2510 = DIRECTION('',(0.,0.,1.));
#2511 = DEFINITIONAL_REPRESENTATION('',(#2512),#2515);
#2512 = B_SPLINE_CURVE_WITH_KNOTS('',1,(#2513,#2514),.UNSPECIFIED.,.F.,
  .F.,(2,2),(33.5,36.5),.PIECEWISE_BEZIER_KNOTS.);
#2513 = CARTESIAN_POINT('',(1.,0.));
#2514 = CARTESIAN_POINT('',(1.,-3.));
#2515 = ( GEOMETRIC_REPRESENTATION_CONTEXT(2) 
PARAMETRIC_REPRESENTATION_CONTEXT() REPRESENTATION_CONTEXT('2D SPACE',''
  ) );
#2516 = FACE_BOUND('',#2517,.F.);
#2517 = EDGE_LOOP('',(#2518));
#2518 = ORIENTED_EDGE('',*,*,#2519,.T.);
#2519 = EDGE_CURVE('',#2520,#2520,#2522,.T.);
#2520 = VERTEX_POINT('',#2521);
#2521 = CARTESIAN_POINT('',(62.55,38.,0.));
#2522 = SURFACE_CURVE('',#2523,(#2528,#2539),.PCURVE_S1.);
#2523 = CIRCLE('',#2524,1.45);
#2524 = AXIS2_PLACEMENT_3D('',#2525,#2526,#2527);
#2525 = CARTESIAN_POINT('',(64.,38.,0.));
#2526 = DIRECTION('',(0.,0.,-1.));
#2527 = DIRECTION('',(-1.,0.,0.));
#2528 = PCURVE('',#72,#2529);
#2529 = DEFINITIONAL_REPRESENTATION('',(#2530),#2538);
#2530 = ( BOUNDED_CURVE() B_SPLINE_CURVE(2,(#2531,#2532,#2533,#2534,
#2535,#2536,#2537),.UNSPECIFIED.,.T.,.F.) B_SPLINE_CURVE_WITH_KNOTS((1,2
    ,2,2,2,1),(-2.094395102393,0.,2.094395102393,4.188790204786,
6.28318530718,8.377580409573),.UNSPECIFIED.) CURVE() 
GEOMETRIC_REPRESENTATION_ITEM() RATIONAL_B_SPLINE_CURVE((1.,0.5,1.,0.5,
1.,0.5,1.)) REPRESENTATION_ITEM('') );
#2531 = CARTESIAN_POINT('',(133.05,82.5));
#2532 = CARTESIAN_POINT('',(133.05,85.011473670975));
#2533 = CARTESIAN_POINT('',(135.225,83.755736835487));
#2534 = CARTESIAN_POINT('',(137.4,82.5));
#2535 = CARTESIAN_POINT('',(135.225,81.244263164513));
#2536 = CARTESIAN_POINT('',(133.05,79.988526329025));
#2537 = CARTESIAN_POINT('',(133.05,82.5));
#2538 = ( GEOMETRIC_REPRESENTATION_CONTEXT(2) 
PARAMETRIC_REPRESENTATION_CONTEXT() REPRESENTATION_CONTEXT('2D SPACE',''
  ) );
#2539 = PCURVE('',#2540,#2545);
#2540 = CYLINDRICAL_SURFACE('',#2541,1.45);
#2541 = AXIS2_PLACEMENT_3D('',#2542,#2543,#2544);
#2542 = CARTESIAN_POINT('',(64.,38.,3.));
#2543 = DIRECTION('',(0.,0.,-1.));
#2544 = DIRECTION('',(-1.,0.,0.));
#2545 = DEFINITIONAL_REPRESENTATION('',(#2546),#2550);
#2546 = LINE('',#2547,#2548);
#2547 = CARTESIAN_POINT('',(0.,3.));
#2548 = VECTOR('',#2549,1.);
#2549 = DIRECTION('',(1.,0.));
#2550 = ( GEOMETRIC_REPRESENTATION_CONTEXT(2) 
PARAMETRIC_REPRESENTATION_CONTEXT() REPRESENTATION_CONTEXT('2D SPACE',''
  ) );
#2551 = ADVANCED_FACE('',(#2552),#100,.T.);
#2552 = FACE_BOUND('',#2553,.F.);
#2553 = EDGE_LOOP('',(#2554,#2555,#2556,#2579));
#2554 = ORIENTED_EDGE('',*,*,#84,.F.);
#2555 = ORIENTED_EDGE('',*,*,#599,.T.);
#2556 = ORIENTED_EDGE('',*,*,#2557,.T.);
#2557 = EDGE_CURVE('',#572,#2558,#2560,.T.);
#2558 = VERTEX_POINT('',#2559);
#2559 = CARTESIAN_POINT('',(-67.5,44.5,1.5));
#2560 = SURFACE_CURVE('',#2561,(#2565,#2572),.PCURVE_S1.);
#2561 = LINE('',#2562,#2563);
#2562 = CARTESIAN_POINT('',(-67.5,44.5,0.));
#2563 = VECTOR('',#2564,1.);
#2564 = DIRECTION('',(0.,0.,1.));
#2565 = PCURVE('',#100,#2566);
#2566 = DEFINITIONAL_REPRESENTATION('',(#2567),#2571);
#2567 = LINE('',#2568,#2569);
#2568 = CARTESIAN_POINT('',(-1.570796326795,0.));
#2569 = VECTOR('',#2570,1.);
#2570 = DIRECTION('',(-0.,1.));
#2571 = ( GEOMETRIC_REPRESENTATION_CONTEXT(2) 
PARAMETRIC_REPRESENTATION_CONTEXT() REPRESENTATION_CONTEXT('2D SPACE',''
  ) );
#2572 = PCURVE('',#587,#2573);
#2573 = DEFINITIONAL_REPRESENTATION('',(#2574),#2578);
#2574 = LINE('',#2575,#2576);
#2575 = CARTESIAN_POINT('',(0.,3.));
#2576 = VECTOR('',#2577,1.);
#2577 = DIRECTION('',(1.,0.));
#2578 = ( GEOMETRIC_REPRESENTATION_CONTEXT(2) 
PARAMETRIC_REPRESENTATION_CONTEXT() REPRESENTATION_CONTEXT('2D SPACE',''
  ) );
#2579 = ORIENTED_EDGE('',*,*,#2580,.F.);
#2580 = EDGE_CURVE('',#85,#2558,#2581,.T.);
#2581 = SURFACE_CURVE('',#2582,(#2587,#2594),.PCURVE_S1.);
#2582 = CIRCLE('',#2583,3.);
#2583 = AXIS2_PLACEMENT_3D('',#2584,#2585,#2586);
#2584 = CARTESIAN_POINT('',(-67.5,41.5,1.5));
#2585 = DIRECTION('',(-0.,0.,-1.));
#2586 = DIRECTION('',(-1.,0.,0.));
#2587 = PCURVE('',#100,#2588);
#2588 = DEFINITIONAL_REPRESENTATION('',(#2589),#2593);
#2589 = LINE('',#2590,#2591);
#2590 = CARTESIAN_POINT('',(-0.,1.5));
#2591 = VECTOR('',#2592,1.);
#2592 = DIRECTION('',(-1.,0.));
#2593 = ( GEOMETRIC_REPRESENTATION_CONTEXT(2) 
PARAMETRIC_REPRESENTATION_CONTEXT() REPRESENTATION_CONTEXT('2D SPACE',''
  ) );
#2594 = PCURVE('',#441,#2595);
#2595 = DEFINITIONAL_REPRESENTATION('',(#2596),#2600);
#2596 = LINE('',#2597,#2598);
#2597 = CARTESIAN_POINT('',(-0.,0.));
#2598 = VECTOR('',#2599,1.);
#2599 = DIRECTION('',(-1.,0.));
#2600 = ( GEOMETRIC_REPRESENTATION_CONTEXT(2) 
PARAMETRIC_REPRESENTATION_CONTEXT() REPRESENTATION_CONTEXT('2D SPACE',''
  ) );
#2601 = ADVANCED_FACE('',(#2602),#209,.T.);
#2602 = FACE_BOUND('',#2603,.F.);
#2603 = EDGE_LOOP('',(#2604,#2631,#2632,#2633));
#2604 = ORIENTED_EDGE('',*,*,#2605,.F.);
#2605 = EDGE_CURVE('',#167,#2606,#2608,.T.);
#2606 = VERTEX_POINT('',#2607);
#2607 = CARTESIAN_POINT('',(-67.5,-43.,3.));
#2608 = SURFACE_CURVE('',#2609,(#2614,#2620),.PCURVE_S1.);
#2609 = CIRCLE('',#2610,1.5);
#2610 = AXIS2_PLACEMENT_3D('',#2611,#2612,#2613);
#2611 = CARTESIAN_POINT('',(-67.5,-43.,1.5));
#2612 = DIRECTION('',(-1.,-0.,0.));
#2613 = DIRECTION('',(0.,-1.,0.));
#2614 = PCURVE('',#209,#2615);
#2615 = DEFINITIONAL_REPRESENTATION('',(#2616),#2619);
#2616 = B_SPLINE_CURVE_WITH_KNOTS('',1,(#2617,#2618),.UNSPECIFIED.,.F.,
  .F.,(2,2),(0.,1.570796326795),.PIECEWISE_BEZIER_KNOTS.);
#2617 = CARTESIAN_POINT('',(0.,0.));
#2618 = CARTESIAN_POINT('',(0.,1.570796326795));
#2619 = ( GEOMETRIC_REPRESENTATION_CONTEXT(2) 
PARAMETRIC_REPRESENTATION_CONTEXT() REPRESENTATION_CONTEXT('2D SPACE',''
  ) );
#2620 = PCURVE('',#2621,#2626);
#2621 = CYLINDRICAL_SURFACE('',#2622,1.5);
#2622 = AXIS2_PLACEMENT_3D('',#2623,#2624,#2625);
#2623 = CARTESIAN_POINT('',(67.5,-43.,1.5));
#2624 = DIRECTION('',(-1.,-0.,-0.));
#2625 = DIRECTION('',(0.,-1.,0.));
#2626 = DEFINITIONAL_REPRESENTATION('',(#2627),#2630);
#2627 = B_SPLINE_CURVE_WITH_KNOTS('',1,(#2628,#2629),.UNSPECIFIED.,.F.,
  .F.,(2,2),(0.,1.570796326795),.PIECEWISE_BEZIER_KNOTS.);
#2628 = CARTESIAN_POINT('',(0.,135.));
#2629 = CARTESIAN_POINT('',(1.570796326795,135.));
#2630 = ( GEOMETRIC_REPRESENTATION_CONTEXT(2) 
PARAMETRIC_REPRESENTATION_CONTEXT() REPRESENTATION_CONTEXT('2D SPACE',''
  ) );
#2631 = ORIENTED_EDGE('',*,*,#194,.T.);
#2632 = ORIENTED_EDGE('',*,*,#224,.T.);
#2633 = ORIENTED_EDGE('',*,*,#2634,.F.);
#2634 = EDGE_CURVE('',#2606,#225,#2635,.T.);
#2635 = SURFACE_CURVE('',#2636,(#2641,#2648),.PCURVE_S1.);
#2636 = CIRCLE('',#2637,1.5);
#2637 = AXIS2_PLACEMENT_3D('',#2638,#2639,#2640);
#2638 = CARTESIAN_POINT('',(-67.5,-41.5,3.));
#2639 = DIRECTION('',(-0.,-0.,-1.));
#2640 = DIRECTION('',(0.,-1.,0.));
#2641 = PCURVE('',#209,#2642);
#2642 = DEFINITIONAL_REPRESENTATION('',(#2643),#2647);
#2643 = LINE('',#2644,#2645);
#2644 = CARTESIAN_POINT('',(-0.,1.570796326795));
#2645 = VECTOR('',#2646,1.);
#2646 = DIRECTION('',(-1.,0.));
#2647 = ( GEOMETRIC_REPRESENTATION_CONTEXT(2) 
PARAMETRIC_REPRESENTATION_CONTEXT() REPRESENTATION_CONTEXT('2D SPACE',''
  ) );
#2648 = PCURVE('',#262,#2649);
#2649 = DEFINITIONAL_REPRESENTATION('',(#2650),#2658);
#2650 = ( BOUNDED_CURVE() B_SPLINE_CURVE(2,(#2651,#2652,#2653,#2654,
#2655,#2656,#2657),.UNSPECIFIED.,.T.,.F.) B_SPLINE_CURVE_WITH_KNOTS((1,2
    ,2,2,2,1),(-2.094395102393,0.,2.094395102393,4.188790204786,
6.28318530718,8.377580409573),.UNSPECIFIED.) CURVE() 
GEOMETRIC_REPRESENTATION_ITEM() RATIONAL_B_SPLINE_CURVE((1.,0.5,1.,0.5,
1.,0.5,1.)) REPRESENTATION_ITEM('') );
#2651 = CARTESIAN_POINT('',(3.,1.5));
#2652 = CARTESIAN_POINT('',(0.401923788647,1.5));
#2653 = CARTESIAN_POINT('',(1.700961894323,3.75));
#2654 = CARTESIAN_POINT('',(3.,6.));
#2655 = CARTESIAN_POINT('',(4.299038105677,3.75));
#2656 = CARTESIAN_POINT('',(5.598076211353,1.5));
#2657 = CARTESIAN_POINT('',(3.,1.5));
#2658 = ( GEOMETRIC_REPRESENTATION_CONTEXT(2) 
PARAMETRIC_REPRESENTATION_CONTEXT() REPRESENTATION_CONTEXT('2D SPACE',''
  ) );
#2659 = ADVANCED_FACE('',(#2660),#182,.F.);
#2660 = FACE_BOUND('',#2661,.F.);
#2661 = EDGE_LOOP('',(#2662,#2663,#2686,#2707));
#2662 = ORIENTED_EDGE('',*,*,#166,.T.);
#2663 = ORIENTED_EDGE('',*,*,#2664,.F.);
#2664 = EDGE_CURVE('',#2665,#167,#2667,.T.);
#2665 = VERTEX_POINT('',#2666);
#2666 = CARTESIAN_POINT('',(67.5,-44.5,1.5));
#2667 = SURFACE_CURVE('',#2668,(#2672,#2679),.PCURVE_S1.);
#2668 = LINE('',#2669,#2670);
#2669 = CARTESIAN_POINT('',(67.5,-44.5,1.5));
#2670 = VECTOR('',#2671,1.);
#2671 = DIRECTION('',(-1.,-0.,-0.));
#2672 = PCURVE('',#182,#2673);
#2673 = DEFINITIONAL_REPRESENTATION('',(#2674),#2678);
#2674 = LINE('',#2675,#2676);
#2675 = CARTESIAN_POINT('',(1.5,138.));
#2676 = VECTOR('',#2677,1.);
#2677 = DIRECTION('',(-0.,-1.));
#2678 = ( GEOMETRIC_REPRESENTATION_CONTEXT(2) 
PARAMETRIC_REPRESENTATION_CONTEXT() REPRESENTATION_CONTEXT('2D SPACE',''
  ) );
#2679 = PCURVE('',#2621,#2680);
#2680 = DEFINITIONAL_REPRESENTATION('',(#2681),#2685);
#2681 = LINE('',#2682,#2683);
#2682 = CARTESIAN_POINT('',(0.,0.));
#2683 = VECTOR('',#2684,1.);
#2684 = DIRECTION('',(0.,1.));
#2685 = ( GEOMETRIC_REPRESENTATION_CONTEXT(2) 
PARAMETRIC_REPRESENTATION_CONTEXT() REPRESENTATION_CONTEXT('2D SPACE',''
  ) );
#2686 = ORIENTED_EDGE('',*,*,#2687,.F.);
#2687 = EDGE_CURVE('',#459,#2665,#2688,.T.);
#2688 = SURFACE_CURVE('',#2689,(#2693,#2700),.PCURVE_S1.);
#2689 = LINE('',#2690,#2691);
#2690 = CARTESIAN_POINT('',(67.5,-44.5,0.));
#2691 = VECTOR('',#2692,1.);
#2692 = DIRECTION('',(0.,0.,1.));
#2693 = PCURVE('',#182,#2694);
#2694 = DEFINITIONAL_REPRESENTATION('',(#2695),#2699);
#2695 = LINE('',#2696,#2697);
#2696 = CARTESIAN_POINT('',(0.,138.));
#2697 = VECTOR('',#2698,1.);
#2698 = DIRECTION('',(1.,0.));
#2699 = ( GEOMETRIC_REPRESENTATION_CONTEXT(2) 
PARAMETRIC_REPRESENTATION_CONTEXT() REPRESENTATION_CONTEXT('2D SPACE',''
  ) );
#2700 = PCURVE('',#502,#2701);
#2701 = DEFINITIONAL_REPRESENTATION('',(#2702),#2706);
#2702 = LINE('',#2703,#2704);
#2703 = CARTESIAN_POINT('',(-1.570796326795,0.));
#2704 = VECTOR('',#2705,1.);
#2705 = DIRECTION('',(-0.,1.));
#2706 = ( GEOMETRIC_REPRESENTATION_CONTEXT(2) 
PARAMETRIC_REPRESENTATION_CONTEXT() REPRESENTATION_CONTEXT('2D SPACE',''
  ) );
#2707 = ORIENTED_EDGE('',*,*,#458,.F.);
#2708 = ADVANCED_FACE('',(#2709,#3070,#3105,#3191,#3277,#3363,#3398,
    #3484,#3570,#3656,#3742,#3828,#3914,#3949,#4035,#4121,#4207,#4293,
    #4379),#262,.T.);
#2709 = FACE_BOUND('',#2710,.T.);
#2710 = EDGE_LOOP('',(#2711,#2712,#2713,#2736,#2769,#2797,#2830,#2858,
    #2884,#2885,#2906,#2927,#2946,#2947,#2968,#2989,#3008,#3009,#3030,
    #3051));
#2711 = ORIENTED_EDGE('',*,*,#246,.F.);
#2712 = ORIENTED_EDGE('',*,*,#2634,.F.);
#2713 = ORIENTED_EDGE('',*,*,#2714,.F.);
#2714 = EDGE_CURVE('',#2715,#2606,#2717,.T.);
#2715 = VERTEX_POINT('',#2716);
#2716 = CARTESIAN_POINT('',(67.5,-43.,3.));
#2717 = SURFACE_CURVE('',#2718,(#2722,#2729),.PCURVE_S1.);
#2718 = LINE('',#2719,#2720);
#2719 = CARTESIAN_POINT('',(67.5,-43.,3.));
#2720 = VECTOR('',#2721,1.);
#2721 = DIRECTION('',(-1.,-0.,-0.));
#2722 = PCURVE('',#262,#2723);
#2723 = DEFINITIONAL_REPRESENTATION('',(#2724),#2728);
#2724 = LINE('',#2725,#2726);
#2725 = CARTESIAN_POINT('',(138.,1.5));
#2726 = VECTOR('',#2727,1.);
#2727 = DIRECTION('',(-1.,-0.));
#2728 = ( GEOMETRIC_REPRESENTATION_CONTEXT(2) 
PARAMETRIC_REPRESENTATION_CONTEXT() REPRESENTATION_CONTEXT('2D SPACE',''
  ) );
#2729 = PCURVE('',#2621,#2730);
#2730 = DEFINITIONAL_REPRESENTATION('',(#2731),#2735);
#2731 = LINE('',#2732,#2733);
#2732 = CARTESIAN_POINT('',(1.570796326795,0.));
#2733 = VECTOR('',#2734,1.);
#2734 = DIRECTION('',(0.,1.));
#2735 = ( GEOMETRIC_REPRESENTATION_CONTEXT(2) 
PARAMETRIC_REPRESENTATION_CONTEXT() REPRESENTATION_CONTEXT('2D SPACE',''
  ) );
#2736 = ORIENTED_EDGE('',*,*,#2737,.F.);
#2737 = EDGE_CURVE('',#2738,#2715,#2740,.T.);
#2738 = VERTEX_POINT('',#2739);
#2739 = CARTESIAN_POINT('',(69.,-41.5,3.));
#2740 = SURFACE_CURVE('',#2741,(#2746,#2757),.PCURVE_S1.);
#2741 = CIRCLE('',#2742,1.5);
#2742 = AXIS2_PLACEMENT_3D('',#2743,#2744,#2745);
#2743 = CARTESIAN_POINT('',(67.5,-41.5,3.));
#2744 = DIRECTION('',(0.,-0.,-1.));
#2745 = DIRECTION('',(1.,0.,-0.));
#2746 = PCURVE('',#262,#2747);
#2747 = DEFINITIONAL_REPRESENTATION('',(#2748),#2756);
#2748 = ( BOUNDED_CURVE() B_SPLINE_CURVE(2,(#2749,#2750,#2751,#2752,
#2753,#2754,#2755),.UNSPECIFIED.,.T.,.F.) B_SPLINE_CURVE_WITH_KNOTS((1,2
    ,2,2,2,1),(-2.094395102393,0.,2.094395102393,4.188790204786,
6.28318530718,8.377580409573),.UNSPECIFIED.) CURVE() 
GEOMETRIC_REPRESENTATION_ITEM() RATIONAL_B_SPLINE_CURVE((1.,0.5,1.,0.5,
1.,0.5,1.)) REPRESENTATION_ITEM('') );
#2749 = CARTESIAN_POINT('',(139.5,3.));
#2750 = CARTESIAN_POINT('',(139.5,0.401923788647));
#2751 = CARTESIAN_POINT('',(137.25,1.700961894323));
#2752 = CARTESIAN_POINT('',(135.,3.));
#2753 = CARTESIAN_POINT('',(137.25,4.299038105677));
#2754 = CARTESIAN_POINT('',(139.5,5.598076211353));
#2755 = CARTESIAN_POINT('',(139.5,3.));
#2756 = ( GEOMETRIC_REPRESENTATION_CONTEXT(2) 
PARAMETRIC_REPRESENTATION_CONTEXT() REPRESENTATION_CONTEXT('2D SPACE',''
  ) );
#2757 = PCURVE('',#2758,#2763);
#2758 = TOROIDAL_SURFACE('',#2759,1.5,1.5);
#2759 = AXIS2_PLACEMENT_3D('',#2760,#2761,#2762);
#2760 = CARTESIAN_POINT('',(67.5,-41.5,1.5));
#2761 = DIRECTION('',(0.,0.,1.));
#2762 = DIRECTION('',(1.,0.,-0.));
#2763 = DEFINITIONAL_REPRESENTATION('',(#2764),#2768);
#2764 = LINE('',#2765,#2766);
#2765 = CARTESIAN_POINT('',(-0.,1.570796326795));
#2766 = VECTOR('',#2767,1.);
#2767 = DIRECTION('',(-1.,0.));
#2768 = ( GEOMETRIC_REPRESENTATION_CONTEXT(2) 
PARAMETRIC_REPRESENTATION_CONTEXT() REPRESENTATION_CONTEXT('2D SPACE',''
  ) );
#2769 = ORIENTED_EDGE('',*,*,#2770,.F.);
#2770 = EDGE_CURVE('',#2771,#2738,#2773,.T.);
#2771 = VERTEX_POINT('',#2772);
#2772 = CARTESIAN_POINT('',(69.,41.5,3.));
#2773 = SURFACE_CURVE('',#2774,(#2778,#2785),.PCURVE_S1.);
#2774 = LINE('',#2775,#2776);
#2775 = CARTESIAN_POINT('',(69.,41.5,3.));
#2776 = VECTOR('',#2777,1.);
#2777 = DIRECTION('',(-0.,-1.,-0.));
#2778 = PCURVE('',#262,#2779);
#2779 = DEFINITIONAL_REPRESENTATION('',(#2780),#2784);
#2780 = LINE('',#2781,#2782);
#2781 = CARTESIAN_POINT('',(139.5,86.));
#2782 = VECTOR('',#2783,1.);
#2783 = DIRECTION('',(-0.,-1.));
#2784 = ( GEOMETRIC_REPRESENTATION_CONTEXT(2) 
PARAMETRIC_REPRESENTATION_CONTEXT() REPRESENTATION_CONTEXT('2D SPACE',''
  ) );
#2785 = PCURVE('',#2786,#2791);
#2786 = CYLINDRICAL_SURFACE('',#2787,1.5);
#2787 = AXIS2_PLACEMENT_3D('',#2788,#2789,#2790);
#2788 = CARTESIAN_POINT('',(69.,41.5,1.5));
#2789 = DIRECTION('',(-0.,-1.,-0.));
#2790 = DIRECTION('',(1.,0.,-0.));
#2791 = DEFINITIONAL_REPRESENTATION('',(#2792),#2796);
#2792 = LINE('',#2793,#2794);
#2793 = CARTESIAN_POINT('',(1.570796326795,0.));
#2794 = VECTOR('',#2795,1.);
#2795 = DIRECTION('',(0.,1.));
#2796 = ( GEOMETRIC_REPRESENTATION_CONTEXT(2) 
PARAMETRIC_REPRESENTATION_CONTEXT() REPRESENTATION_CONTEXT('2D SPACE',''
  ) );
#2797 = ORIENTED_EDGE('',*,*,#2798,.F.);
#2798 = EDGE_CURVE('',#2799,#2771,#2801,.T.);
#2799 = VERTEX_POINT('',#2800);
#2800 = CARTESIAN_POINT('',(67.5,43.,3.));
#2801 = SURFACE_CURVE('',#2802,(#2807,#2818),.PCURVE_S1.);
#2802 = CIRCLE('',#2803,1.5);
#2803 = AXIS2_PLACEMENT_3D('',#2804,#2805,#2806);
#2804 = CARTESIAN_POINT('',(67.5,41.5,3.));
#2805 = DIRECTION('',(0.,-0.,-1.));
#2806 = DIRECTION('',(0.,1.,-0.));
#2807 = PCURVE('',#262,#2808);
#2808 = DEFINITIONAL_REPRESENTATION('',(#2809),#2817);
#2809 = ( BOUNDED_CURVE() B_SPLINE_CURVE(2,(#2810,#2811,#2812,#2813,
#2814,#2815,#2816),.UNSPECIFIED.,.T.,.F.) B_SPLINE_CURVE_WITH_KNOTS((1,2
    ,2,2,2,1),(-2.094395102393,0.,2.094395102393,4.188790204786,
6.28318530718,8.377580409573),.UNSPECIFIED.) CURVE() 
GEOMETRIC_REPRESENTATION_ITEM() RATIONAL_B_SPLINE_CURVE((1.,0.5,1.,0.5,
1.,0.5,1.)) REPRESENTATION_ITEM('') );
#2810 = CARTESIAN_POINT('',(138.,87.5));
#2811 = CARTESIAN_POINT('',(140.59807621135,87.5));
#2812 = CARTESIAN_POINT('',(139.29903810567,85.25));
#2813 = CARTESIAN_POINT('',(138.,83.));
#2814 = CARTESIAN_POINT('',(136.70096189432,85.25));
#2815 = CARTESIAN_POINT('',(135.40192378864,87.5));
#2816 = CARTESIAN_POINT('',(138.,87.5));
#2817 = ( GEOMETRIC_REPRESENTATION_CONTEXT(2) 
PARAMETRIC_REPRESENTATION_CONTEXT() REPRESENTATION_CONTEXT('2D SPACE',''
  ) );
#2818 = PCURVE('',#2819,#2824);
#2819 = TOROIDAL_SURFACE('',#2820,1.5,1.5);
#2820 = AXIS2_PLACEMENT_3D('',#2821,#2822,#2823);
#2821 = CARTESIAN_POINT('',(67.5,41.5,1.5));
#2822 = DIRECTION('',(0.,0.,1.));
#2823 = DIRECTION('',(0.,1.,-0.));
#2824 = DEFINITIONAL_REPRESENTATION('',(#2825),#2829);
#2825 = LINE('',#2826,#2827);
#2826 = CARTESIAN_POINT('',(-0.,1.570796326795));
#2827 = VECTOR('',#2828,1.);
#2828 = DIRECTION('',(-1.,0.));
#2829 = ( GEOMETRIC_REPRESENTATION_CONTEXT(2) 
PARAMETRIC_REPRESENTATION_CONTEXT() REPRESENTATION_CONTEXT('2D SPACE',''
  ) );
#2830 = ORIENTED_EDGE('',*,*,#2831,.F.);
#2831 = EDGE_CURVE('',#2832,#2799,#2834,.T.);
#2832 = VERTEX_POINT('',#2833);
#2833 = CARTESIAN_POINT('',(-67.5,43.,3.));
#2834 = SURFACE_CURVE('',#2835,(#2839,#2846),.PCURVE_S1.);
#2835 = LINE('',#2836,#2837);
#2836 = CARTESIAN_POINT('',(-67.5,43.,3.));
#2837 = VECTOR('',#2838,1.);
#2838 = DIRECTION('',(1.,0.,0.));
#2839 = PCURVE('',#262,#2840);
#2840 = DEFINITIONAL_REPRESENTATION('',(#2841),#2845);
#2841 = LINE('',#2842,#2843);
#2842 = CARTESIAN_POINT('',(3.,87.5));
#2843 = VECTOR('',#2844,1.);
#2844 = DIRECTION('',(1.,0.));
#2845 = ( GEOMETRIC_REPRESENTATION_CONTEXT(2) 
PARAMETRIC_REPRESENTATION_CONTEXT() REPRESENTATION_CONTEXT('2D SPACE',''
  ) );
#2846 = PCURVE('',#2847,#2852);
#2847 = CYLINDRICAL_SURFACE('',#2848,1.5);
#2848 = AXIS2_PLACEMENT_3D('',#2849,#2850,#2851);
#2849 = CARTESIAN_POINT('',(-67.5,43.,1.5));
#2850 = DIRECTION('',(1.,0.,0.));
#2851 = DIRECTION('',(-0.,1.,0.));
#2852 = DEFINITIONAL_REPRESENTATION('',(#2853),#2857);
#2853 = LINE('',#2854,#2855);
#2854 = CARTESIAN_POINT('',(1.570796326795,0.));
#2855 = VECTOR('',#2856,1.);
#2856 = DIRECTION('',(0.,1.));
#2857 = ( GEOMETRIC_REPRESENTATION_CONTEXT(2) 
PARAMETRIC_REPRESENTATION_CONTEXT() REPRESENTATION_CONTEXT('2D SPACE',''
  ) );
#2858 = ORIENTED_EDGE('',*,*,#2859,.F.);
#2859 = EDGE_CURVE('',#405,#2832,#2860,.T.);
#2860 = SURFACE_CURVE('',#2861,(#2866,#2877),.PCURVE_S1.);
#2861 = CIRCLE('',#2862,1.5);
#2862 = AXIS2_PLACEMENT_3D('',#2863,#2864,#2865);
#2863 = CARTESIAN_POINT('',(-67.5,41.5,3.));
#2864 = DIRECTION('',(-0.,0.,-1.));
#2865 = DIRECTION('',(-1.,0.,0.));
#2866 = PCURVE('',#262,#2867);
#2867 = DEFINITIONAL_REPRESENTATION('',(#2868),#2876);
#2868 = ( BOUNDED_CURVE() B_SPLINE_CURVE(2,(#2869,#2870,#2871,#2872,
#2873,#2874,#2875),.UNSPECIFIED.,.T.,.F.) B_SPLINE_CURVE_WITH_KNOTS((1,2
    ,2,2,2,1),(-2.094395102393,0.,2.094395102393,4.188790204786,
6.28318530718,8.377580409573),.UNSPECIFIED.) CURVE() 
GEOMETRIC_REPRESENTATION_ITEM() RATIONAL_B_SPLINE_CURVE((1.,0.5,1.,0.5,
1.,0.5,1.)) REPRESENTATION_ITEM('') );
#2869 = CARTESIAN_POINT('',(1.5,86.));
#2870 = CARTESIAN_POINT('',(1.5,88.598076211353));
#2871 = CARTESIAN_POINT('',(3.75,87.299038105677));
#2872 = CARTESIAN_POINT('',(6.,86.));
#2873 = CARTESIAN_POINT('',(3.75,84.700961894323));
#2874 = CARTESIAN_POINT('',(1.5,83.401923788647));
#2875 = CARTESIAN_POINT('',(1.5,86.));
#2876 = ( GEOMETRIC_REPRESENTATION_CONTEXT(2) 
PARAMETRIC_REPRESENTATION_CONTEXT() REPRESENTATION_CONTEXT('2D SPACE',''
  ) );
#2877 = PCURVE('',#441,#2878);
#2878 = DEFINITIONAL_REPRESENTATION('',(#2879),#2883);
#2879 = LINE('',#2880,#2881);
#2880 = CARTESIAN_POINT('',(-0.,1.570796326795));
#2881 = VECTOR('',#2882,1.);
#2882 = DIRECTION('',(-1.,0.));
#2883 = ( GEOMETRIC_REPRESENTATION_CONTEXT(2) 
PARAMETRIC_REPRESENTATION_CONTEXT() REPRESENTATION_CONTEXT('2D SPACE',''
  ) );
#2884 = ORIENTED_EDGE('',*,*,#404,.F.);
#2885 = ORIENTED_EDGE('',*,*,#2886,.F.);
#2886 = EDGE_CURVE('',#2887,#377,#2889,.T.);
#2887 = VERTEX_POINT('',#2888);
#2888 = CARTESIAN_POINT('',(-53.,9.5,3.));
#2889 = SURFACE_CURVE('',#2890,(#2894,#2900),.PCURVE_S1.);
#2890 = LINE('',#2891,#2892);
#2891 = CARTESIAN_POINT('',(-69.75,9.5,3.));
#2892 = VECTOR('',#2893,1.);
#2893 = DIRECTION('',(-1.,0.,0.));
#2894 = PCURVE('',#262,#2895);
#2895 = DEFINITIONAL_REPRESENTATION('',(#2896),#2899);
#2896 = B_SPLINE_CURVE_WITH_KNOTS('',1,(#2897,#2898),.UNSPECIFIED.,.F.,
  .F.,(2,2),(-16.75,-0.75),.PIECEWISE_BEZIER_KNOTS.);
#2897 = CARTESIAN_POINT('',(17.5,54.));
#2898 = CARTESIAN_POINT('',(1.5,54.));
#2899 = ( GEOMETRIC_REPRESENTATION_CONTEXT(2) 
PARAMETRIC_REPRESENTATION_CONTEXT() REPRESENTATION_CONTEXT('2D SPACE',''
  ) );
#2900 = PCURVE('',#1599,#2901);
#2901 = DEFINITIONAL_REPRESENTATION('',(#2902),#2905);
#2902 = B_SPLINE_CURVE_WITH_KNOTS('',1,(#2903,#2904),.UNSPECIFIED.,.F.,
  .F.,(2,2),(-16.75,-0.75),.PIECEWISE_BEZIER_KNOTS.);
#2903 = CARTESIAN_POINT('',(4.,16.));
#2904 = CARTESIAN_POINT('',(4.,0.));
#2905 = ( GEOMETRIC_REPRESENTATION_CONTEXT(2) 
PARAMETRIC_REPRESENTATION_CONTEXT() REPRESENTATION_CONTEXT('2D SPACE',''
  ) );
#2906 = ORIENTED_EDGE('',*,*,#2907,.F.);
#2907 = EDGE_CURVE('',#2908,#2887,#2910,.T.);
#2908 = VERTEX_POINT('',#2909);
#2909 = CARTESIAN_POINT('',(-53.,6.5,3.));
#2910 = SURFACE_CURVE('',#2911,(#2915,#2921),.PCURVE_S1.);
#2911 = LINE('',#2912,#2913);
#2912 = CARTESIAN_POINT('',(-53.,-19.,3.));
#2913 = VECTOR('',#2914,1.);
#2914 = DIRECTION('',(0.,1.,0.));
#2915 = PCURVE('',#262,#2916);
#2916 = DEFINITIONAL_REPRESENTATION('',(#2917),#2920);
#2917 = B_SPLINE_CURVE_WITH_KNOTS('',1,(#2918,#2919),.UNSPECIFIED.,.F.,
  .F.,(2,2),(25.5,28.5),.PIECEWISE_BEZIER_KNOTS.);
#2918 = CARTESIAN_POINT('',(17.5,51.));
#2919 = CARTESIAN_POINT('',(17.5,54.));
#2920 = ( GEOMETRIC_REPRESENTATION_CONTEXT(2) 
PARAMETRIC_REPRESENTATION_CONTEXT() REPRESENTATION_CONTEXT('2D SPACE',''
  ) );
#2921 = PCURVE('',#1623,#2922);
#2922 = DEFINITIONAL_REPRESENTATION('',(#2923),#2926);
#2923 = B_SPLINE_CURVE_WITH_KNOTS('',1,(#2924,#2925),.UNSPECIFIED.,.F.,
  .F.,(2,2),(25.5,28.5),.PIECEWISE_BEZIER_KNOTS.);
#2924 = CARTESIAN_POINT('',(4.,0.));
#2925 = CARTESIAN_POINT('',(4.,-3.));
#2926 = ( GEOMETRIC_REPRESENTATION_CONTEXT(2) 
PARAMETRIC_REPRESENTATION_CONTEXT() REPRESENTATION_CONTEXT('2D SPACE',''
  ) );
#2927 = ORIENTED_EDGE('',*,*,#2928,.T.);
#2928 = EDGE_CURVE('',#2908,#354,#2929,.T.);
#2929 = SURFACE_CURVE('',#2930,(#2934,#2940),.PCURVE_S1.);
#2930 = LINE('',#2931,#2932);
#2931 = CARTESIAN_POINT('',(-69.75,6.5,3.));
#2932 = VECTOR('',#2933,1.);
#2933 = DIRECTION('',(-1.,0.,0.));
#2934 = PCURVE('',#262,#2935);
#2935 = DEFINITIONAL_REPRESENTATION('',(#2936),#2939);
#2936 = B_SPLINE_CURVE_WITH_KNOTS('',1,(#2937,#2938),.UNSPECIFIED.,.F.,
  .F.,(2,2),(-16.75,-0.75),.PIECEWISE_BEZIER_KNOTS.);
#2937 = CARTESIAN_POINT('',(17.5,51.));
#2938 = CARTESIAN_POINT('',(1.5,51.));
#2939 = ( GEOMETRIC_REPRESENTATION_CONTEXT(2) 
PARAMETRIC_REPRESENTATION_CONTEXT() REPRESENTATION_CONTEXT('2D SPACE',''
  ) );
#2940 = PCURVE('',#1552,#2941);
#2941 = DEFINITIONAL_REPRESENTATION('',(#2942),#2945);
#2942 = B_SPLINE_CURVE_WITH_KNOTS('',1,(#2943,#2944),.UNSPECIFIED.,.F.,
  .F.,(2,2),(-16.75,-0.75),.PIECEWISE_BEZIER_KNOTS.);
#2943 = CARTESIAN_POINT('',(4.,16.));
#2944 = CARTESIAN_POINT('',(4.,0.));
#2945 = ( GEOMETRIC_REPRESENTATION_CONTEXT(2) 
PARAMETRIC_REPRESENTATION_CONTEXT() REPRESENTATION_CONTEXT('2D SPACE',''
  ) );
#2946 = ORIENTED_EDGE('',*,*,#353,.F.);
#2947 = ORIENTED_EDGE('',*,*,#2948,.F.);
#2948 = EDGE_CURVE('',#2949,#326,#2951,.T.);
#2949 = VERTEX_POINT('',#2950);
#2950 = CARTESIAN_POINT('',(-53.,1.5,3.));
#2951 = SURFACE_CURVE('',#2952,(#2956,#2962),.PCURVE_S1.);
#2952 = LINE('',#2953,#2954);
#2953 = CARTESIAN_POINT('',(-69.75,1.5,3.));
#2954 = VECTOR('',#2955,1.);
#2955 = DIRECTION('',(-1.,0.,0.));
#2956 = PCURVE('',#262,#2957);
#2957 = DEFINITIONAL_REPRESENTATION('',(#2958),#2961);
#2958 = B_SPLINE_CURVE_WITH_KNOTS('',1,(#2959,#2960),.UNSPECIFIED.,.F.,
  .F.,(2,2),(-16.75,-0.75),.PIECEWISE_BEZIER_KNOTS.);
#2959 = CARTESIAN_POINT('',(17.5,46.));
#2960 = CARTESIAN_POINT('',(1.5,46.));
#2961 = ( GEOMETRIC_REPRESENTATION_CONTEXT(2) 
PARAMETRIC_REPRESENTATION_CONTEXT() REPRESENTATION_CONTEXT('2D SPACE',''
  ) );
#2962 = PCURVE('',#1498,#2963);
#2963 = DEFINITIONAL_REPRESENTATION('',(#2964),#2967);
#2964 = B_SPLINE_CURVE_WITH_KNOTS('',1,(#2965,#2966),.UNSPECIFIED.,.F.,
  .F.,(2,2),(-16.75,-0.75),.PIECEWISE_BEZIER_KNOTS.);
#2965 = CARTESIAN_POINT('',(4.,16.));
#2966 = CARTESIAN_POINT('',(4.,0.));
#2967 = ( GEOMETRIC_REPRESENTATION_CONTEXT(2) 
PARAMETRIC_REPRESENTATION_CONTEXT() REPRESENTATION_CONTEXT('2D SPACE',''
  ) );
#2968 = ORIENTED_EDGE('',*,*,#2969,.F.);
#2969 = EDGE_CURVE('',#2970,#2949,#2972,.T.);
#2970 = VERTEX_POINT('',#2971);
#2971 = CARTESIAN_POINT('',(-53.,-1.5,3.));
#2972 = SURFACE_CURVE('',#2973,(#2977,#2983),.PCURVE_S1.);
#2973 = LINE('',#2974,#2975);
#2974 = CARTESIAN_POINT('',(-53.,-23.,3.));
#2975 = VECTOR('',#2976,1.);
#2976 = DIRECTION('',(0.,1.,0.));
#2977 = PCURVE('',#262,#2978);
#2978 = DEFINITIONAL_REPRESENTATION('',(#2979),#2982);
#2979 = B_SPLINE_CURVE_WITH_KNOTS('',1,(#2980,#2981),.UNSPECIFIED.,.F.,
  .F.,(2,2),(21.5,24.5),.PIECEWISE_BEZIER_KNOTS.);
#2980 = CARTESIAN_POINT('',(17.5,43.));
#2981 = CARTESIAN_POINT('',(17.5,46.));
#2982 = ( GEOMETRIC_REPRESENTATION_CONTEXT(2) 
PARAMETRIC_REPRESENTATION_CONTEXT() REPRESENTATION_CONTEXT('2D SPACE',''
  ) );
#2983 = PCURVE('',#1522,#2984);
#2984 = DEFINITIONAL_REPRESENTATION('',(#2985),#2988);
#2985 = B_SPLINE_CURVE_WITH_KNOTS('',1,(#2986,#2987),.UNSPECIFIED.,.F.,
  .F.,(2,2),(21.5,24.5),.PIECEWISE_BEZIER_KNOTS.);
#2986 = CARTESIAN_POINT('',(4.,0.));
#2987 = CARTESIAN_POINT('',(4.,-3.));
#2988 = ( GEOMETRIC_REPRESENTATION_CONTEXT(2) 
PARAMETRIC_REPRESENTATION_CONTEXT() REPRESENTATION_CONTEXT('2D SPACE',''
  ) );
#2989 = ORIENTED_EDGE('',*,*,#2990,.T.);
#2990 = EDGE_CURVE('',#2970,#303,#2991,.T.);
#2991 = SURFACE_CURVE('',#2992,(#2996,#3002),.PCURVE_S1.);
#2992 = LINE('',#2993,#2994);
#2993 = CARTESIAN_POINT('',(-69.75,-1.5,3.));
#2994 = VECTOR('',#2995,1.);
#2995 = DIRECTION('',(-1.,0.,0.));
#2996 = PCURVE('',#262,#2997);
#2997 = DEFINITIONAL_REPRESENTATION('',(#2998),#3001);
#2998 = B_SPLINE_CURVE_WITH_KNOTS('',1,(#2999,#3000),.UNSPECIFIED.,.F.,
  .F.,(2,2),(-16.75,-0.75),.PIECEWISE_BEZIER_KNOTS.);
#2999 = CARTESIAN_POINT('',(17.5,43.));
#3000 = CARTESIAN_POINT('',(1.5,43.));
#3001 = ( GEOMETRIC_REPRESENTATION_CONTEXT(2) 
PARAMETRIC_REPRESENTATION_CONTEXT() REPRESENTATION_CONTEXT('2D SPACE',''
  ) );
#3002 = PCURVE('',#1451,#3003);
#3003 = DEFINITIONAL_REPRESENTATION('',(#3004),#3007);
#3004 = B_SPLINE_CURVE_WITH_KNOTS('',1,(#3005,#3006),.UNSPECIFIED.,.F.,
  .F.,(2,2),(-16.75,-0.75),.PIECEWISE_BEZIER_KNOTS.);
#3005 = CARTESIAN_POINT('',(4.,16.));
#3006 = CARTESIAN_POINT('',(4.,0.));
#3007 = ( GEOMETRIC_REPRESENTATION_CONTEXT(2) 
PARAMETRIC_REPRESENTATION_CONTEXT() REPRESENTATION_CONTEXT('2D SPACE',''
  ) );
#3008 = ORIENTED_EDGE('',*,*,#302,.F.);
#3009 = ORIENTED_EDGE('',*,*,#3010,.F.);
#3010 = EDGE_CURVE('',#3011,#275,#3013,.T.);
#3011 = VERTEX_POINT('',#3012);
#3012 = CARTESIAN_POINT('',(-53.,-6.5,3.));
#3013 = SURFACE_CURVE('',#3014,(#3018,#3024),.PCURVE_S1.);
#3014 = LINE('',#3015,#3016);
#3015 = CARTESIAN_POINT('',(-69.75,-6.5,3.));
#3016 = VECTOR('',#3017,1.);
#3017 = DIRECTION('',(-1.,0.,0.));
#3018 = PCURVE('',#262,#3019);
#3019 = DEFINITIONAL_REPRESENTATION('',(#3020),#3023);
#3020 = B_SPLINE_CURVE_WITH_KNOTS('',1,(#3021,#3022),.UNSPECIFIED.,.F.,
  .F.,(2,2),(-16.75,-0.75),.PIECEWISE_BEZIER_KNOTS.);
#3021 = CARTESIAN_POINT('',(17.5,38.));
#3022 = CARTESIAN_POINT('',(1.5,38.));
#3023 = ( GEOMETRIC_REPRESENTATION_CONTEXT(2) 
PARAMETRIC_REPRESENTATION_CONTEXT() REPRESENTATION_CONTEXT('2D SPACE',''
  ) );
#3024 = PCURVE('',#832,#3025);
#3025 = DEFINITIONAL_REPRESENTATION('',(#3026),#3029);
#3026 = B_SPLINE_CURVE_WITH_KNOTS('',1,(#3027,#3028),.UNSPECIFIED.,.F.,
  .F.,(2,2),(-16.75,-0.75),.PIECEWISE_BEZIER_KNOTS.);
#3027 = CARTESIAN_POINT('',(4.,16.));
#3028 = CARTESIAN_POINT('',(4.,0.));
#3029 = ( GEOMETRIC_REPRESENTATION_CONTEXT(2) 
PARAMETRIC_REPRESENTATION_CONTEXT() REPRESENTATION_CONTEXT('2D SPACE',''
  ) );
#3030 = ORIENTED_EDGE('',*,*,#3031,.F.);
#3031 = EDGE_CURVE('',#3032,#3011,#3034,.T.);
#3032 = VERTEX_POINT('',#3033);
#3033 = CARTESIAN_POINT('',(-53.,-9.5,3.));
#3034 = SURFACE_CURVE('',#3035,(#3039,#3045),.PCURVE_S1.);
#3035 = LINE('',#3036,#3037);
#3036 = CARTESIAN_POINT('',(-53.,-27.,3.));
#3037 = VECTOR('',#3038,1.);
#3038 = DIRECTION('',(0.,1.,0.));
#3039 = PCURVE('',#262,#3040);
#3040 = DEFINITIONAL_REPRESENTATION('',(#3041),#3044);
#3041 = B_SPLINE_CURVE_WITH_KNOTS('',1,(#3042,#3043),.UNSPECIFIED.,.F.,
  .F.,(2,2),(17.5,20.5),.PIECEWISE_BEZIER_KNOTS.);
#3042 = CARTESIAN_POINT('',(17.5,35.));
#3043 = CARTESIAN_POINT('',(17.5,38.));
#3044 = ( GEOMETRIC_REPRESENTATION_CONTEXT(2) 
PARAMETRIC_REPRESENTATION_CONTEXT() REPRESENTATION_CONTEXT('2D SPACE',''
  ) );
#3045 = PCURVE('',#856,#3046);
#3046 = DEFINITIONAL_REPRESENTATION('',(#3047),#3050);
#3047 = B_SPLINE_CURVE_WITH_KNOTS('',1,(#3048,#3049),.UNSPECIFIED.,.F.,
  .F.,(2,2),(17.5,20.5),.PIECEWISE_BEZIER_KNOTS.);
#3048 = CARTESIAN_POINT('',(4.,0.));
#3049 = CARTESIAN_POINT('',(4.,-3.));
#3050 = ( GEOMETRIC_REPRESENTATION_CONTEXT(2) 
PARAMETRIC_REPRESENTATION_CONTEXT() REPRESENTATION_CONTEXT('2D SPACE',''
  ) );
#3051 = ORIENTED_EDGE('',*,*,#3052,.T.);
#3052 = EDGE_CURVE('',#3032,#247,#3053,.T.);
#3053 = SURFACE_CURVE('',#3054,(#3058,#3064),.PCURVE_S1.);
#3054 = LINE('',#3055,#3056);
#3055 = CARTESIAN_POINT('',(-69.75,-9.5,3.));
#3056 = VECTOR('',#3057,1.);
#3057 = DIRECTION('',(-1.,0.,0.));
#3058 = PCURVE('',#262,#3059);
#3059 = DEFINITIONAL_REPRESENTATION('',(#3060),#3063);
#3060 = B_SPLINE_CURVE_WITH_KNOTS('',1,(#3061,#3062),.UNSPECIFIED.,.F.,
  .F.,(2,2),(-16.75,-0.75),.PIECEWISE_BEZIER_KNOTS.);
#3061 = CARTESIAN_POINT('',(17.5,35.));
#3062 = CARTESIAN_POINT('',(1.5,35.));
#3063 = ( GEOMETRIC_REPRESENTATION_CONTEXT(2) 
PARAMETRIC_REPRESENTATION_CONTEXT() REPRESENTATION_CONTEXT('2D SPACE',''
  ) );
#3064 = PCURVE('',#785,#3065);
#3065 = DEFINITIONAL_REPRESENTATION('',(#3066),#3069);
#3066 = B_SPLINE_CURVE_WITH_KNOTS('',1,(#3067,#3068),.UNSPECIFIED.,.F.,
  .F.,(2,2),(-16.75,-0.75),.PIECEWISE_BEZIER_KNOTS.);
#3067 = CARTESIAN_POINT('',(4.,16.));
#3068 = CARTESIAN_POINT('',(4.,0.));
#3069 = ( GEOMETRIC_REPRESENTATION_CONTEXT(2) 
PARAMETRIC_REPRESENTATION_CONTEXT() REPRESENTATION_CONTEXT('2D SPACE',''
  ) );
#3070 = FACE_BOUND('',#3071,.T.);
#3071 = EDGE_LOOP('',(#3072));
#3072 = ORIENTED_EDGE('',*,*,#3073,.T.);
#3073 = EDGE_CURVE('',#3074,#3074,#3076,.T.);
#3074 = VERTEX_POINT('',#3075);
#3075 = CARTESIAN_POINT('',(-66.85,-38.,3.));
#3076 = SURFACE_CURVE('',#3077,(#3082,#3093),.PCURVE_S1.);
#3077 = CIRCLE('',#3078,2.85);
#3078 = AXIS2_PLACEMENT_3D('',#3079,#3080,#3081);
#3079 = CARTESIAN_POINT('',(-64.,-38.,3.));
#3080 = DIRECTION('',(0.,0.,-1.));
#3081 = DIRECTION('',(-1.,0.,0.));
#3082 = PCURVE('',#262,#3083);
#3083 = DEFINITIONAL_REPRESENTATION('',(#3084),#3092);
#3084 = ( BOUNDED_CURVE() B_SPLINE_CURVE(2,(#3085,#3086,#3087,#3088,
#3089,#3090,#3091),.UNSPECIFIED.,.T.,.F.) B_SPLINE_CURVE_WITH_KNOTS((1,2
    ,2,2,2,1),(-2.094395102393,0.,2.094395102393,4.188790204786,
6.28318530718,8.377580409573),.UNSPECIFIED.) CURVE() 
GEOMETRIC_REPRESENTATION_ITEM() RATIONAL_B_SPLINE_CURVE((1.,0.5,1.,0.5,
1.,0.5,1.)) REPRESENTATION_ITEM('') );
#3085 = CARTESIAN_POINT('',(3.65,6.5));
#3086 = CARTESIAN_POINT('',(3.65,11.436344801571));
#3087 = CARTESIAN_POINT('',(7.925,8.968172400786));
#3088 = CARTESIAN_POINT('',(12.2,6.5));
#3089 = CARTESIAN_POINT('',(7.925,4.031827599214));
#3090 = CARTESIAN_POINT('',(3.65,1.563655198429));
#3091 = CARTESIAN_POINT('',(3.65,6.5));
#3092 = ( GEOMETRIC_REPRESENTATION_CONTEXT(2) 
PARAMETRIC_REPRESENTATION_CONTEXT() REPRESENTATION_CONTEXT('2D SPACE',''
  ) );
#3093 = PCURVE('',#3094,#3099);
#3094 = CONICAL_SURFACE('',#3095,2.85,0.785398163397);
#3095 = AXIS2_PLACEMENT_3D('',#3096,#3097,#3098);
#3096 = CARTESIAN_POINT('',(-64.,-38.,3.));
#3097 = DIRECTION('',(0.,0.,1.));
#3098 = DIRECTION('',(-1.,0.,0.));
#3099 = DEFINITIONAL_REPRESENTATION('',(#3100),#3104);
#3100 = LINE('',#3101,#3102);
#3101 = CARTESIAN_POINT('',(-0.,-0.));
#3102 = VECTOR('',#3103,1.);
#3103 = DIRECTION('',(-1.,-0.));
#3104 = ( GEOMETRIC_REPRESENTATION_CONTEXT(2) 
PARAMETRIC_REPRESENTATION_CONTEXT() REPRESENTATION_CONTEXT('2D SPACE',''
  ) );
#3105 = FACE_BOUND('',#3106,.T.);
#3106 = EDGE_LOOP('',(#3107,#3130,#3151,#3172));
#3107 = ORIENTED_EDGE('',*,*,#3108,.T.);
#3108 = EDGE_CURVE('',#3109,#3111,#3113,.T.);
#3109 = VERTEX_POINT('',#3110);
#3110 = CARTESIAN_POINT('',(13.,-25.5,3.));
#3111 = VERTEX_POINT('',#3112);
#3112 = CARTESIAN_POINT('',(-49.,-25.5,3.));
#3113 = SURFACE_CURVE('',#3114,(#3118,#3124),.PCURVE_S1.);
#3114 = LINE('',#3115,#3116);
#3115 = CARTESIAN_POINT('',(-59.75,-25.5,3.));
#3116 = VECTOR('',#3117,1.);
#3117 = DIRECTION('',(-1.,0.,0.));
#3118 = PCURVE('',#262,#3119);
#3119 = DEFINITIONAL_REPRESENTATION('',(#3120),#3123);
#3120 = B_SPLINE_CURVE_WITH_KNOTS('',1,(#3121,#3122),.UNSPECIFIED.,.F.,
  .F.,(2,2),(-72.75,-10.75),.PIECEWISE_BEZIER_KNOTS.);
#3121 = CARTESIAN_POINT('',(83.5,19.));
#3122 = CARTESIAN_POINT('',(21.5,19.));
#3123 = ( GEOMETRIC_REPRESENTATION_CONTEXT(2) 
PARAMETRIC_REPRESENTATION_CONTEXT() REPRESENTATION_CONTEXT('2D SPACE',''
  ) );
#3124 = PCURVE('',#679,#3125);
#3125 = DEFINITIONAL_REPRESENTATION('',(#3126),#3129);
#3126 = B_SPLINE_CURVE_WITH_KNOTS('',1,(#3127,#3128),.UNSPECIFIED.,.F.,
  .F.,(2,2),(-72.75,-10.75),.PIECEWISE_BEZIER_KNOTS.);
#3127 = CARTESIAN_POINT('',(4.,62.));
#3128 = CARTESIAN_POINT('',(4.,0.));
#3129 = ( GEOMETRIC_REPRESENTATION_CONTEXT(2) 
PARAMETRIC_REPRESENTATION_CONTEXT() REPRESENTATION_CONTEXT('2D SPACE',''
  ) );
#3130 = ORIENTED_EDGE('',*,*,#3131,.T.);
#3131 = EDGE_CURVE('',#3111,#3132,#3134,.T.);
#3132 = VERTEX_POINT('',#3133);
#3133 = CARTESIAN_POINT('',(-49.,-22.5,3.));
#3134 = SURFACE_CURVE('',#3135,(#3139,#3145),.PCURVE_S1.);
#3135 = LINE('',#3136,#3137);
#3136 = CARTESIAN_POINT('',(-49.,-35.,3.));
#3137 = VECTOR('',#3138,1.);
#3138 = DIRECTION('',(0.,1.,0.));
#3139 = PCURVE('',#262,#3140);
#3140 = DEFINITIONAL_REPRESENTATION('',(#3141),#3144);
#3141 = B_SPLINE_CURVE_WITH_KNOTS('',1,(#3142,#3143),.UNSPECIFIED.,.F.,
  .F.,(2,2),(9.5,12.5),.PIECEWISE_BEZIER_KNOTS.);
#3142 = CARTESIAN_POINT('',(21.5,19.));
#3143 = CARTESIAN_POINT('',(21.5,22.));
#3144 = ( GEOMETRIC_REPRESENTATION_CONTEXT(2) 
PARAMETRIC_REPRESENTATION_CONTEXT() REPRESENTATION_CONTEXT('2D SPACE',''
  ) );
#3145 = PCURVE('',#705,#3146);
#3146 = DEFINITIONAL_REPRESENTATION('',(#3147),#3150);
#3147 = B_SPLINE_CURVE_WITH_KNOTS('',1,(#3148,#3149),.UNSPECIFIED.,.F.,
  .F.,(2,2),(9.5,12.5),.PIECEWISE_BEZIER_KNOTS.);
#3148 = CARTESIAN_POINT('',(4.,0.));
#3149 = CARTESIAN_POINT('',(4.,-3.));
#3150 = ( GEOMETRIC_REPRESENTATION_CONTEXT(2) 
PARAMETRIC_REPRESENTATION_CONTEXT() REPRESENTATION_CONTEXT('2D SPACE',''
  ) );
#3151 = ORIENTED_EDGE('',*,*,#3152,.F.);
#3152 = EDGE_CURVE('',#3153,#3132,#3155,.T.);
#3153 = VERTEX_POINT('',#3154);
#3154 = CARTESIAN_POINT('',(13.,-22.5,3.));
#3155 = SURFACE_CURVE('',#3156,(#3160,#3166),.PCURVE_S1.);
#3156 = LINE('',#3157,#3158);
#3157 = CARTESIAN_POINT('',(-59.75,-22.5,3.));
#3158 = VECTOR('',#3159,1.);
#3159 = DIRECTION('',(-1.,0.,0.));
#3160 = PCURVE('',#262,#3161);
#3161 = DEFINITIONAL_REPRESENTATION('',(#3162),#3165);
#3162 = B_SPLINE_CURVE_WITH_KNOTS('',1,(#3163,#3164),.UNSPECIFIED.,.F.,
  .F.,(2,2),(-72.75,-10.75),.PIECEWISE_BEZIER_KNOTS.);
#3163 = CARTESIAN_POINT('',(83.5,22.));
#3164 = CARTESIAN_POINT('',(21.5,22.));
#3165 = ( GEOMETRIC_REPRESENTATION_CONTEXT(2) 
PARAMETRIC_REPRESENTATION_CONTEXT() REPRESENTATION_CONTEXT('2D SPACE',''
  ) );
#3166 = PCURVE('',#731,#3167);
#3167 = DEFINITIONAL_REPRESENTATION('',(#3168),#3171);
#3168 = B_SPLINE_CURVE_WITH_KNOTS('',1,(#3169,#3170),.UNSPECIFIED.,.F.,
  .F.,(2,2),(-72.75,-10.75),.PIECEWISE_BEZIER_KNOTS.);
#3169 = CARTESIAN_POINT('',(4.,62.));
#3170 = CARTESIAN_POINT('',(4.,0.));
#3171 = ( GEOMETRIC_REPRESENTATION_CONTEXT(2) 
PARAMETRIC_REPRESENTATION_CONTEXT() REPRESENTATION_CONTEXT('2D SPACE',''
  ) );
#3172 = ORIENTED_EDGE('',*,*,#3173,.F.);
#3173 = EDGE_CURVE('',#3109,#3153,#3174,.T.);
#3174 = SURFACE_CURVE('',#3175,(#3179,#3185),.PCURVE_S1.);
#3175 = LINE('',#3176,#3177);
#3176 = CARTESIAN_POINT('',(13.,-35.,3.));
#3177 = VECTOR('',#3178,1.);
#3178 = DIRECTION('',(0.,1.,0.));
#3179 = PCURVE('',#262,#3180);
#3180 = DEFINITIONAL_REPRESENTATION('',(#3181),#3184);
#3181 = B_SPLINE_CURVE_WITH_KNOTS('',1,(#3182,#3183),.UNSPECIFIED.,.F.,
  .F.,(2,2),(9.5,12.5),.PIECEWISE_BEZIER_KNOTS.);
#3182 = CARTESIAN_POINT('',(83.5,19.));
#3183 = CARTESIAN_POINT('',(83.5,22.));
#3184 = ( GEOMETRIC_REPRESENTATION_CONTEXT(2) 
PARAMETRIC_REPRESENTATION_CONTEXT() REPRESENTATION_CONTEXT('2D SPACE',''
  ) );
#3185 = PCURVE('',#755,#3186);
#3186 = DEFINITIONAL_REPRESENTATION('',(#3187),#3190);
#3187 = B_SPLINE_CURVE_WITH_KNOTS('',1,(#3188,#3189),.UNSPECIFIED.,.F.,
  .F.,(2,2),(9.5,12.5),.PIECEWISE_BEZIER_KNOTS.);
#3188 = CARTESIAN_POINT('',(4.,0.));
#3189 = CARTESIAN_POINT('',(4.,-3.));
#3190 = ( GEOMETRIC_REPRESENTATION_CONTEXT(2) 
PARAMETRIC_REPRESENTATION_CONTEXT() REPRESENTATION_CONTEXT('2D SPACE',''
  ) );
#3191 = FACE_BOUND('',#3192,.T.);
#3192 = EDGE_LOOP('',(#3193,#3216,#3237,#3258));
#3193 = ORIENTED_EDGE('',*,*,#3194,.T.);
#3194 = EDGE_CURVE('',#3195,#3197,#3199,.T.);
#3195 = VERTEX_POINT('',#3196);
#3196 = CARTESIAN_POINT('',(13.,-17.5,3.));
#3197 = VERTEX_POINT('',#3198);
#3198 = CARTESIAN_POINT('',(-49.,-17.5,3.));
#3199 = SURFACE_CURVE('',#3200,(#3204,#3210),.PCURVE_S1.);
#3200 = LINE('',#3201,#3202);
#3201 = CARTESIAN_POINT('',(-59.75,-17.5,3.));
#3202 = VECTOR('',#3203,1.);
#3203 = DIRECTION('',(-1.,0.,0.));
#3204 = PCURVE('',#262,#3205);
#3205 = DEFINITIONAL_REPRESENTATION('',(#3206),#3209);
#3206 = B_SPLINE_CURVE_WITH_KNOTS('',1,(#3207,#3208),.UNSPECIFIED.,.F.,
  .F.,(2,2),(-72.75,-10.75),.PIECEWISE_BEZIER_KNOTS.);
#3207 = CARTESIAN_POINT('',(83.5,27.));
#3208 = CARTESIAN_POINT('',(21.5,27.));
#3209 = ( GEOMETRIC_REPRESENTATION_CONTEXT(2) 
PARAMETRIC_REPRESENTATION_CONTEXT() REPRESENTATION_CONTEXT('2D SPACE',''
  ) );
#3210 = PCURVE('',#886,#3211);
#3211 = DEFINITIONAL_REPRESENTATION('',(#3212),#3215);
#3212 = B_SPLINE_CURVE_WITH_KNOTS('',1,(#3213,#3214),.UNSPECIFIED.,.F.,
  .F.,(2,2),(-72.75,-10.75),.PIECEWISE_BEZIER_KNOTS.);
#3213 = CARTESIAN_POINT('',(4.,62.));
#3214 = CARTESIAN_POINT('',(4.,0.));
#3215 = ( GEOMETRIC_REPRESENTATION_CONTEXT(2) 
PARAMETRIC_REPRESENTATION_CONTEXT() REPRESENTATION_CONTEXT('2D SPACE',''
  ) );
#3216 = ORIENTED_EDGE('',*,*,#3217,.T.);
#3217 = EDGE_CURVE('',#3197,#3218,#3220,.T.);
#3218 = VERTEX_POINT('',#3219);
#3219 = CARTESIAN_POINT('',(-49.,-14.5,3.));
#3220 = SURFACE_CURVE('',#3221,(#3225,#3231),.PCURVE_S1.);
#3221 = LINE('',#3222,#3223);
#3222 = CARTESIAN_POINT('',(-49.,-31.,3.));
#3223 = VECTOR('',#3224,1.);
#3224 = DIRECTION('',(0.,1.,0.));
#3225 = PCURVE('',#262,#3226);
#3226 = DEFINITIONAL_REPRESENTATION('',(#3227),#3230);
#3227 = B_SPLINE_CURVE_WITH_KNOTS('',1,(#3228,#3229),.UNSPECIFIED.,.F.,
  .F.,(2,2),(13.5,16.5),.PIECEWISE_BEZIER_KNOTS.);
#3228 = CARTESIAN_POINT('',(21.5,27.));
#3229 = CARTESIAN_POINT('',(21.5,30.));
#3230 = ( GEOMETRIC_REPRESENTATION_CONTEXT(2) 
PARAMETRIC_REPRESENTATION_CONTEXT() REPRESENTATION_CONTEXT('2D SPACE',''
  ) );
#3231 = PCURVE('',#912,#3232);
#3232 = DEFINITIONAL_REPRESENTATION('',(#3233),#3236);
#3233 = B_SPLINE_CURVE_WITH_KNOTS('',1,(#3234,#3235),.UNSPECIFIED.,.F.,
  .F.,(2,2),(13.5,16.5),.PIECEWISE_BEZIER_KNOTS.);
#3234 = CARTESIAN_POINT('',(4.,0.));
#3235 = CARTESIAN_POINT('',(4.,-3.));
#3236 = ( GEOMETRIC_REPRESENTATION_CONTEXT(2) 
PARAMETRIC_REPRESENTATION_CONTEXT() REPRESENTATION_CONTEXT('2D SPACE',''
  ) );
#3237 = ORIENTED_EDGE('',*,*,#3238,.F.);
#3238 = EDGE_CURVE('',#3239,#3218,#3241,.T.);
#3239 = VERTEX_POINT('',#3240);
#3240 = CARTESIAN_POINT('',(13.,-14.5,3.));
#3241 = SURFACE_CURVE('',#3242,(#3246,#3252),.PCURVE_S1.);
#3242 = LINE('',#3243,#3244);
#3243 = CARTESIAN_POINT('',(-59.75,-14.5,3.));
#3244 = VECTOR('',#3245,1.);
#3245 = DIRECTION('',(-1.,0.,0.));
#3246 = PCURVE('',#262,#3247);
#3247 = DEFINITIONAL_REPRESENTATION('',(#3248),#3251);
#3248 = B_SPLINE_CURVE_WITH_KNOTS('',1,(#3249,#3250),.UNSPECIFIED.,.F.,
  .F.,(2,2),(-72.75,-10.75),.PIECEWISE_BEZIER_KNOTS.);
#3249 = CARTESIAN_POINT('',(83.5,30.));
#3250 = CARTESIAN_POINT('',(21.5,30.));
#3251 = ( GEOMETRIC_REPRESENTATION_CONTEXT(2) 
PARAMETRIC_REPRESENTATION_CONTEXT() REPRESENTATION_CONTEXT('2D SPACE',''
  ) );
#3252 = PCURVE('',#938,#3253);
#3253 = DEFINITIONAL_REPRESENTATION('',(#3254),#3257);
#3254 = B_SPLINE_CURVE_WITH_KNOTS('',1,(#3255,#3256),.UNSPECIFIED.,.F.,
  .F.,(2,2),(-72.75,-10.75),.PIECEWISE_BEZIER_KNOTS.);
#3255 = CARTESIAN_POINT('',(4.,62.));
#3256 = CARTESIAN_POINT('',(4.,0.));
#3257 = ( GEOMETRIC_REPRESENTATION_CONTEXT(2) 
PARAMETRIC_REPRESENTATION_CONTEXT() REPRESENTATION_CONTEXT('2D SPACE',''
  ) );
#3258 = ORIENTED_EDGE('',*,*,#3259,.F.);
#3259 = EDGE_CURVE('',#3195,#3239,#3260,.T.);
#3260 = SURFACE_CURVE('',#3261,(#3265,#3271),.PCURVE_S1.);
#3261 = LINE('',#3262,#3263);
#3262 = CARTESIAN_POINT('',(13.,-31.,3.));
#3263 = VECTOR('',#3264,1.);
#3264 = DIRECTION('',(0.,1.,0.));
#3265 = PCURVE('',#262,#3266);
#3266 = DEFINITIONAL_REPRESENTATION('',(#3267),#3270);
#3267 = B_SPLINE_CURVE_WITH_KNOTS('',1,(#3268,#3269),.UNSPECIFIED.,.F.,
  .F.,(2,2),(13.5,16.5),.PIECEWISE_BEZIER_KNOTS.);
#3268 = CARTESIAN_POINT('',(83.5,27.));
#3269 = CARTESIAN_POINT('',(83.5,30.));
#3270 = ( GEOMETRIC_REPRESENTATION_CONTEXT(2) 
PARAMETRIC_REPRESENTATION_CONTEXT() REPRESENTATION_CONTEXT('2D SPACE',''
  ) );
#3271 = PCURVE('',#962,#3272);
#3272 = DEFINITIONAL_REPRESENTATION('',(#3273),#3276);
#3273 = B_SPLINE_CURVE_WITH_KNOTS('',1,(#3274,#3275),.UNSPECIFIED.,.F.,
  .F.,(2,2),(13.5,16.5),.PIECEWISE_BEZIER_KNOTS.);
#3274 = CARTESIAN_POINT('',(4.,0.));
#3275 = CARTESIAN_POINT('',(4.,-3.));
#3276 = ( GEOMETRIC_REPRESENTATION_CONTEXT(2) 
PARAMETRIC_REPRESENTATION_CONTEXT() REPRESENTATION_CONTEXT('2D SPACE',''
  ) );
#3277 = FACE_BOUND('',#3278,.T.);
#3278 = EDGE_LOOP('',(#3279,#3302,#3323,#3344));
#3279 = ORIENTED_EDGE('',*,*,#3280,.T.);
#3280 = EDGE_CURVE('',#3281,#3283,#3285,.T.);
#3281 = VERTEX_POINT('',#3282);
#3282 = CARTESIAN_POINT('',(13.,-9.5,3.));
#3283 = VERTEX_POINT('',#3284);
#3284 = CARTESIAN_POINT('',(-49.,-9.5,3.));
#3285 = SURFACE_CURVE('',#3286,(#3290,#3296),.PCURVE_S1.);
#3286 = LINE('',#3287,#3288);
#3287 = CARTESIAN_POINT('',(-59.75,-9.5,3.));
#3288 = VECTOR('',#3289,1.);
#3289 = DIRECTION('',(-1.,0.,0.));
#3290 = PCURVE('',#262,#3291);
#3291 = DEFINITIONAL_REPRESENTATION('',(#3292),#3295);
#3292 = B_SPLINE_CURVE_WITH_KNOTS('',1,(#3293,#3294),.UNSPECIFIED.,.F.,
  .F.,(2,2),(-72.75,-10.75),.PIECEWISE_BEZIER_KNOTS.);
#3293 = CARTESIAN_POINT('',(83.5,35.));
#3294 = CARTESIAN_POINT('',(21.5,35.));
#3295 = ( GEOMETRIC_REPRESENTATION_CONTEXT(2) 
PARAMETRIC_REPRESENTATION_CONTEXT() REPRESENTATION_CONTEXT('2D SPACE',''
  ) );
#3296 = PCURVE('',#992,#3297);
#3297 = DEFINITIONAL_REPRESENTATION('',(#3298),#3301);
#3298 = B_SPLINE_CURVE_WITH_KNOTS('',1,(#3299,#3300),.UNSPECIFIED.,.F.,
  .F.,(2,2),(-72.75,-10.75),.PIECEWISE_BEZIER_KNOTS.);
#3299 = CARTESIAN_POINT('',(4.,62.));
#3300 = CARTESIAN_POINT('',(4.,0.));
#3301 = ( GEOMETRIC_REPRESENTATION_CONTEXT(2) 
PARAMETRIC_REPRESENTATION_CONTEXT() REPRESENTATION_CONTEXT('2D SPACE',''
  ) );
#3302 = ORIENTED_EDGE('',*,*,#3303,.T.);
#3303 = EDGE_CURVE('',#3283,#3304,#3306,.T.);
#3304 = VERTEX_POINT('',#3305);
#3305 = CARTESIAN_POINT('',(-49.,-6.5,3.));
#3306 = SURFACE_CURVE('',#3307,(#3311,#3317),.PCURVE_S1.);
#3307 = LINE('',#3308,#3309);
#3308 = CARTESIAN_POINT('',(-49.,-27.,3.));
#3309 = VECTOR('',#3310,1.);
#3310 = DIRECTION('',(0.,1.,0.));
#3311 = PCURVE('',#262,#3312);
#3312 = DEFINITIONAL_REPRESENTATION('',(#3313),#3316);
#3313 = B_SPLINE_CURVE_WITH_KNOTS('',1,(#3314,#3315),.UNSPECIFIED.,.F.,
  .F.,(2,2),(17.5,20.5),.PIECEWISE_BEZIER_KNOTS.);
#3314 = CARTESIAN_POINT('',(21.5,35.));
#3315 = CARTESIAN_POINT('',(21.5,38.));
#3316 = ( GEOMETRIC_REPRESENTATION_CONTEXT(2) 
PARAMETRIC_REPRESENTATION_CONTEXT() REPRESENTATION_CONTEXT('2D SPACE',''
  ) );
#3317 = PCURVE('',#1018,#3318);
#3318 = DEFINITIONAL_REPRESENTATION('',(#3319),#3322);
#3319 = B_SPLINE_CURVE_WITH_KNOTS('',1,(#3320,#3321),.UNSPECIFIED.,.F.,
  .F.,(2,2),(17.5,20.5),.PIECEWISE_BEZIER_KNOTS.);
#3320 = CARTESIAN_POINT('',(4.,0.));
#3321 = CARTESIAN_POINT('',(4.,-3.));
#3322 = ( GEOMETRIC_REPRESENTATION_CONTEXT(2) 
PARAMETRIC_REPRESENTATION_CONTEXT() REPRESENTATION_CONTEXT('2D SPACE',''
  ) );
#3323 = ORIENTED_EDGE('',*,*,#3324,.F.);
#3324 = EDGE_CURVE('',#3325,#3304,#3327,.T.);
#3325 = VERTEX_POINT('',#3326);
#3326 = CARTESIAN_POINT('',(13.,-6.5,3.));
#3327 = SURFACE_CURVE('',#3328,(#3332,#3338),.PCURVE_S1.);
#3328 = LINE('',#3329,#3330);
#3329 = CARTESIAN_POINT('',(-59.75,-6.5,3.));
#3330 = VECTOR('',#3331,1.);
#3331 = DIRECTION('',(-1.,0.,0.));
#3332 = PCURVE('',#262,#3333);
#3333 = DEFINITIONAL_REPRESENTATION('',(#3334),#3337);
#3334 = B_SPLINE_CURVE_WITH_KNOTS('',1,(#3335,#3336),.UNSPECIFIED.,.F.,
  .F.,(2,2),(-72.75,-10.75),.PIECEWISE_BEZIER_KNOTS.);
#3335 = CARTESIAN_POINT('',(83.5,38.));
#3336 = CARTESIAN_POINT('',(21.5,38.));
#3337 = ( GEOMETRIC_REPRESENTATION_CONTEXT(2) 
PARAMETRIC_REPRESENTATION_CONTEXT() REPRESENTATION_CONTEXT('2D SPACE',''
  ) );
#3338 = PCURVE('',#1044,#3339);
#3339 = DEFINITIONAL_REPRESENTATION('',(#3340),#3343);
#3340 = B_SPLINE_CURVE_WITH_KNOTS('',1,(#3341,#3342),.UNSPECIFIED.,.F.,
  .F.,(2,2),(-72.75,-10.75),.PIECEWISE_BEZIER_KNOTS.);
#3341 = CARTESIAN_POINT('',(4.,62.));
#3342 = CARTESIAN_POINT('',(4.,0.));
#3343 = ( GEOMETRIC_REPRESENTATION_CONTEXT(2) 
PARAMETRIC_REPRESENTATION_CONTEXT() REPRESENTATION_CONTEXT('2D SPACE',''
  ) );
#3344 = ORIENTED_EDGE('',*,*,#3345,.F.);
#3345 = EDGE_CURVE('',#3281,#3325,#3346,.T.);
#3346 = SURFACE_CURVE('',#3347,(#3351,#3357),.PCURVE_S1.);
#3347 = LINE('',#3348,#3349);
#3348 = CARTESIAN_POINT('',(13.,-27.,3.));
#3349 = VECTOR('',#3350,1.);
#3350 = DIRECTION('',(0.,1.,0.));
#3351 = PCURVE('',#262,#3352);
#3352 = DEFINITIONAL_REPRESENTATION('',(#3353),#3356);
#3353 = B_SPLINE_CURVE_WITH_KNOTS('',1,(#3354,#3355),.UNSPECIFIED.,.F.,
  .F.,(2,2),(17.5,20.5),.PIECEWISE_BEZIER_KNOTS.);
#3354 = CARTESIAN_POINT('',(83.5,35.));
#3355 = CARTESIAN_POINT('',(83.5,38.));
#3356 = ( GEOMETRIC_REPRESENTATION_CONTEXT(2) 
PARAMETRIC_REPRESENTATION_CONTEXT() REPRESENTATION_CONTEXT('2D SPACE',''
  ) );
#3357 = PCURVE('',#1068,#3358);
#3358 = DEFINITIONAL_REPRESENTATION('',(#3359),#3362);
#3359 = B_SPLINE_CURVE_WITH_KNOTS('',1,(#3360,#3361),.UNSPECIFIED.,.F.,
  .F.,(2,2),(17.5,20.5),.PIECEWISE_BEZIER_KNOTS.);
#3360 = CARTESIAN_POINT('',(4.,0.));
#3361 = CARTESIAN_POINT('',(4.,-3.));
#3362 = ( GEOMETRIC_REPRESENTATION_CONTEXT(2) 
PARAMETRIC_REPRESENTATION_CONTEXT() REPRESENTATION_CONTEXT('2D SPACE',''
  ) );
#3363 = FACE_BOUND('',#3364,.T.);
#3364 = EDGE_LOOP('',(#3365));
#3365 = ORIENTED_EDGE('',*,*,#3366,.T.);
#3366 = EDGE_CURVE('',#3367,#3367,#3369,.T.);
#3367 = VERTEX_POINT('',#3368);
#3368 = CARTESIAN_POINT('',(61.15,-38.,3.));
#3369 = SURFACE_CURVE('',#3370,(#3375,#3386),.PCURVE_S1.);
#3370 = CIRCLE('',#3371,2.85);
#3371 = AXIS2_PLACEMENT_3D('',#3372,#3373,#3374);
#3372 = CARTESIAN_POINT('',(64.,-38.,3.));
#3373 = DIRECTION('',(0.,0.,-1.));
#3374 = DIRECTION('',(-1.,0.,0.));
#3375 = PCURVE('',#262,#3376);
#3376 = DEFINITIONAL_REPRESENTATION('',(#3377),#3385);
#3377 = ( BOUNDED_CURVE() B_SPLINE_CURVE(2,(#3378,#3379,#3380,#3381,
#3382,#3383,#3384),.UNSPECIFIED.,.T.,.F.) B_SPLINE_CURVE_WITH_KNOTS((1,2
    ,2,2,2,1),(-2.094395102393,0.,2.094395102393,4.188790204786,
6.28318530718,8.377580409573),.UNSPECIFIED.) CURVE() 
GEOMETRIC_REPRESENTATION_ITEM() RATIONAL_B_SPLINE_CURVE((1.,0.5,1.,0.5,
1.,0.5,1.)) REPRESENTATION_ITEM('') );
#3378 = CARTESIAN_POINT('',(131.65,6.5));
#3379 = CARTESIAN_POINT('',(131.65,11.436344801571));
#3380 = CARTESIAN_POINT('',(135.925,8.968172400786));
#3381 = CARTESIAN_POINT('',(140.2,6.5));
#3382 = CARTESIAN_POINT('',(135.925,4.031827599214));
#3383 = CARTESIAN_POINT('',(131.65,1.563655198429));
#3384 = CARTESIAN_POINT('',(131.65,6.5));
#3385 = ( GEOMETRIC_REPRESENTATION_CONTEXT(2) 
PARAMETRIC_REPRESENTATION_CONTEXT() REPRESENTATION_CONTEXT('2D SPACE',''
  ) );
#3386 = PCURVE('',#3387,#3392);
#3387 = CONICAL_SURFACE('',#3388,2.85,0.785398163397);
#3388 = AXIS2_PLACEMENT_3D('',#3389,#3390,#3391);
#3389 = CARTESIAN_POINT('',(64.,-38.,3.));
#3390 = DIRECTION('',(0.,0.,1.));
#3391 = DIRECTION('',(-1.,0.,0.));
#3392 = DEFINITIONAL_REPRESENTATION('',(#3393),#3397);
#3393 = LINE('',#3394,#3395);
#3394 = CARTESIAN_POINT('',(-0.,-0.));
#3395 = VECTOR('',#3396,1.);
#3396 = DIRECTION('',(-1.,-0.));
#3397 = ( GEOMETRIC_REPRESENTATION_CONTEXT(2) 
PARAMETRIC_REPRESENTATION_CONTEXT() REPRESENTATION_CONTEXT('2D SPACE',''
  ) );
#3398 = FACE_BOUND('',#3399,.T.);
#3399 = EDGE_LOOP('',(#3400,#3423,#3444,#3465));
#3400 = ORIENTED_EDGE('',*,*,#3401,.T.);
#3401 = EDGE_CURVE('',#3402,#3404,#3406,.T.);
#3402 = VERTEX_POINT('',#3403);
#3403 = CARTESIAN_POINT('',(64.75,-25.5,3.));
#3404 = VERTEX_POINT('',#3405);
#3405 = CARTESIAN_POINT('',(20.75,-25.5,3.));
#3406 = SURFACE_CURVE('',#3407,(#3411,#3417),.PCURVE_S1.);
#3407 = LINE('',#3408,#3409);
#3408 = CARTESIAN_POINT('',(-24.875,-25.5,3.));
#3409 = VECTOR('',#3410,1.);
#3410 = DIRECTION('',(-1.,0.,0.));
#3411 = PCURVE('',#262,#3412);
#3412 = DEFINITIONAL_REPRESENTATION('',(#3413),#3416);
#3413 = B_SPLINE_CURVE_WITH_KNOTS('',1,(#3414,#3415),.UNSPECIFIED.,.F.,
  .F.,(2,2),(-89.625,-45.625),.PIECEWISE_BEZIER_KNOTS.);
#3414 = CARTESIAN_POINT('',(135.25,19.));
#3415 = CARTESIAN_POINT('',(91.25,19.));
#3416 = ( GEOMETRIC_REPRESENTATION_CONTEXT(2) 
PARAMETRIC_REPRESENTATION_CONTEXT() REPRESENTATION_CONTEXT('2D SPACE',''
  ) );
#3417 = PCURVE('',#1133,#3418);
#3418 = DEFINITIONAL_REPRESENTATION('',(#3419),#3422);
#3419 = B_SPLINE_CURVE_WITH_KNOTS('',1,(#3420,#3421),.UNSPECIFIED.,.F.,
  .F.,(2,2),(-89.625,-45.625),.PIECEWISE_BEZIER_KNOTS.);
#3420 = CARTESIAN_POINT('',(4.,44.));
#3421 = CARTESIAN_POINT('',(4.,0.));
#3422 = ( GEOMETRIC_REPRESENTATION_CONTEXT(2) 
PARAMETRIC_REPRESENTATION_CONTEXT() REPRESENTATION_CONTEXT('2D SPACE',''
  ) );
#3423 = ORIENTED_EDGE('',*,*,#3424,.T.);
#3424 = EDGE_CURVE('',#3404,#3425,#3427,.T.);
#3425 = VERTEX_POINT('',#3426);
#3426 = CARTESIAN_POINT('',(20.75,-22.5,3.));
#3427 = SURFACE_CURVE('',#3428,(#3432,#3438),.PCURVE_S1.);
#3428 = LINE('',#3429,#3430);
#3429 = CARTESIAN_POINT('',(20.75,-35.,3.));
#3430 = VECTOR('',#3431,1.);
#3431 = DIRECTION('',(0.,1.,0.));
#3432 = PCURVE('',#262,#3433);
#3433 = DEFINITIONAL_REPRESENTATION('',(#3434),#3437);
#3434 = B_SPLINE_CURVE_WITH_KNOTS('',1,(#3435,#3436),.UNSPECIFIED.,.F.,
  .F.,(2,2),(9.5,12.5),.PIECEWISE_BEZIER_KNOTS.);
#3435 = CARTESIAN_POINT('',(91.25,19.));
#3436 = CARTESIAN_POINT('',(91.25,22.));
#3437 = ( GEOMETRIC_REPRESENTATION_CONTEXT(2) 
PARAMETRIC_REPRESENTATION_CONTEXT() REPRESENTATION_CONTEXT('2D SPACE',''
  ) );
#3438 = PCURVE('',#1159,#3439);
#3439 = DEFINITIONAL_REPRESENTATION('',(#3440),#3443);
#3440 = B_SPLINE_CURVE_WITH_KNOTS('',1,(#3441,#3442),.UNSPECIFIED.,.F.,
  .F.,(2,2),(9.5,12.5),.PIECEWISE_BEZIER_KNOTS.);
#3441 = CARTESIAN_POINT('',(4.,0.));
#3442 = CARTESIAN_POINT('',(4.,-3.));
#3443 = ( GEOMETRIC_REPRESENTATION_CONTEXT(2) 
PARAMETRIC_REPRESENTATION_CONTEXT() REPRESENTATION_CONTEXT('2D SPACE',''
  ) );
#3444 = ORIENTED_EDGE('',*,*,#3445,.F.);
#3445 = EDGE_CURVE('',#3446,#3425,#3448,.T.);
#3446 = VERTEX_POINT('',#3447);
#3447 = CARTESIAN_POINT('',(64.75,-22.5,3.));
#3448 = SURFACE_CURVE('',#3449,(#3453,#3459),.PCURVE_S1.);
#3449 = LINE('',#3450,#3451);
#3450 = CARTESIAN_POINT('',(-24.875,-22.5,3.));
#3451 = VECTOR('',#3452,1.);
#3452 = DIRECTION('',(-1.,0.,0.));
#3453 = PCURVE('',#262,#3454);
#3454 = DEFINITIONAL_REPRESENTATION('',(#3455),#3458);
#3455 = B_SPLINE_CURVE_WITH_KNOTS('',1,(#3456,#3457),.UNSPECIFIED.,.F.,
  .F.,(2,2),(-89.625,-45.625),.PIECEWISE_BEZIER_KNOTS.);
#3456 = CARTESIAN_POINT('',(135.25,22.));
#3457 = CARTESIAN_POINT('',(91.25,22.));
#3458 = ( GEOMETRIC_REPRESENTATION_CONTEXT(2) 
PARAMETRIC_REPRESENTATION_CONTEXT() REPRESENTATION_CONTEXT('2D SPACE',''
  ) );
#3459 = PCURVE('',#1185,#3460);
#3460 = DEFINITIONAL_REPRESENTATION('',(#3461),#3464);
#3461 = B_SPLINE_CURVE_WITH_KNOTS('',1,(#3462,#3463),.UNSPECIFIED.,.F.,
  .F.,(2,2),(-89.625,-45.625),.PIECEWISE_BEZIER_KNOTS.);
#3462 = CARTESIAN_POINT('',(4.,44.));
#3463 = CARTESIAN_POINT('',(4.,0.));
#3464 = ( GEOMETRIC_REPRESENTATION_CONTEXT(2) 
PARAMETRIC_REPRESENTATION_CONTEXT() REPRESENTATION_CONTEXT('2D SPACE',''
  ) );
#3465 = ORIENTED_EDGE('',*,*,#3466,.F.);
#3466 = EDGE_CURVE('',#3402,#3446,#3467,.T.);
#3467 = SURFACE_CURVE('',#3468,(#3472,#3478),.PCURVE_S1.);
#3468 = LINE('',#3469,#3470);
#3469 = CARTESIAN_POINT('',(64.75,-35.,3.));
#3470 = VECTOR('',#3471,1.);
#3471 = DIRECTION('',(0.,1.,0.));
#3472 = PCURVE('',#262,#3473);
#3473 = DEFINITIONAL_REPRESENTATION('',(#3474),#3477);
#3474 = B_SPLINE_CURVE_WITH_KNOTS('',1,(#3475,#3476),.UNSPECIFIED.,.F.,
  .F.,(2,2),(9.5,12.5),.PIECEWISE_BEZIER_KNOTS.);
#3475 = CARTESIAN_POINT('',(135.25,19.));
#3476 = CARTESIAN_POINT('',(135.25,22.));
#3477 = ( GEOMETRIC_REPRESENTATION_CONTEXT(2) 
PARAMETRIC_REPRESENTATION_CONTEXT() REPRESENTATION_CONTEXT('2D SPACE',''
  ) );
#3478 = PCURVE('',#1209,#3479);
#3479 = DEFINITIONAL_REPRESENTATION('',(#3480),#3483);
#3480 = B_SPLINE_CURVE_WITH_KNOTS('',1,(#3481,#3482),.UNSPECIFIED.,.F.,
  .F.,(2,2),(9.5,12.5),.PIECEWISE_BEZIER_KNOTS.);
#3481 = CARTESIAN_POINT('',(4.,0.));
#3482 = CARTESIAN_POINT('',(4.,-3.));
#3483 = ( GEOMETRIC_REPRESENTATION_CONTEXT(2) 
PARAMETRIC_REPRESENTATION_CONTEXT() REPRESENTATION_CONTEXT('2D SPACE',''
  ) );
#3484 = FACE_BOUND('',#3485,.T.);
#3485 = EDGE_LOOP('',(#3486,#3509,#3530,#3551));
#3486 = ORIENTED_EDGE('',*,*,#3487,.T.);
#3487 = EDGE_CURVE('',#3488,#3490,#3492,.T.);
#3488 = VERTEX_POINT('',#3489);
#3489 = CARTESIAN_POINT('',(64.75,-17.5,3.));
#3490 = VERTEX_POINT('',#3491);
#3491 = CARTESIAN_POINT('',(20.75,-17.5,3.));
#3492 = SURFACE_CURVE('',#3493,(#3497,#3503),.PCURVE_S1.);
#3493 = LINE('',#3494,#3495);
#3494 = CARTESIAN_POINT('',(-24.875,-17.5,3.));
#3495 = VECTOR('',#3496,1.);
#3496 = DIRECTION('',(-1.,0.,0.));
#3497 = PCURVE('',#262,#3498);
#3498 = DEFINITIONAL_REPRESENTATION('',(#3499),#3502);
#3499 = B_SPLINE_CURVE_WITH_KNOTS('',1,(#3500,#3501),.UNSPECIFIED.,.F.,
  .F.,(2,2),(-89.625,-45.625),.PIECEWISE_BEZIER_KNOTS.);
#3500 = CARTESIAN_POINT('',(135.25,27.));
#3501 = CARTESIAN_POINT('',(91.25,27.));
#3502 = ( GEOMETRIC_REPRESENTATION_CONTEXT(2) 
PARAMETRIC_REPRESENTATION_CONTEXT() REPRESENTATION_CONTEXT('2D SPACE',''
  ) );
#3503 = PCURVE('',#1239,#3504);
#3504 = DEFINITIONAL_REPRESENTATION('',(#3505),#3508);
#3505 = B_SPLINE_CURVE_WITH_KNOTS('',1,(#3506,#3507),.UNSPECIFIED.,.F.,
  .F.,(2,2),(-89.625,-45.625),.PIECEWISE_BEZIER_KNOTS.);
#3506 = CARTESIAN_POINT('',(4.,44.));
#3507 = CARTESIAN_POINT('',(4.,0.));
#3508 = ( GEOMETRIC_REPRESENTATION_CONTEXT(2) 
PARAMETRIC_REPRESENTATION_CONTEXT() REPRESENTATION_CONTEXT('2D SPACE',''
  ) );
#3509 = ORIENTED_EDGE('',*,*,#3510,.T.);
#3510 = EDGE_CURVE('',#3490,#3511,#3513,.T.);
#3511 = VERTEX_POINT('',#3512);
#3512 = CARTESIAN_POINT('',(20.75,-14.5,3.));
#3513 = SURFACE_CURVE('',#3514,(#3518,#3524),.PCURVE_S1.);
#3514 = LINE('',#3515,#3516);
#3515 = CARTESIAN_POINT('',(20.75,-31.,3.));
#3516 = VECTOR('',#3517,1.);
#3517 = DIRECTION('',(0.,1.,0.));
#3518 = PCURVE('',#262,#3519);
#3519 = DEFINITIONAL_REPRESENTATION('',(#3520),#3523);
#3520 = B_SPLINE_CURVE_WITH_KNOTS('',1,(#3521,#3522),.UNSPECIFIED.,.F.,
  .F.,(2,2),(13.5,16.5),.PIECEWISE_BEZIER_KNOTS.);
#3521 = CARTESIAN_POINT('',(91.25,27.));
#3522 = CARTESIAN_POINT('',(91.25,30.));
#3523 = ( GEOMETRIC_REPRESENTATION_CONTEXT(2) 
PARAMETRIC_REPRESENTATION_CONTEXT() REPRESENTATION_CONTEXT('2D SPACE',''
  ) );
#3524 = PCURVE('',#1265,#3525);
#3525 = DEFINITIONAL_REPRESENTATION('',(#3526),#3529);
#3526 = B_SPLINE_CURVE_WITH_KNOTS('',1,(#3527,#3528),.UNSPECIFIED.,.F.,
  .F.,(2,2),(13.5,16.5),.PIECEWISE_BEZIER_KNOTS.);
#3527 = CARTESIAN_POINT('',(4.,0.));
#3528 = CARTESIAN_POINT('',(4.,-3.));
#3529 = ( GEOMETRIC_REPRESENTATION_CONTEXT(2) 
PARAMETRIC_REPRESENTATION_CONTEXT() REPRESENTATION_CONTEXT('2D SPACE',''
  ) );
#3530 = ORIENTED_EDGE('',*,*,#3531,.F.);
#3531 = EDGE_CURVE('',#3532,#3511,#3534,.T.);
#3532 = VERTEX_POINT('',#3533);
#3533 = CARTESIAN_POINT('',(64.75,-14.5,3.));
#3534 = SURFACE_CURVE('',#3535,(#3539,#3545),.PCURVE_S1.);
#3535 = LINE('',#3536,#3537);
#3536 = CARTESIAN_POINT('',(-24.875,-14.5,3.));
#3537 = VECTOR('',#3538,1.);
#3538 = DIRECTION('',(-1.,0.,0.));
#3539 = PCURVE('',#262,#3540);
#3540 = DEFINITIONAL_REPRESENTATION('',(#3541),#3544);
#3541 = B_SPLINE_CURVE_WITH_KNOTS('',1,(#3542,#3543),.UNSPECIFIED.,.F.,
  .F.,(2,2),(-89.625,-45.625),.PIECEWISE_BEZIER_KNOTS.);
#3542 = CARTESIAN_POINT('',(135.25,30.));
#3543 = CARTESIAN_POINT('',(91.25,30.));
#3544 = ( GEOMETRIC_REPRESENTATION_CONTEXT(2) 
PARAMETRIC_REPRESENTATION_CONTEXT() REPRESENTATION_CONTEXT('2D SPACE',''
  ) );
#3545 = PCURVE('',#1291,#3546);
#3546 = DEFINITIONAL_REPRESENTATION('',(#3547),#3550);
#3547 = B_SPLINE_CURVE_WITH_KNOTS('',1,(#3548,#3549),.UNSPECIFIED.,.F.,
  .F.,(2,2),(-89.625,-45.625),.PIECEWISE_BEZIER_KNOTS.);
#3548 = CARTESIAN_POINT('',(4.,44.));
#3549 = CARTESIAN_POINT('',(4.,0.));
#3550 = ( GEOMETRIC_REPRESENTATION_CONTEXT(2) 
PARAMETRIC_REPRESENTATION_CONTEXT() REPRESENTATION_CONTEXT('2D SPACE',''
  ) );
#3551 = ORIENTED_EDGE('',*,*,#3552,.F.);
#3552 = EDGE_CURVE('',#3488,#3532,#3553,.T.);
#3553 = SURFACE_CURVE('',#3554,(#3558,#3564),.PCURVE_S1.);
#3554 = LINE('',#3555,#3556);
#3555 = CARTESIAN_POINT('',(64.75,-31.,3.));
#3556 = VECTOR('',#3557,1.);
#3557 = DIRECTION('',(0.,1.,0.));
#3558 = PCURVE('',#262,#3559);
#3559 = DEFINITIONAL_REPRESENTATION('',(#3560),#3563);
#3560 = B_SPLINE_CURVE_WITH_KNOTS('',1,(#3561,#3562),.UNSPECIFIED.,.F.,
  .F.,(2,2),(13.5,16.5),.PIECEWISE_BEZIER_KNOTS.);
#3561 = CARTESIAN_POINT('',(135.25,27.));
#3562 = CARTESIAN_POINT('',(135.25,30.));
#3563 = ( GEOMETRIC_REPRESENTATION_CONTEXT(2) 
PARAMETRIC_REPRESENTATION_CONTEXT() REPRESENTATION_CONTEXT('2D SPACE',''
  ) );
#3564 = PCURVE('',#1315,#3565);
#3565 = DEFINITIONAL_REPRESENTATION('',(#3566),#3569);
#3566 = B_SPLINE_CURVE_WITH_KNOTS('',1,(#3567,#3568),.UNSPECIFIED.,.F.,
  .F.,(2,2),(13.5,16.5),.PIECEWISE_BEZIER_KNOTS.);
#3567 = CARTESIAN_POINT('',(4.,0.));
#3568 = CARTESIAN_POINT('',(4.,-3.));
#3569 = ( GEOMETRIC_REPRESENTATION_CONTEXT(2) 
PARAMETRIC_REPRESENTATION_CONTEXT() REPRESENTATION_CONTEXT('2D SPACE',''
  ) );
#3570 = FACE_BOUND('',#3571,.T.);
#3571 = EDGE_LOOP('',(#3572,#3595,#3616,#3637));
#3572 = ORIENTED_EDGE('',*,*,#3573,.T.);
#3573 = EDGE_CURVE('',#3574,#3576,#3578,.T.);
#3574 = VERTEX_POINT('',#3575);
#3575 = CARTESIAN_POINT('',(64.75,-9.5,3.));
#3576 = VERTEX_POINT('',#3577);
#3577 = CARTESIAN_POINT('',(20.75,-9.5,3.));
#3578 = SURFACE_CURVE('',#3579,(#3583,#3589),.PCURVE_S1.);
#3579 = LINE('',#3580,#3581);
#3580 = CARTESIAN_POINT('',(-24.875,-9.5,3.));
#3581 = VECTOR('',#3582,1.);
#3582 = DIRECTION('',(-1.,0.,0.));
#3583 = PCURVE('',#262,#3584);
#3584 = DEFINITIONAL_REPRESENTATION('',(#3585),#3588);
#3585 = B_SPLINE_CURVE_WITH_KNOTS('',1,(#3586,#3587),.UNSPECIFIED.,.F.,
  .F.,(2,2),(-89.625,-45.625),.PIECEWISE_BEZIER_KNOTS.);
#3586 = CARTESIAN_POINT('',(135.25,35.));
#3587 = CARTESIAN_POINT('',(91.25,35.));
#3588 = ( GEOMETRIC_REPRESENTATION_CONTEXT(2) 
PARAMETRIC_REPRESENTATION_CONTEXT() REPRESENTATION_CONTEXT('2D SPACE',''
  ) );
#3589 = PCURVE('',#1345,#3590);
#3590 = DEFINITIONAL_REPRESENTATION('',(#3591),#3594);
#3591 = B_SPLINE_CURVE_WITH_KNOTS('',1,(#3592,#3593),.UNSPECIFIED.,.F.,
  .F.,(2,2),(-89.625,-45.625),.PIECEWISE_BEZIER_KNOTS.);
#3592 = CARTESIAN_POINT('',(4.,44.));
#3593 = CARTESIAN_POINT('',(4.,0.));
#3594 = ( GEOMETRIC_REPRESENTATION_CONTEXT(2) 
PARAMETRIC_REPRESENTATION_CONTEXT() REPRESENTATION_CONTEXT('2D SPACE',''
  ) );
#3595 = ORIENTED_EDGE('',*,*,#3596,.T.);
#3596 = EDGE_CURVE('',#3576,#3597,#3599,.T.);
#3597 = VERTEX_POINT('',#3598);
#3598 = CARTESIAN_POINT('',(20.75,-6.5,3.));
#3599 = SURFACE_CURVE('',#3600,(#3604,#3610),.PCURVE_S1.);
#3600 = LINE('',#3601,#3602);
#3601 = CARTESIAN_POINT('',(20.75,-27.,3.));
#3602 = VECTOR('',#3603,1.);
#3603 = DIRECTION('',(0.,1.,0.));
#3604 = PCURVE('',#262,#3605);
#3605 = DEFINITIONAL_REPRESENTATION('',(#3606),#3609);
#3606 = B_SPLINE_CURVE_WITH_KNOTS('',1,(#3607,#3608),.UNSPECIFIED.,.F.,
  .F.,(2,2),(17.5,20.5),.PIECEWISE_BEZIER_KNOTS.);
#3607 = CARTESIAN_POINT('',(91.25,35.));
#3608 = CARTESIAN_POINT('',(91.25,38.));
#3609 = ( GEOMETRIC_REPRESENTATION_CONTEXT(2) 
PARAMETRIC_REPRESENTATION_CONTEXT() REPRESENTATION_CONTEXT('2D SPACE',''
  ) );
#3610 = PCURVE('',#1371,#3611);
#3611 = DEFINITIONAL_REPRESENTATION('',(#3612),#3615);
#3612 = B_SPLINE_CURVE_WITH_KNOTS('',1,(#3613,#3614),.UNSPECIFIED.,.F.,
  .F.,(2,2),(17.5,20.5),.PIECEWISE_BEZIER_KNOTS.);
#3613 = CARTESIAN_POINT('',(4.,0.));
#3614 = CARTESIAN_POINT('',(4.,-3.));
#3615 = ( GEOMETRIC_REPRESENTATION_CONTEXT(2) 
PARAMETRIC_REPRESENTATION_CONTEXT() REPRESENTATION_CONTEXT('2D SPACE',''
  ) );
#3616 = ORIENTED_EDGE('',*,*,#3617,.F.);
#3617 = EDGE_CURVE('',#3618,#3597,#3620,.T.);
#3618 = VERTEX_POINT('',#3619);
#3619 = CARTESIAN_POINT('',(64.75,-6.5,3.));
#3620 = SURFACE_CURVE('',#3621,(#3625,#3631),.PCURVE_S1.);
#3621 = LINE('',#3622,#3623);
#3622 = CARTESIAN_POINT('',(-24.875,-6.5,3.));
#3623 = VECTOR('',#3624,1.);
#3624 = DIRECTION('',(-1.,0.,0.));
#3625 = PCURVE('',#262,#3626);
#3626 = DEFINITIONAL_REPRESENTATION('',(#3627),#3630);
#3627 = B_SPLINE_CURVE_WITH_KNOTS('',1,(#3628,#3629),.UNSPECIFIED.,.F.,
  .F.,(2,2),(-89.625,-45.625),.PIECEWISE_BEZIER_KNOTS.);
#3628 = CARTESIAN_POINT('',(135.25,38.));
#3629 = CARTESIAN_POINT('',(91.25,38.));
#3630 = ( GEOMETRIC_REPRESENTATION_CONTEXT(2) 
PARAMETRIC_REPRESENTATION_CONTEXT() REPRESENTATION_CONTEXT('2D SPACE',''
  ) );
#3631 = PCURVE('',#1397,#3632);
#3632 = DEFINITIONAL_REPRESENTATION('',(#3633),#3636);
#3633 = B_SPLINE_CURVE_WITH_KNOTS('',1,(#3634,#3635),.UNSPECIFIED.,.F.,
  .F.,(2,2),(-89.625,-45.625),.PIECEWISE_BEZIER_KNOTS.);
#3634 = CARTESIAN_POINT('',(4.,44.));
#3635 = CARTESIAN_POINT('',(4.,0.));
#3636 = ( GEOMETRIC_REPRESENTATION_CONTEXT(2) 
PARAMETRIC_REPRESENTATION_CONTEXT() REPRESENTATION_CONTEXT('2D SPACE',''
  ) );
#3637 = ORIENTED_EDGE('',*,*,#3638,.F.);
#3638 = EDGE_CURVE('',#3574,#3618,#3639,.T.);
#3639 = SURFACE_CURVE('',#3640,(#3644,#3650),.PCURVE_S1.);
#3640 = LINE('',#3641,#3642);
#3641 = CARTESIAN_POINT('',(64.75,-27.,3.));
#3642 = VECTOR('',#3643,1.);
#3643 = DIRECTION('',(0.,1.,0.));
#3644 = PCURVE('',#262,#3645);
#3645 = DEFINITIONAL_REPRESENTATION('',(#3646),#3649);
#3646 = B_SPLINE_CURVE_WITH_KNOTS('',1,(#3647,#3648),.UNSPECIFIED.,.F.,
  .F.,(2,2),(17.5,20.5),.PIECEWISE_BEZIER_KNOTS.);
#3647 = CARTESIAN_POINT('',(135.25,35.));
#3648 = CARTESIAN_POINT('',(135.25,38.));
#3649 = ( GEOMETRIC_REPRESENTATION_CONTEXT(2) 
PARAMETRIC_REPRESENTATION_CONTEXT() REPRESENTATION_CONTEXT('2D SPACE',''
  ) );
#3650 = PCURVE('',#1421,#3651);
#3651 = DEFINITIONAL_REPRESENTATION('',(#3652),#3655);
#3652 = B_SPLINE_CURVE_WITH_KNOTS('',1,(#3653,#3654),.UNSPECIFIED.,.F.,
  .F.,(2,2),(17.5,20.5),.PIECEWISE_BEZIER_KNOTS.);
#3653 = CARTESIAN_POINT('',(4.,0.));
#3654 = CARTESIAN_POINT('',(4.,-3.));
#3655 = ( GEOMETRIC_REPRESENTATION_CONTEXT(2) 
PARAMETRIC_REPRESENTATION_CONTEXT() REPRESENTATION_CONTEXT('2D SPACE',''
  ) );
#3656 = FACE_BOUND('',#3657,.T.);
#3657 = EDGE_LOOP('',(#3658,#3681,#3702,#3723));
#3658 = ORIENTED_EDGE('',*,*,#3659,.T.);
#3659 = EDGE_CURVE('',#3660,#3662,#3664,.T.);
#3660 = VERTEX_POINT('',#3661);
#3661 = CARTESIAN_POINT('',(13.,-1.5,3.));
#3662 = VERTEX_POINT('',#3663);
#3663 = CARTESIAN_POINT('',(-49.,-1.5,3.));
#3664 = SURFACE_CURVE('',#3665,(#3669,#3675),.PCURVE_S1.);
#3665 = LINE('',#3666,#3667);
#3666 = CARTESIAN_POINT('',(-59.75,-1.5,3.));
#3667 = VECTOR('',#3668,1.);
#3668 = DIRECTION('',(-1.,0.,0.));
#3669 = PCURVE('',#262,#3670);
#3670 = DEFINITIONAL_REPRESENTATION('',(#3671),#3674);
#3671 = B_SPLINE_CURVE_WITH_KNOTS('',1,(#3672,#3673),.UNSPECIFIED.,.F.,
  .F.,(2,2),(-72.75,-10.75),.PIECEWISE_BEZIER_KNOTS.);
#3672 = CARTESIAN_POINT('',(83.5,43.));
#3673 = CARTESIAN_POINT('',(21.5,43.));
#3674 = ( GEOMETRIC_REPRESENTATION_CONTEXT(2) 
PARAMETRIC_REPRESENTATION_CONTEXT() REPRESENTATION_CONTEXT('2D SPACE',''
  ) );
#3675 = PCURVE('',#1653,#3676);
#3676 = DEFINITIONAL_REPRESENTATION('',(#3677),#3680);
#3677 = B_SPLINE_CURVE_WITH_KNOTS('',1,(#3678,#3679),.UNSPECIFIED.,.F.,
  .F.,(2,2),(-72.75,-10.75),.PIECEWISE_BEZIER_KNOTS.);
#3678 = CARTESIAN_POINT('',(4.,62.));
#3679 = CARTESIAN_POINT('',(4.,0.));
#3680 = ( GEOMETRIC_REPRESENTATION_CONTEXT(2) 
PARAMETRIC_REPRESENTATION_CONTEXT() REPRESENTATION_CONTEXT('2D SPACE',''
  ) );
#3681 = ORIENTED_EDGE('',*,*,#3682,.T.);
#3682 = EDGE_CURVE('',#3662,#3683,#3685,.T.);
#3683 = VERTEX_POINT('',#3684);
#3684 = CARTESIAN_POINT('',(-49.,1.5,3.));
#3685 = SURFACE_CURVE('',#3686,(#3690,#3696),.PCURVE_S1.);
#3686 = LINE('',#3687,#3688);
#3687 = CARTESIAN_POINT('',(-49.,-23.,3.));
#3688 = VECTOR('',#3689,1.);
#3689 = DIRECTION('',(0.,1.,0.));
#3690 = PCURVE('',#262,#3691);
#3691 = DEFINITIONAL_REPRESENTATION('',(#3692),#3695);
#3692 = B_SPLINE_CURVE_WITH_KNOTS('',1,(#3693,#3694),.UNSPECIFIED.,.F.,
  .F.,(2,2),(21.5,24.5),.PIECEWISE_BEZIER_KNOTS.);
#3693 = CARTESIAN_POINT('',(21.5,43.));
#3694 = CARTESIAN_POINT('',(21.5,46.));
#3695 = ( GEOMETRIC_REPRESENTATION_CONTEXT(2) 
PARAMETRIC_REPRESENTATION_CONTEXT() REPRESENTATION_CONTEXT('2D SPACE',''
  ) );
#3696 = PCURVE('',#1679,#3697);
#3697 = DEFINITIONAL_REPRESENTATION('',(#3698),#3701);
#3698 = B_SPLINE_CURVE_WITH_KNOTS('',1,(#3699,#3700),.UNSPECIFIED.,.F.,
  .F.,(2,2),(21.5,24.5),.PIECEWISE_BEZIER_KNOTS.);
#3699 = CARTESIAN_POINT('',(4.,0.));
#3700 = CARTESIAN_POINT('',(4.,-3.));
#3701 = ( GEOMETRIC_REPRESENTATION_CONTEXT(2) 
PARAMETRIC_REPRESENTATION_CONTEXT() REPRESENTATION_CONTEXT('2D SPACE',''
  ) );
#3702 = ORIENTED_EDGE('',*,*,#3703,.F.);
#3703 = EDGE_CURVE('',#3704,#3683,#3706,.T.);
#3704 = VERTEX_POINT('',#3705);
#3705 = CARTESIAN_POINT('',(13.,1.5,3.));
#3706 = SURFACE_CURVE('',#3707,(#3711,#3717),.PCURVE_S1.);
#3707 = LINE('',#3708,#3709);
#3708 = CARTESIAN_POINT('',(-59.75,1.5,3.));
#3709 = VECTOR('',#3710,1.);
#3710 = DIRECTION('',(-1.,0.,0.));
#3711 = PCURVE('',#262,#3712);
#3712 = DEFINITIONAL_REPRESENTATION('',(#3713),#3716);
#3713 = B_SPLINE_CURVE_WITH_KNOTS('',1,(#3714,#3715),.UNSPECIFIED.,.F.,
  .F.,(2,2),(-72.75,-10.75),.PIECEWISE_BEZIER_KNOTS.);
#3714 = CARTESIAN_POINT('',(83.5,46.));
#3715 = CARTESIAN_POINT('',(21.5,46.));
#3716 = ( GEOMETRIC_REPRESENTATION_CONTEXT(2) 
PARAMETRIC_REPRESENTATION_CONTEXT() REPRESENTATION_CONTEXT('2D SPACE',''
  ) );
#3717 = PCURVE('',#1705,#3718);
#3718 = DEFINITIONAL_REPRESENTATION('',(#3719),#3722);
#3719 = B_SPLINE_CURVE_WITH_KNOTS('',1,(#3720,#3721),.UNSPECIFIED.,.F.,
  .F.,(2,2),(-72.75,-10.75),.PIECEWISE_BEZIER_KNOTS.);
#3720 = CARTESIAN_POINT('',(4.,62.));
#3721 = CARTESIAN_POINT('',(4.,0.));
#3722 = ( GEOMETRIC_REPRESENTATION_CONTEXT(2) 
PARAMETRIC_REPRESENTATION_CONTEXT() REPRESENTATION_CONTEXT('2D SPACE',''
  ) );
#3723 = ORIENTED_EDGE('',*,*,#3724,.F.);
#3724 = EDGE_CURVE('',#3660,#3704,#3725,.T.);
#3725 = SURFACE_CURVE('',#3726,(#3730,#3736),.PCURVE_S1.);
#3726 = LINE('',#3727,#3728);
#3727 = CARTESIAN_POINT('',(13.,-23.,3.));
#3728 = VECTOR('',#3729,1.);
#3729 = DIRECTION('',(0.,1.,0.));
#3730 = PCURVE('',#262,#3731);
#3731 = DEFINITIONAL_REPRESENTATION('',(#3732),#3735);
#3732 = B_SPLINE_CURVE_WITH_KNOTS('',1,(#3733,#3734),.UNSPECIFIED.,.F.,
  .F.,(2,2),(21.5,24.5),.PIECEWISE_BEZIER_KNOTS.);
#3733 = CARTESIAN_POINT('',(83.5,43.));
#3734 = CARTESIAN_POINT('',(83.5,46.));
#3735 = ( GEOMETRIC_REPRESENTATION_CONTEXT(2) 
PARAMETRIC_REPRESENTATION_CONTEXT() REPRESENTATION_CONTEXT('2D SPACE',''
  ) );
#3736 = PCURVE('',#1729,#3737);
#3737 = DEFINITIONAL_REPRESENTATION('',(#3738),#3741);
#3738 = B_SPLINE_CURVE_WITH_KNOTS('',1,(#3739,#3740),.UNSPECIFIED.,.F.,
  .F.,(2,2),(21.5,24.5),.PIECEWISE_BEZIER_KNOTS.);
#3739 = CARTESIAN_POINT('',(4.,0.));
#3740 = CARTESIAN_POINT('',(4.,-3.));
#3741 = ( GEOMETRIC_REPRESENTATION_CONTEXT(2) 
PARAMETRIC_REPRESENTATION_CONTEXT() REPRESENTATION_CONTEXT('2D SPACE',''
  ) );
#3742 = FACE_BOUND('',#3743,.T.);
#3743 = EDGE_LOOP('',(#3744,#3767,#3788,#3809));
#3744 = ORIENTED_EDGE('',*,*,#3745,.T.);
#3745 = EDGE_CURVE('',#3746,#3748,#3750,.T.);
#3746 = VERTEX_POINT('',#3747);
#3747 = CARTESIAN_POINT('',(13.,6.5,3.));
#3748 = VERTEX_POINT('',#3749);
#3749 = CARTESIAN_POINT('',(-49.,6.5,3.));
#3750 = SURFACE_CURVE('',#3751,(#3755,#3761),.PCURVE_S1.);
#3751 = LINE('',#3752,#3753);
#3752 = CARTESIAN_POINT('',(-59.75,6.5,3.));
#3753 = VECTOR('',#3754,1.);
#3754 = DIRECTION('',(-1.,0.,0.));
#3755 = PCURVE('',#262,#3756);
#3756 = DEFINITIONAL_REPRESENTATION('',(#3757),#3760);
#3757 = B_SPLINE_CURVE_WITH_KNOTS('',1,(#3758,#3759),.UNSPECIFIED.,.F.,
  .F.,(2,2),(-72.75,-10.75),.PIECEWISE_BEZIER_KNOTS.);
#3758 = CARTESIAN_POINT('',(83.5,51.));
#3759 = CARTESIAN_POINT('',(21.5,51.));
#3760 = ( GEOMETRIC_REPRESENTATION_CONTEXT(2) 
PARAMETRIC_REPRESENTATION_CONTEXT() REPRESENTATION_CONTEXT('2D SPACE',''
  ) );
#3761 = PCURVE('',#1759,#3762);
#3762 = DEFINITIONAL_REPRESENTATION('',(#3763),#3766);
#3763 = B_SPLINE_CURVE_WITH_KNOTS('',1,(#3764,#3765),.UNSPECIFIED.,.F.,
  .F.,(2,2),(-72.75,-10.75),.PIECEWISE_BEZIER_KNOTS.);
#3764 = CARTESIAN_POINT('',(4.,62.));
#3765 = CARTESIAN_POINT('',(4.,0.));
#3766 = ( GEOMETRIC_REPRESENTATION_CONTEXT(2) 
PARAMETRIC_REPRESENTATION_CONTEXT() REPRESENTATION_CONTEXT('2D SPACE',''
  ) );
#3767 = ORIENTED_EDGE('',*,*,#3768,.T.);
#3768 = EDGE_CURVE('',#3748,#3769,#3771,.T.);
#3769 = VERTEX_POINT('',#3770);
#3770 = CARTESIAN_POINT('',(-49.,9.5,3.));
#3771 = SURFACE_CURVE('',#3772,(#3776,#3782),.PCURVE_S1.);
#3772 = LINE('',#3773,#3774);
#3773 = CARTESIAN_POINT('',(-49.,-19.,3.));
#3774 = VECTOR('',#3775,1.);
#3775 = DIRECTION('',(0.,1.,0.));
#3776 = PCURVE('',#262,#3777);
#3777 = DEFINITIONAL_REPRESENTATION('',(#3778),#3781);
#3778 = B_SPLINE_CURVE_WITH_KNOTS('',1,(#3779,#3780),.UNSPECIFIED.,.F.,
  .F.,(2,2),(25.5,28.5),.PIECEWISE_BEZIER_KNOTS.);
#3779 = CARTESIAN_POINT('',(21.5,51.));
#3780 = CARTESIAN_POINT('',(21.5,54.));
#3781 = ( GEOMETRIC_REPRESENTATION_CONTEXT(2) 
PARAMETRIC_REPRESENTATION_CONTEXT() REPRESENTATION_CONTEXT('2D SPACE',''
  ) );
#3782 = PCURVE('',#1785,#3783);
#3783 = DEFINITIONAL_REPRESENTATION('',(#3784),#3787);
#3784 = B_SPLINE_CURVE_WITH_KNOTS('',1,(#3785,#3786),.UNSPECIFIED.,.F.,
  .F.,(2,2),(25.5,28.5),.PIECEWISE_BEZIER_KNOTS.);
#3785 = CARTESIAN_POINT('',(4.,0.));
#3786 = CARTESIAN_POINT('',(4.,-3.));
#3787 = ( GEOMETRIC_REPRESENTATION_CONTEXT(2) 
PARAMETRIC_REPRESENTATION_CONTEXT() REPRESENTATION_CONTEXT('2D SPACE',''
  ) );
#3788 = ORIENTED_EDGE('',*,*,#3789,.F.);
#3789 = EDGE_CURVE('',#3790,#3769,#3792,.T.);
#3790 = VERTEX_POINT('',#3791);
#3791 = CARTESIAN_POINT('',(13.,9.5,3.));
#3792 = SURFACE_CURVE('',#3793,(#3797,#3803),.PCURVE_S1.);
#3793 = LINE('',#3794,#3795);
#3794 = CARTESIAN_POINT('',(-59.75,9.5,3.));
#3795 = VECTOR('',#3796,1.);
#3796 = DIRECTION('',(-1.,0.,0.));
#3797 = PCURVE('',#262,#3798);
#3798 = DEFINITIONAL_REPRESENTATION('',(#3799),#3802);
#3799 = B_SPLINE_CURVE_WITH_KNOTS('',1,(#3800,#3801),.UNSPECIFIED.,.F.,
  .F.,(2,2),(-72.75,-10.75),.PIECEWISE_BEZIER_KNOTS.);
#3800 = CARTESIAN_POINT('',(83.5,54.));
#3801 = CARTESIAN_POINT('',(21.5,54.));
#3802 = ( GEOMETRIC_REPRESENTATION_CONTEXT(2) 
PARAMETRIC_REPRESENTATION_CONTEXT() REPRESENTATION_CONTEXT('2D SPACE',''
  ) );
#3803 = PCURVE('',#1811,#3804);
#3804 = DEFINITIONAL_REPRESENTATION('',(#3805),#3808);
#3805 = B_SPLINE_CURVE_WITH_KNOTS('',1,(#3806,#3807),.UNSPECIFIED.,.F.,
  .F.,(2,2),(-72.75,-10.75),.PIECEWISE_BEZIER_KNOTS.);
#3806 = CARTESIAN_POINT('',(4.,62.));
#3807 = CARTESIAN_POINT('',(4.,0.));
#3808 = ( GEOMETRIC_REPRESENTATION_CONTEXT(2) 
PARAMETRIC_REPRESENTATION_CONTEXT() REPRESENTATION_CONTEXT('2D SPACE',''
  ) );
#3809 = ORIENTED_EDGE('',*,*,#3810,.F.);
#3810 = EDGE_CURVE('',#3746,#3790,#3811,.T.);
#3811 = SURFACE_CURVE('',#3812,(#3816,#3822),.PCURVE_S1.);
#3812 = LINE('',#3813,#3814);
#3813 = CARTESIAN_POINT('',(13.,-19.,3.));
#3814 = VECTOR('',#3815,1.);
#3815 = DIRECTION('',(0.,1.,0.));
#3816 = PCURVE('',#262,#3817);
#3817 = DEFINITIONAL_REPRESENTATION('',(#3818),#3821);
#3818 = B_SPLINE_CURVE_WITH_KNOTS('',1,(#3819,#3820),.UNSPECIFIED.,.F.,
  .F.,(2,2),(25.5,28.5),.PIECEWISE_BEZIER_KNOTS.);
#3819 = CARTESIAN_POINT('',(83.5,51.));
#3820 = CARTESIAN_POINT('',(83.5,54.));
#3821 = ( GEOMETRIC_REPRESENTATION_CONTEXT(2) 
PARAMETRIC_REPRESENTATION_CONTEXT() REPRESENTATION_CONTEXT('2D SPACE',''
  ) );
#3822 = PCURVE('',#1835,#3823);
#3823 = DEFINITIONAL_REPRESENTATION('',(#3824),#3827);
#3824 = B_SPLINE_CURVE_WITH_KNOTS('',1,(#3825,#3826),.UNSPECIFIED.,.F.,
  .F.,(2,2),(25.5,28.5),.PIECEWISE_BEZIER_KNOTS.);
#3825 = CARTESIAN_POINT('',(4.,0.));
#3826 = CARTESIAN_POINT('',(4.,-3.));
#3827 = ( GEOMETRIC_REPRESENTATION_CONTEXT(2) 
PARAMETRIC_REPRESENTATION_CONTEXT() REPRESENTATION_CONTEXT('2D SPACE',''
  ) );
#3828 = FACE_BOUND('',#3829,.T.);
#3829 = EDGE_LOOP('',(#3830,#3853,#3874,#3895));
#3830 = ORIENTED_EDGE('',*,*,#3831,.T.);
#3831 = EDGE_CURVE('',#3832,#3834,#3836,.T.);
#3832 = VERTEX_POINT('',#3833);
#3833 = CARTESIAN_POINT('',(13.,14.5,3.));
#3834 = VERTEX_POINT('',#3835);
#3835 = CARTESIAN_POINT('',(-49.,14.5,3.));
#3836 = SURFACE_CURVE('',#3837,(#3841,#3847),.PCURVE_S1.);
#3837 = LINE('',#3838,#3839);
#3838 = CARTESIAN_POINT('',(-59.75,14.5,3.));
#3839 = VECTOR('',#3840,1.);
#3840 = DIRECTION('',(-1.,0.,0.));
#3841 = PCURVE('',#262,#3842);
#3842 = DEFINITIONAL_REPRESENTATION('',(#3843),#3846);
#3843 = B_SPLINE_CURVE_WITH_KNOTS('',1,(#3844,#3845),.UNSPECIFIED.,.F.,
  .F.,(2,2),(-72.75,-10.75),.PIECEWISE_BEZIER_KNOTS.);
#3844 = CARTESIAN_POINT('',(83.5,59.));
#3845 = CARTESIAN_POINT('',(21.5,59.));
#3846 = ( GEOMETRIC_REPRESENTATION_CONTEXT(2) 
PARAMETRIC_REPRESENTATION_CONTEXT() REPRESENTATION_CONTEXT('2D SPACE',''
  ) );
#3847 = PCURVE('',#1865,#3848);
#3848 = DEFINITIONAL_REPRESENTATION('',(#3849),#3852);
#3849 = B_SPLINE_CURVE_WITH_KNOTS('',1,(#3850,#3851),.UNSPECIFIED.,.F.,
  .F.,(2,2),(-72.75,-10.75),.PIECEWISE_BEZIER_KNOTS.);
#3850 = CARTESIAN_POINT('',(4.,62.));
#3851 = CARTESIAN_POINT('',(4.,0.));
#3852 = ( GEOMETRIC_REPRESENTATION_CONTEXT(2) 
PARAMETRIC_REPRESENTATION_CONTEXT() REPRESENTATION_CONTEXT('2D SPACE',''
  ) );
#3853 = ORIENTED_EDGE('',*,*,#3854,.T.);
#3854 = EDGE_CURVE('',#3834,#3855,#3857,.T.);
#3855 = VERTEX_POINT('',#3856);
#3856 = CARTESIAN_POINT('',(-49.,17.5,3.));
#3857 = SURFACE_CURVE('',#3858,(#3862,#3868),.PCURVE_S1.);
#3858 = LINE('',#3859,#3860);
#3859 = CARTESIAN_POINT('',(-49.,-15.,3.));
#3860 = VECTOR('',#3861,1.);
#3861 = DIRECTION('',(0.,1.,0.));
#3862 = PCURVE('',#262,#3863);
#3863 = DEFINITIONAL_REPRESENTATION('',(#3864),#3867);
#3864 = B_SPLINE_CURVE_WITH_KNOTS('',1,(#3865,#3866),.UNSPECIFIED.,.F.,
  .F.,(2,2),(29.5,32.5),.PIECEWISE_BEZIER_KNOTS.);
#3865 = CARTESIAN_POINT('',(21.5,59.));
#3866 = CARTESIAN_POINT('',(21.5,62.));
#3867 = ( GEOMETRIC_REPRESENTATION_CONTEXT(2) 
PARAMETRIC_REPRESENTATION_CONTEXT() REPRESENTATION_CONTEXT('2D SPACE',''
  ) );
#3868 = PCURVE('',#1891,#3869);
#3869 = DEFINITIONAL_REPRESENTATION('',(#3870),#3873);
#3870 = B_SPLINE_CURVE_WITH_KNOTS('',1,(#3871,#3872),.UNSPECIFIED.,.F.,
  .F.,(2,2),(29.5,32.5),.PIECEWISE_BEZIER_KNOTS.);
#3871 = CARTESIAN_POINT('',(4.,0.));
#3872 = CARTESIAN_POINT('',(4.,-3.));
#3873 = ( GEOMETRIC_REPRESENTATION_CONTEXT(2) 
PARAMETRIC_REPRESENTATION_CONTEXT() REPRESENTATION_CONTEXT('2D SPACE',''
  ) );
#3874 = ORIENTED_EDGE('',*,*,#3875,.F.);
#3875 = EDGE_CURVE('',#3876,#3855,#3878,.T.);
#3876 = VERTEX_POINT('',#3877);
#3877 = CARTESIAN_POINT('',(13.,17.5,3.));
#3878 = SURFACE_CURVE('',#3879,(#3883,#3889),.PCURVE_S1.);
#3879 = LINE('',#3880,#3881);
#3880 = CARTESIAN_POINT('',(-59.75,17.5,3.));
#3881 = VECTOR('',#3882,1.);
#3882 = DIRECTION('',(-1.,0.,0.));
#3883 = PCURVE('',#262,#3884);
#3884 = DEFINITIONAL_REPRESENTATION('',(#3885),#3888);
#3885 = B_SPLINE_CURVE_WITH_KNOTS('',1,(#3886,#3887),.UNSPECIFIED.,.F.,
  .F.,(2,2),(-72.75,-10.75),.PIECEWISE_BEZIER_KNOTS.);
#3886 = CARTESIAN_POINT('',(83.5,62.));
#3887 = CARTESIAN_POINT('',(21.5,62.));
#3888 = ( GEOMETRIC_REPRESENTATION_CONTEXT(2) 
PARAMETRIC_REPRESENTATION_CONTEXT() REPRESENTATION_CONTEXT('2D SPACE',''
  ) );
#3889 = PCURVE('',#1917,#3890);
#3890 = DEFINITIONAL_REPRESENTATION('',(#3891),#3894);
#3891 = B_SPLINE_CURVE_WITH_KNOTS('',1,(#3892,#3893),.UNSPECIFIED.,.F.,
  .F.,(2,2),(-72.75,-10.75),.PIECEWISE_BEZIER_KNOTS.);
#3892 = CARTESIAN_POINT('',(4.,62.));
#3893 = CARTESIAN_POINT('',(4.,0.));
#3894 = ( GEOMETRIC_REPRESENTATION_CONTEXT(2) 
PARAMETRIC_REPRESENTATION_CONTEXT() REPRESENTATION_CONTEXT('2D SPACE',''
  ) );
#3895 = ORIENTED_EDGE('',*,*,#3896,.F.);
#3896 = EDGE_CURVE('',#3832,#3876,#3897,.T.);
#3897 = SURFACE_CURVE('',#3898,(#3902,#3908),.PCURVE_S1.);
#3898 = LINE('',#3899,#3900);
#3899 = CARTESIAN_POINT('',(13.,-15.,3.));
#3900 = VECTOR('',#3901,1.);
#3901 = DIRECTION('',(0.,1.,0.));
#3902 = PCURVE('',#262,#3903);
#3903 = DEFINITIONAL_REPRESENTATION('',(#3904),#3907);
#3904 = B_SPLINE_CURVE_WITH_KNOTS('',1,(#3905,#3906),.UNSPECIFIED.,.F.,
  .F.,(2,2),(29.5,32.5),.PIECEWISE_BEZIER_KNOTS.);
#3905 = CARTESIAN_POINT('',(83.5,59.));
#3906 = CARTESIAN_POINT('',(83.5,62.));
#3907 = ( GEOMETRIC_REPRESENTATION_CONTEXT(2) 
PARAMETRIC_REPRESENTATION_CONTEXT() REPRESENTATION_CONTEXT('2D SPACE',''
  ) );
#3908 = PCURVE('',#1941,#3909);
#3909 = DEFINITIONAL_REPRESENTATION('',(#3910),#3913);
#3910 = B_SPLINE_CURVE_WITH_KNOTS('',1,(#3911,#3912),.UNSPECIFIED.,.F.,
  .F.,(2,2),(29.5,32.5),.PIECEWISE_BEZIER_KNOTS.);
#3911 = CARTESIAN_POINT('',(4.,0.));
#3912 = CARTESIAN_POINT('',(4.,-3.));
#3913 = ( GEOMETRIC_REPRESENTATION_CONTEXT(2) 
PARAMETRIC_REPRESENTATION_CONTEXT() REPRESENTATION_CONTEXT('2D SPACE',''
  ) );
#3914 = FACE_BOUND('',#3915,.T.);
#3915 = EDGE_LOOP('',(#3916));
#3916 = ORIENTED_EDGE('',*,*,#3917,.T.);
#3917 = EDGE_CURVE('',#3918,#3918,#3920,.T.);
#3918 = VERTEX_POINT('',#3919);
#3919 = CARTESIAN_POINT('',(-66.85,38.,3.));
#3920 = SURFACE_CURVE('',#3921,(#3926,#3937),.PCURVE_S1.);
#3921 = CIRCLE('',#3922,2.85);
#3922 = AXIS2_PLACEMENT_3D('',#3923,#3924,#3925);
#3923 = CARTESIAN_POINT('',(-64.,38.,3.));
#3924 = DIRECTION('',(0.,0.,-1.));
#3925 = DIRECTION('',(-1.,0.,0.));
#3926 = PCURVE('',#262,#3927);
#3927 = DEFINITIONAL_REPRESENTATION('',(#3928),#3936);
#3928 = ( BOUNDED_CURVE() B_SPLINE_CURVE(2,(#3929,#3930,#3931,#3932,
#3933,#3934,#3935),.UNSPECIFIED.,.T.,.F.) B_SPLINE_CURVE_WITH_KNOTS((1,2
    ,2,2,2,1),(-2.094395102393,0.,2.094395102393,4.188790204786,
6.28318530718,8.377580409573),.UNSPECIFIED.) CURVE() 
GEOMETRIC_REPRESENTATION_ITEM() RATIONAL_B_SPLINE_CURVE((1.,0.5,1.,0.5,
1.,0.5,1.)) REPRESENTATION_ITEM('') );
#3929 = CARTESIAN_POINT('',(3.65,82.5));
#3930 = CARTESIAN_POINT('',(3.65,87.436344801571));
#3931 = CARTESIAN_POINT('',(7.925,84.968172400786));
#3932 = CARTESIAN_POINT('',(12.2,82.5));
#3933 = CARTESIAN_POINT('',(7.925,80.031827599214));
#3934 = CARTESIAN_POINT('',(3.65,77.563655198429));
#3935 = CARTESIAN_POINT('',(3.65,82.5));
#3936 = ( GEOMETRIC_REPRESENTATION_CONTEXT(2) 
PARAMETRIC_REPRESENTATION_CONTEXT() REPRESENTATION_CONTEXT('2D SPACE',''
  ) );
#3937 = PCURVE('',#3938,#3943);
#3938 = CONICAL_SURFACE('',#3939,2.85,0.785398163397);
#3939 = AXIS2_PLACEMENT_3D('',#3940,#3941,#3942);
#3940 = CARTESIAN_POINT('',(-64.,38.,3.));
#3941 = DIRECTION('',(0.,0.,1.));
#3942 = DIRECTION('',(-1.,0.,0.));
#3943 = DEFINITIONAL_REPRESENTATION('',(#3944),#3948);
#3944 = LINE('',#3945,#3946);
#3945 = CARTESIAN_POINT('',(-0.,-0.));
#3946 = VECTOR('',#3947,1.);
#3947 = DIRECTION('',(-1.,-0.));
#3948 = ( GEOMETRIC_REPRESENTATION_CONTEXT(2) 
PARAMETRIC_REPRESENTATION_CONTEXT() REPRESENTATION_CONTEXT('2D SPACE',''
  ) );
#3949 = FACE_BOUND('',#3950,.T.);
#3950 = EDGE_LOOP('',(#3951,#3974,#3995,#4016));
#3951 = ORIENTED_EDGE('',*,*,#3952,.T.);
#3952 = EDGE_CURVE('',#3953,#3955,#3957,.T.);
#3953 = VERTEX_POINT('',#3954);
#3954 = CARTESIAN_POINT('',(13.,22.5,3.));
#3955 = VERTEX_POINT('',#3956);
#3956 = CARTESIAN_POINT('',(-49.,22.5,3.));
#3957 = SURFACE_CURVE('',#3958,(#3962,#3968),.PCURVE_S1.);
#3958 = LINE('',#3959,#3960);
#3959 = CARTESIAN_POINT('',(-59.75,22.5,3.));
#3960 = VECTOR('',#3961,1.);
#3961 = DIRECTION('',(-1.,0.,0.));
#3962 = PCURVE('',#262,#3963);
#3963 = DEFINITIONAL_REPRESENTATION('',(#3964),#3967);
#3964 = B_SPLINE_CURVE_WITH_KNOTS('',1,(#3965,#3966),.UNSPECIFIED.,.F.,
  .F.,(2,2),(-72.75,-10.75),.PIECEWISE_BEZIER_KNOTS.);
#3965 = CARTESIAN_POINT('',(83.5,67.));
#3966 = CARTESIAN_POINT('',(21.5,67.));
#3967 = ( GEOMETRIC_REPRESENTATION_CONTEXT(2) 
PARAMETRIC_REPRESENTATION_CONTEXT() REPRESENTATION_CONTEXT('2D SPACE',''
  ) );
#3968 = PCURVE('',#2006,#3969);
#3969 = DEFINITIONAL_REPRESENTATION('',(#3970),#3973);
#3970 = B_SPLINE_CURVE_WITH_KNOTS('',1,(#3971,#3972),.UNSPECIFIED.,.F.,
  .F.,(2,2),(-72.75,-10.75),.PIECEWISE_BEZIER_KNOTS.);
#3971 = CARTESIAN_POINT('',(4.,62.));
#3972 = CARTESIAN_POINT('',(4.,0.));
#3973 = ( GEOMETRIC_REPRESENTATION_CONTEXT(2) 
PARAMETRIC_REPRESENTATION_CONTEXT() REPRESENTATION_CONTEXT('2D SPACE',''
  ) );
#3974 = ORIENTED_EDGE('',*,*,#3975,.T.);
#3975 = EDGE_CURVE('',#3955,#3976,#3978,.T.);
#3976 = VERTEX_POINT('',#3977);
#3977 = CARTESIAN_POINT('',(-49.,25.5,3.));
#3978 = SURFACE_CURVE('',#3979,(#3983,#3989),.PCURVE_S1.);
#3979 = LINE('',#3980,#3981);
#3980 = CARTESIAN_POINT('',(-49.,-11.,3.));
#3981 = VECTOR('',#3982,1.);
#3982 = DIRECTION('',(0.,1.,0.));
#3983 = PCURVE('',#262,#3984);
#3984 = DEFINITIONAL_REPRESENTATION('',(#3985),#3988);
#3985 = B_SPLINE_CURVE_WITH_KNOTS('',1,(#3986,#3987),.UNSPECIFIED.,.F.,
  .F.,(2,2),(33.5,36.5),.PIECEWISE_BEZIER_KNOTS.);
#3986 = CARTESIAN_POINT('',(21.5,67.));
#3987 = CARTESIAN_POINT('',(21.5,70.));
#3988 = ( GEOMETRIC_REPRESENTATION_CONTEXT(2) 
PARAMETRIC_REPRESENTATION_CONTEXT() REPRESENTATION_CONTEXT('2D SPACE',''
  ) );
#3989 = PCURVE('',#2032,#3990);
#3990 = DEFINITIONAL_REPRESENTATION('',(#3991),#3994);
#3991 = B_SPLINE_CURVE_WITH_KNOTS('',1,(#3992,#3993),.UNSPECIFIED.,.F.,
  .F.,(2,2),(33.5,36.5),.PIECEWISE_BEZIER_KNOTS.);
#3992 = CARTESIAN_POINT('',(4.,0.));
#3993 = CARTESIAN_POINT('',(4.,-3.));
#3994 = ( GEOMETRIC_REPRESENTATION_CONTEXT(2) 
PARAMETRIC_REPRESENTATION_CONTEXT() REPRESENTATION_CONTEXT('2D SPACE',''
  ) );
#3995 = ORIENTED_EDGE('',*,*,#3996,.F.);
#3996 = EDGE_CURVE('',#3997,#3976,#3999,.T.);
#3997 = VERTEX_POINT('',#3998);
#3998 = CARTESIAN_POINT('',(13.,25.5,3.));
#3999 = SURFACE_CURVE('',#4000,(#4004,#4010),.PCURVE_S1.);
#4000 = LINE('',#4001,#4002);
#4001 = CARTESIAN_POINT('',(-59.75,25.5,3.));
#4002 = VECTOR('',#4003,1.);
#4003 = DIRECTION('',(-1.,0.,0.));
#4004 = PCURVE('',#262,#4005);
#4005 = DEFINITIONAL_REPRESENTATION('',(#4006),#4009);
#4006 = B_SPLINE_CURVE_WITH_KNOTS('',1,(#4007,#4008),.UNSPECIFIED.,.F.,
  .F.,(2,2),(-72.75,-10.75),.PIECEWISE_BEZIER_KNOTS.);
#4007 = CARTESIAN_POINT('',(83.5,70.));
#4008 = CARTESIAN_POINT('',(21.5,70.));
#4009 = ( GEOMETRIC_REPRESENTATION_CONTEXT(2) 
PARAMETRIC_REPRESENTATION_CONTEXT() REPRESENTATION_CONTEXT('2D SPACE',''
  ) );
#4010 = PCURVE('',#2058,#4011);
#4011 = DEFINITIONAL_REPRESENTATION('',(#4012),#4015);
#4012 = B_SPLINE_CURVE_WITH_KNOTS('',1,(#4013,#4014),.UNSPECIFIED.,.F.,
  .F.,(2,2),(-72.75,-10.75),.PIECEWISE_BEZIER_KNOTS.);
#4013 = CARTESIAN_POINT('',(4.,62.));
#4014 = CARTESIAN_POINT('',(4.,0.));
#4015 = ( GEOMETRIC_REPRESENTATION_CONTEXT(2) 
PARAMETRIC_REPRESENTATION_CONTEXT() REPRESENTATION_CONTEXT('2D SPACE',''
  ) );
#4016 = ORIENTED_EDGE('',*,*,#4017,.F.);
#4017 = EDGE_CURVE('',#3953,#3997,#4018,.T.);
#4018 = SURFACE_CURVE('',#4019,(#4023,#4029),.PCURVE_S1.);
#4019 = LINE('',#4020,#4021);
#4020 = CARTESIAN_POINT('',(13.,-11.,3.));
#4021 = VECTOR('',#4022,1.);
#4022 = DIRECTION('',(0.,1.,0.));
#4023 = PCURVE('',#262,#4024);
#4024 = DEFINITIONAL_REPRESENTATION('',(#4025),#4028);
#4025 = B_SPLINE_CURVE_WITH_KNOTS('',1,(#4026,#4027),.UNSPECIFIED.,.F.,
  .F.,(2,2),(33.5,36.5),.PIECEWISE_BEZIER_KNOTS.);
#4026 = CARTESIAN_POINT('',(83.5,67.));
#4027 = CARTESIAN_POINT('',(83.5,70.));
#4028 = ( GEOMETRIC_REPRESENTATION_CONTEXT(2) 
PARAMETRIC_REPRESENTATION_CONTEXT() REPRESENTATION_CONTEXT('2D SPACE',''
  ) );
#4029 = PCURVE('',#2082,#4030);
#4030 = DEFINITIONAL_REPRESENTATION('',(#4031),#4034);
#4031 = B_SPLINE_CURVE_WITH_KNOTS('',1,(#4032,#4033),.UNSPECIFIED.,.F.,
  .F.,(2,2),(33.5,36.5),.PIECEWISE_BEZIER_KNOTS.);
#4032 = CARTESIAN_POINT('',(4.,0.));
#4033 = CARTESIAN_POINT('',(4.,-3.));
#4034 = ( GEOMETRIC_REPRESENTATION_CONTEXT(2) 
PARAMETRIC_REPRESENTATION_CONTEXT() REPRESENTATION_CONTEXT('2D SPACE',''
  ) );
#4035 = FACE_BOUND('',#4036,.T.);
#4036 = EDGE_LOOP('',(#4037,#4060,#4081,#4102));
#4037 = ORIENTED_EDGE('',*,*,#4038,.T.);
#4038 = EDGE_CURVE('',#4039,#4041,#4043,.T.);
#4039 = VERTEX_POINT('',#4040);
#4040 = CARTESIAN_POINT('',(64.75,-1.5,3.));
#4041 = VERTEX_POINT('',#4042);
#4042 = CARTESIAN_POINT('',(20.75,-1.5,3.));
#4043 = SURFACE_CURVE('',#4044,(#4048,#4054),.PCURVE_S1.);
#4044 = LINE('',#4045,#4046);
#4045 = CARTESIAN_POINT('',(-24.875,-1.5,3.));
#4046 = VECTOR('',#4047,1.);
#4047 = DIRECTION('',(-1.,0.,0.));
#4048 = PCURVE('',#262,#4049);
#4049 = DEFINITIONAL_REPRESENTATION('',(#4050),#4053);
#4050 = B_SPLINE_CURVE_WITH_KNOTS('',1,(#4051,#4052),.UNSPECIFIED.,.F.,
  .F.,(2,2),(-89.625,-45.625),.PIECEWISE_BEZIER_KNOTS.);
#4051 = CARTESIAN_POINT('',(135.25,43.));
#4052 = CARTESIAN_POINT('',(91.25,43.));
#4053 = ( GEOMETRIC_REPRESENTATION_CONTEXT(2) 
PARAMETRIC_REPRESENTATION_CONTEXT() REPRESENTATION_CONTEXT('2D SPACE',''
  ) );
#4054 = PCURVE('',#2112,#4055);
#4055 = DEFINITIONAL_REPRESENTATION('',(#4056),#4059);
#4056 = B_SPLINE_CURVE_WITH_KNOTS('',1,(#4057,#4058),.UNSPECIFIED.,.F.,
  .F.,(2,2),(-89.625,-45.625),.PIECEWISE_BEZIER_KNOTS.);
#4057 = CARTESIAN_POINT('',(4.,44.));
#4058 = CARTESIAN_POINT('',(4.,0.));
#4059 = ( GEOMETRIC_REPRESENTATION_CONTEXT(2) 
PARAMETRIC_REPRESENTATION_CONTEXT() REPRESENTATION_CONTEXT('2D SPACE',''
  ) );
#4060 = ORIENTED_EDGE('',*,*,#4061,.T.);
#4061 = EDGE_CURVE('',#4041,#4062,#4064,.T.);
#4062 = VERTEX_POINT('',#4063);
#4063 = CARTESIAN_POINT('',(20.75,1.5,3.));
#4064 = SURFACE_CURVE('',#4065,(#4069,#4075),.PCURVE_S1.);
#4065 = LINE('',#4066,#4067);
#4066 = CARTESIAN_POINT('',(20.75,-23.,3.));
#4067 = VECTOR('',#4068,1.);
#4068 = DIRECTION('',(0.,1.,0.));
#4069 = PCURVE('',#262,#4070);
#4070 = DEFINITIONAL_REPRESENTATION('',(#4071),#4074);
#4071 = B_SPLINE_CURVE_WITH_KNOTS('',1,(#4072,#4073),.UNSPECIFIED.,.F.,
  .F.,(2,2),(21.5,24.5),.PIECEWISE_BEZIER_KNOTS.);
#4072 = CARTESIAN_POINT('',(91.25,43.));
#4073 = CARTESIAN_POINT('',(91.25,46.));
#4074 = ( GEOMETRIC_REPRESENTATION_CONTEXT(2) 
PARAMETRIC_REPRESENTATION_CONTEXT() REPRESENTATION_CONTEXT('2D SPACE',''
  ) );
#4075 = PCURVE('',#2138,#4076);
#4076 = DEFINITIONAL_REPRESENTATION('',(#4077),#4080);
#4077 = B_SPLINE_CURVE_WITH_KNOTS('',1,(#4078,#4079),.UNSPECIFIED.,.F.,
  .F.,(2,2),(21.5,24.5),.PIECEWISE_BEZIER_KNOTS.);
#4078 = CARTESIAN_POINT('',(4.,0.));
#4079 = CARTESIAN_POINT('',(4.,-3.));
#4080 = ( GEOMETRIC_REPRESENTATION_CONTEXT(2) 
PARAMETRIC_REPRESENTATION_CONTEXT() REPRESENTATION_CONTEXT('2D SPACE',''
  ) );
#4081 = ORIENTED_EDGE('',*,*,#4082,.F.);
#4082 = EDGE_CURVE('',#4083,#4062,#4085,.T.);
#4083 = VERTEX_POINT('',#4084);
#4084 = CARTESIAN_POINT('',(64.75,1.5,3.));
#4085 = SURFACE_CURVE('',#4086,(#4090,#4096),.PCURVE_S1.);
#4086 = LINE('',#4087,#4088);
#4087 = CARTESIAN_POINT('',(-24.875,1.5,3.));
#4088 = VECTOR('',#4089,1.);
#4089 = DIRECTION('',(-1.,0.,0.));
#4090 = PCURVE('',#262,#4091);
#4091 = DEFINITIONAL_REPRESENTATION('',(#4092),#4095);
#4092 = B_SPLINE_CURVE_WITH_KNOTS('',1,(#4093,#4094),.UNSPECIFIED.,.F.,
  .F.,(2,2),(-89.625,-45.625),.PIECEWISE_BEZIER_KNOTS.);
#4093 = CARTESIAN_POINT('',(135.25,46.));
#4094 = CARTESIAN_POINT('',(91.25,46.));
#4095 = ( GEOMETRIC_REPRESENTATION_CONTEXT(2) 
PARAMETRIC_REPRESENTATION_CONTEXT() REPRESENTATION_CONTEXT('2D SPACE',''
  ) );
#4096 = PCURVE('',#2164,#4097);
#4097 = DEFINITIONAL_REPRESENTATION('',(#4098),#4101);
#4098 = B_SPLINE_CURVE_WITH_KNOTS('',1,(#4099,#4100),.UNSPECIFIED.,.F.,
  .F.,(2,2),(-89.625,-45.625),.PIECEWISE_BEZIER_KNOTS.);
#4099 = CARTESIAN_POINT('',(4.,44.));
#4100 = CARTESIAN_POINT('',(4.,0.));
#4101 = ( GEOMETRIC_REPRESENTATION_CONTEXT(2) 
PARAMETRIC_REPRESENTATION_CONTEXT() REPRESENTATION_CONTEXT('2D SPACE',''
  ) );
#4102 = ORIENTED_EDGE('',*,*,#4103,.F.);
#4103 = EDGE_CURVE('',#4039,#4083,#4104,.T.);
#4104 = SURFACE_CURVE('',#4105,(#4109,#4115),.PCURVE_S1.);
#4105 = LINE('',#4106,#4107);
#4106 = CARTESIAN_POINT('',(64.75,-23.,3.));
#4107 = VECTOR('',#4108,1.);
#4108 = DIRECTION('',(0.,1.,0.));
#4109 = PCURVE('',#262,#4110);
#4110 = DEFINITIONAL_REPRESENTATION('',(#4111),#4114);
#4111 = B_SPLINE_CURVE_WITH_KNOTS('',1,(#4112,#4113),.UNSPECIFIED.,.F.,
  .F.,(2,2),(21.5,24.5),.PIECEWISE_BEZIER_KNOTS.);
#4112 = CARTESIAN_POINT('',(135.25,43.));
#4113 = CARTESIAN_POINT('',(135.25,46.));
#4114 = ( GEOMETRIC_REPRESENTATION_CONTEXT(2) 
PARAMETRIC_REPRESENTATION_CONTEXT() REPRESENTATION_CONTEXT('2D SPACE',''
  ) );
#4115 = PCURVE('',#2188,#4116);
#4116 = DEFINITIONAL_REPRESENTATION('',(#4117),#4120);
#4117 = B_SPLINE_CURVE_WITH_KNOTS('',1,(#4118,#4119),.UNSPECIFIED.,.F.,
  .F.,(2,2),(21.5,24.5),.PIECEWISE_BEZIER_KNOTS.);
#4118 = CARTESIAN_POINT('',(4.,0.));
#4119 = CARTESIAN_POINT('',(4.,-3.));
#4120 = ( GEOMETRIC_REPRESENTATION_CONTEXT(2) 
PARAMETRIC_REPRESENTATION_CONTEXT() REPRESENTATION_CONTEXT('2D SPACE',''
  ) );
#4121 = FACE_BOUND('',#4122,.T.);
#4122 = EDGE_LOOP('',(#4123,#4146,#4167,#4188));
#4123 = ORIENTED_EDGE('',*,*,#4124,.T.);
#4124 = EDGE_CURVE('',#4125,#4127,#4129,.T.);
#4125 = VERTEX_POINT('',#4126);
#4126 = CARTESIAN_POINT('',(64.75,6.5,3.));
#4127 = VERTEX_POINT('',#4128);
#4128 = CARTESIAN_POINT('',(20.75,6.5,3.));
#4129 = SURFACE_CURVE('',#4130,(#4134,#4140),.PCURVE_S1.);
#4130 = LINE('',#4131,#4132);
#4131 = CARTESIAN_POINT('',(-24.875,6.5,3.));
#4132 = VECTOR('',#4133,1.);
#4133 = DIRECTION('',(-1.,0.,0.));
#4134 = PCURVE('',#262,#4135);
#4135 = DEFINITIONAL_REPRESENTATION('',(#4136),#4139);
#4136 = B_SPLINE_CURVE_WITH_KNOTS('',1,(#4137,#4138),.UNSPECIFIED.,.F.,
  .F.,(2,2),(-89.625,-45.625),.PIECEWISE_BEZIER_KNOTS.);
#4137 = CARTESIAN_POINT('',(135.25,51.));
#4138 = CARTESIAN_POINT('',(91.25,51.));
#4139 = ( GEOMETRIC_REPRESENTATION_CONTEXT(2) 
PARAMETRIC_REPRESENTATION_CONTEXT() REPRESENTATION_CONTEXT('2D SPACE',''
  ) );
#4140 = PCURVE('',#2218,#4141);
#4141 = DEFINITIONAL_REPRESENTATION('',(#4142),#4145);
#4142 = B_SPLINE_CURVE_WITH_KNOTS('',1,(#4143,#4144),.UNSPECIFIED.,.F.,
  .F.,(2,2),(-89.625,-45.625),.PIECEWISE_BEZIER_KNOTS.);
#4143 = CARTESIAN_POINT('',(4.,44.));
#4144 = CARTESIAN_POINT('',(4.,0.));
#4145 = ( GEOMETRIC_REPRESENTATION_CONTEXT(2) 
PARAMETRIC_REPRESENTATION_CONTEXT() REPRESENTATION_CONTEXT('2D SPACE',''
  ) );
#4146 = ORIENTED_EDGE('',*,*,#4147,.T.);
#4147 = EDGE_CURVE('',#4127,#4148,#4150,.T.);
#4148 = VERTEX_POINT('',#4149);
#4149 = CARTESIAN_POINT('',(20.75,9.5,3.));
#4150 = SURFACE_CURVE('',#4151,(#4155,#4161),.PCURVE_S1.);
#4151 = LINE('',#4152,#4153);
#4152 = CARTESIAN_POINT('',(20.75,-19.,3.));
#4153 = VECTOR('',#4154,1.);
#4154 = DIRECTION('',(0.,1.,0.));
#4155 = PCURVE('',#262,#4156);
#4156 = DEFINITIONAL_REPRESENTATION('',(#4157),#4160);
#4157 = B_SPLINE_CURVE_WITH_KNOTS('',1,(#4158,#4159),.UNSPECIFIED.,.F.,
  .F.,(2,2),(25.5,28.5),.PIECEWISE_BEZIER_KNOTS.);
#4158 = CARTESIAN_POINT('',(91.25,51.));
#4159 = CARTESIAN_POINT('',(91.25,54.));
#4160 = ( GEOMETRIC_REPRESENTATION_CONTEXT(2) 
PARAMETRIC_REPRESENTATION_CONTEXT() REPRESENTATION_CONTEXT('2D SPACE',''
  ) );
#4161 = PCURVE('',#2244,#4162);
#4162 = DEFINITIONAL_REPRESENTATION('',(#4163),#4166);
#4163 = B_SPLINE_CURVE_WITH_KNOTS('',1,(#4164,#4165),.UNSPECIFIED.,.F.,
  .F.,(2,2),(25.5,28.5),.PIECEWISE_BEZIER_KNOTS.);
#4164 = CARTESIAN_POINT('',(4.,0.));
#4165 = CARTESIAN_POINT('',(4.,-3.));
#4166 = ( GEOMETRIC_REPRESENTATION_CONTEXT(2) 
PARAMETRIC_REPRESENTATION_CONTEXT() REPRESENTATION_CONTEXT('2D SPACE',''
  ) );
#4167 = ORIENTED_EDGE('',*,*,#4168,.F.);
#4168 = EDGE_CURVE('',#4169,#4148,#4171,.T.);
#4169 = VERTEX_POINT('',#4170);
#4170 = CARTESIAN_POINT('',(64.75,9.5,3.));
#4171 = SURFACE_CURVE('',#4172,(#4176,#4182),.PCURVE_S1.);
#4172 = LINE('',#4173,#4174);
#4173 = CARTESIAN_POINT('',(-24.875,9.5,3.));
#4174 = VECTOR('',#4175,1.);
#4175 = DIRECTION('',(-1.,0.,0.));
#4176 = PCURVE('',#262,#4177);
#4177 = DEFINITIONAL_REPRESENTATION('',(#4178),#4181);
#4178 = B_SPLINE_CURVE_WITH_KNOTS('',1,(#4179,#4180),.UNSPECIFIED.,.F.,
  .F.,(2,2),(-89.625,-45.625),.PIECEWISE_BEZIER_KNOTS.);
#4179 = CARTESIAN_POINT('',(135.25,54.));
#4180 = CARTESIAN_POINT('',(91.25,54.));
#4181 = ( GEOMETRIC_REPRESENTATION_CONTEXT(2) 
PARAMETRIC_REPRESENTATION_CONTEXT() REPRESENTATION_CONTEXT('2D SPACE',''
  ) );
#4182 = PCURVE('',#2270,#4183);
#4183 = DEFINITIONAL_REPRESENTATION('',(#4184),#4187);
#4184 = B_SPLINE_CURVE_WITH_KNOTS('',1,(#4185,#4186),.UNSPECIFIED.,.F.,
  .F.,(2,2),(-89.625,-45.625),.PIECEWISE_BEZIER_KNOTS.);
#4185 = CARTESIAN_POINT('',(4.,44.));
#4186 = CARTESIAN_POINT('',(4.,0.));
#4187 = ( GEOMETRIC_REPRESENTATION_CONTEXT(2) 
PARAMETRIC_REPRESENTATION_CONTEXT() REPRESENTATION_CONTEXT('2D SPACE',''
  ) );
#4188 = ORIENTED_EDGE('',*,*,#4189,.F.);
#4189 = EDGE_CURVE('',#4125,#4169,#4190,.T.);
#4190 = SURFACE_CURVE('',#4191,(#4195,#4201),.PCURVE_S1.);
#4191 = LINE('',#4192,#4193);
#4192 = CARTESIAN_POINT('',(64.75,-19.,3.));
#4193 = VECTOR('',#4194,1.);
#4194 = DIRECTION('',(0.,1.,0.));
#4195 = PCURVE('',#262,#4196);
#4196 = DEFINITIONAL_REPRESENTATION('',(#4197),#4200);
#4197 = B_SPLINE_CURVE_WITH_KNOTS('',1,(#4198,#4199),.UNSPECIFIED.,.F.,
  .F.,(2,2),(25.5,28.5),.PIECEWISE_BEZIER_KNOTS.);
#4198 = CARTESIAN_POINT('',(135.25,51.));
#4199 = CARTESIAN_POINT('',(135.25,54.));
#4200 = ( GEOMETRIC_REPRESENTATION_CONTEXT(2) 
PARAMETRIC_REPRESENTATION_CONTEXT() REPRESENTATION_CONTEXT('2D SPACE',''
  ) );
#4201 = PCURVE('',#2294,#4202);
#4202 = DEFINITIONAL_REPRESENTATION('',(#4203),#4206);
#4203 = B_SPLINE_CURVE_WITH_KNOTS('',1,(#4204,#4205),.UNSPECIFIED.,.F.,
  .F.,(2,2),(25.5,28.5),.PIECEWISE_BEZIER_KNOTS.);
#4204 = CARTESIAN_POINT('',(4.,0.));
#4205 = CARTESIAN_POINT('',(4.,-3.));
#4206 = ( GEOMETRIC_REPRESENTATION_CONTEXT(2) 
PARAMETRIC_REPRESENTATION_CONTEXT() REPRESENTATION_CONTEXT('2D SPACE',''
  ) );
#4207 = FACE_BOUND('',#4208,.T.);
#4208 = EDGE_LOOP('',(#4209,#4232,#4253,#4274));
#4209 = ORIENTED_EDGE('',*,*,#4210,.T.);
#4210 = EDGE_CURVE('',#4211,#4213,#4215,.T.);
#4211 = VERTEX_POINT('',#4212);
#4212 = CARTESIAN_POINT('',(64.75,14.5,3.));
#4213 = VERTEX_POINT('',#4214);
#4214 = CARTESIAN_POINT('',(20.75,14.5,3.));
#4215 = SURFACE_CURVE('',#4216,(#4220,#4226),.PCURVE_S1.);
#4216 = LINE('',#4217,#4218);
#4217 = CARTESIAN_POINT('',(-24.875,14.5,3.));
#4218 = VECTOR('',#4219,1.);
#4219 = DIRECTION('',(-1.,0.,0.));
#4220 = PCURVE('',#262,#4221);
#4221 = DEFINITIONAL_REPRESENTATION('',(#4222),#4225);
#4222 = B_SPLINE_CURVE_WITH_KNOTS('',1,(#4223,#4224),.UNSPECIFIED.,.F.,
  .F.,(2,2),(-89.625,-45.625),.PIECEWISE_BEZIER_KNOTS.);
#4223 = CARTESIAN_POINT('',(135.25,59.));
#4224 = CARTESIAN_POINT('',(91.25,59.));
#4225 = ( GEOMETRIC_REPRESENTATION_CONTEXT(2) 
PARAMETRIC_REPRESENTATION_CONTEXT() REPRESENTATION_CONTEXT('2D SPACE',''
  ) );
#4226 = PCURVE('',#2324,#4227);
#4227 = DEFINITIONAL_REPRESENTATION('',(#4228),#4231);
#4228 = B_SPLINE_CURVE_WITH_KNOTS('',1,(#4229,#4230),.UNSPECIFIED.,.F.,
  .F.,(2,2),(-89.625,-45.625),.PIECEWISE_BEZIER_KNOTS.);
#4229 = CARTESIAN_POINT('',(4.,44.));
#4230 = CARTESIAN_POINT('',(4.,0.));
#4231 = ( GEOMETRIC_REPRESENTATION_CONTEXT(2) 
PARAMETRIC_REPRESENTATION_CONTEXT() REPRESENTATION_CONTEXT('2D SPACE',''
  ) );
#4232 = ORIENTED_EDGE('',*,*,#4233,.T.);
#4233 = EDGE_CURVE('',#4213,#4234,#4236,.T.);
#4234 = VERTEX_POINT('',#4235);
#4235 = CARTESIAN_POINT('',(20.75,17.5,3.));
#4236 = SURFACE_CURVE('',#4237,(#4241,#4247),.PCURVE_S1.);
#4237 = LINE('',#4238,#4239);
#4238 = CARTESIAN_POINT('',(20.75,-15.,3.));
#4239 = VECTOR('',#4240,1.);
#4240 = DIRECTION('',(0.,1.,0.));
#4241 = PCURVE('',#262,#4242);
#4242 = DEFINITIONAL_REPRESENTATION('',(#4243),#4246);
#4243 = B_SPLINE_CURVE_WITH_KNOTS('',1,(#4244,#4245),.UNSPECIFIED.,.F.,
  .F.,(2,2),(29.5,32.5),.PIECEWISE_BEZIER_KNOTS.);
#4244 = CARTESIAN_POINT('',(91.25,59.));
#4245 = CARTESIAN_POINT('',(91.25,62.));
#4246 = ( GEOMETRIC_REPRESENTATION_CONTEXT(2) 
PARAMETRIC_REPRESENTATION_CONTEXT() REPRESENTATION_CONTEXT('2D SPACE',''
  ) );
#4247 = PCURVE('',#2350,#4248);
#4248 = DEFINITIONAL_REPRESENTATION('',(#4249),#4252);
#4249 = B_SPLINE_CURVE_WITH_KNOTS('',1,(#4250,#4251),.UNSPECIFIED.,.F.,
  .F.,(2,2),(29.5,32.5),.PIECEWISE_BEZIER_KNOTS.);
#4250 = CARTESIAN_POINT('',(4.,0.));
#4251 = CARTESIAN_POINT('',(4.,-3.));
#4252 = ( GEOMETRIC_REPRESENTATION_CONTEXT(2) 
PARAMETRIC_REPRESENTATION_CONTEXT() REPRESENTATION_CONTEXT('2D SPACE',''
  ) );
#4253 = ORIENTED_EDGE('',*,*,#4254,.F.);
#4254 = EDGE_CURVE('',#4255,#4234,#4257,.T.);
#4255 = VERTEX_POINT('',#4256);
#4256 = CARTESIAN_POINT('',(64.75,17.5,3.));
#4257 = SURFACE_CURVE('',#4258,(#4262,#4268),.PCURVE_S1.);
#4258 = LINE('',#4259,#4260);
#4259 = CARTESIAN_POINT('',(-24.875,17.5,3.));
#4260 = VECTOR('',#4261,1.);
#4261 = DIRECTION('',(-1.,0.,0.));
#4262 = PCURVE('',#262,#4263);
#4263 = DEFINITIONAL_REPRESENTATION('',(#4264),#4267);
#4264 = B_SPLINE_CURVE_WITH_KNOTS('',1,(#4265,#4266),.UNSPECIFIED.,.F.,
  .F.,(2,2),(-89.625,-45.625),.PIECEWISE_BEZIER_KNOTS.);
#4265 = CARTESIAN_POINT('',(135.25,62.));
#4266 = CARTESIAN_POINT('',(91.25,62.));
#4267 = ( GEOMETRIC_REPRESENTATION_CONTEXT(2) 
PARAMETRIC_REPRESENTATION_CONTEXT() REPRESENTATION_CONTEXT('2D SPACE',''
  ) );
#4268 = PCURVE('',#2376,#4269);
#4269 = DEFINITIONAL_REPRESENTATION('',(#4270),#4273);
#4270 = B_SPLINE_CURVE_WITH_KNOTS('',1,(#4271,#4272),.UNSPECIFIED.,.F.,
  .F.,(2,2),(-89.625,-45.625),.PIECEWISE_BEZIER_KNOTS.);
#4271 = CARTESIAN_POINT('',(4.,44.));
#4272 = CARTESIAN_POINT('',(4.,0.));
#4273 = ( GEOMETRIC_REPRESENTATION_CONTEXT(2) 
PARAMETRIC_REPRESENTATION_CONTEXT() REPRESENTATION_CONTEXT('2D SPACE',''
  ) );
#4274 = ORIENTED_EDGE('',*,*,#4275,.F.);
#4275 = EDGE_CURVE('',#4211,#4255,#4276,.T.);
#4276 = SURFACE_CURVE('',#4277,(#4281,#4287),.PCURVE_S1.);
#4277 = LINE('',#4278,#4279);
#4278 = CARTESIAN_POINT('',(64.75,-15.,3.));
#4279 = VECTOR('',#4280,1.);
#4280 = DIRECTION('',(0.,1.,0.));
#4281 = PCURVE('',#262,#4282);
#4282 = DEFINITIONAL_REPRESENTATION('',(#4283),#4286);
#4283 = B_SPLINE_CURVE_WITH_KNOTS('',1,(#4284,#4285),.UNSPECIFIED.,.F.,
  .F.,(2,2),(29.5,32.5),.PIECEWISE_BEZIER_KNOTS.);
#4284 = CARTESIAN_POINT('',(135.25,59.));
#4285 = CARTESIAN_POINT('',(135.25,62.));
#4286 = ( GEOMETRIC_REPRESENTATION_CONTEXT(2) 
PARAMETRIC_REPRESENTATION_CONTEXT() REPRESENTATION_CONTEXT('2D SPACE',''
  ) );
#4287 = PCURVE('',#2400,#4288);
#4288 = DEFINITIONAL_REPRESENTATION('',(#4289),#4292);
#4289 = B_SPLINE_CURVE_WITH_KNOTS('',1,(#4290,#4291),.UNSPECIFIED.,.F.,
  .F.,(2,2),(29.5,32.5),.PIECEWISE_BEZIER_KNOTS.);
#4290 = CARTESIAN_POINT('',(4.,0.));
#4291 = CARTESIAN_POINT('',(4.,-3.));
#4292 = ( GEOMETRIC_REPRESENTATION_CONTEXT(2) 
PARAMETRIC_REPRESENTATION_CONTEXT() REPRESENTATION_CONTEXT('2D SPACE',''
  ) );
#4293 = FACE_BOUND('',#4294,.T.);
#4294 = EDGE_LOOP('',(#4295,#4318,#4339,#4360));
#4295 = ORIENTED_EDGE('',*,*,#4296,.T.);
#4296 = EDGE_CURVE('',#4297,#4299,#4301,.T.);
#4297 = VERTEX_POINT('',#4298);
#4298 = CARTESIAN_POINT('',(64.75,22.5,3.));
#4299 = VERTEX_POINT('',#4300);
#4300 = CARTESIAN_POINT('',(20.75,22.5,3.));
#4301 = SURFACE_CURVE('',#4302,(#4306,#4312),.PCURVE_S1.);
#4302 = LINE('',#4303,#4304);
#4303 = CARTESIAN_POINT('',(-24.875,22.5,3.));
#4304 = VECTOR('',#4305,1.);
#4305 = DIRECTION('',(-1.,0.,0.));
#4306 = PCURVE('',#262,#4307);
#4307 = DEFINITIONAL_REPRESENTATION('',(#4308),#4311);
#4308 = B_SPLINE_CURVE_WITH_KNOTS('',1,(#4309,#4310),.UNSPECIFIED.,.F.,
  .F.,(2,2),(-89.625,-45.625),.PIECEWISE_BEZIER_KNOTS.);
#4309 = CARTESIAN_POINT('',(135.25,67.));
#4310 = CARTESIAN_POINT('',(91.25,67.));
#4311 = ( GEOMETRIC_REPRESENTATION_CONTEXT(2) 
PARAMETRIC_REPRESENTATION_CONTEXT() REPRESENTATION_CONTEXT('2D SPACE',''
  ) );
#4312 = PCURVE('',#2430,#4313);
#4313 = DEFINITIONAL_REPRESENTATION('',(#4314),#4317);
#4314 = B_SPLINE_CURVE_WITH_KNOTS('',1,(#4315,#4316),.UNSPECIFIED.,.F.,
  .F.,(2,2),(-89.625,-45.625),.PIECEWISE_BEZIER_KNOTS.);
#4315 = CARTESIAN_POINT('',(4.,44.));
#4316 = CARTESIAN_POINT('',(4.,0.));
#4317 = ( GEOMETRIC_REPRESENTATION_CONTEXT(2) 
PARAMETRIC_REPRESENTATION_CONTEXT() REPRESENTATION_CONTEXT('2D SPACE',''
  ) );
#4318 = ORIENTED_EDGE('',*,*,#4319,.T.);
#4319 = EDGE_CURVE('',#4299,#4320,#4322,.T.);
#4320 = VERTEX_POINT('',#4321);
#4321 = CARTESIAN_POINT('',(20.75,25.5,3.));
#4322 = SURFACE_CURVE('',#4323,(#4327,#4333),.PCURVE_S1.);
#4323 = LINE('',#4324,#4325);
#4324 = CARTESIAN_POINT('',(20.75,-11.,3.));
#4325 = VECTOR('',#4326,1.);
#4326 = DIRECTION('',(0.,1.,0.));
#4327 = PCURVE('',#262,#4328);
#4328 = DEFINITIONAL_REPRESENTATION('',(#4329),#4332);
#4329 = B_SPLINE_CURVE_WITH_KNOTS('',1,(#4330,#4331),.UNSPECIFIED.,.F.,
  .F.,(2,2),(33.5,36.5),.PIECEWISE_BEZIER_KNOTS.);
#4330 = CARTESIAN_POINT('',(91.25,67.));
#4331 = CARTESIAN_POINT('',(91.25,70.));
#4332 = ( GEOMETRIC_REPRESENTATION_CONTEXT(2) 
PARAMETRIC_REPRESENTATION_CONTEXT() REPRESENTATION_CONTEXT('2D SPACE',''
  ) );
#4333 = PCURVE('',#2456,#4334);
#4334 = DEFINITIONAL_REPRESENTATION('',(#4335),#4338);
#4335 = B_SPLINE_CURVE_WITH_KNOTS('',1,(#4336,#4337),.UNSPECIFIED.,.F.,
  .F.,(2,2),(33.5,36.5),.PIECEWISE_BEZIER_KNOTS.);
#4336 = CARTESIAN_POINT('',(4.,0.));
#4337 = CARTESIAN_POINT('',(4.,-3.));
#4338 = ( GEOMETRIC_REPRESENTATION_CONTEXT(2) 
PARAMETRIC_REPRESENTATION_CONTEXT() REPRESENTATION_CONTEXT('2D SPACE',''
  ) );
#4339 = ORIENTED_EDGE('',*,*,#4340,.F.);
#4340 = EDGE_CURVE('',#4341,#4320,#4343,.T.);
#4341 = VERTEX_POINT('',#4342);
#4342 = CARTESIAN_POINT('',(64.75,25.5,3.));
#4343 = SURFACE_CURVE('',#4344,(#4348,#4354),.PCURVE_S1.);
#4344 = LINE('',#4345,#4346);
#4345 = CARTESIAN_POINT('',(-24.875,25.5,3.));
#4346 = VECTOR('',#4347,1.);
#4347 = DIRECTION('',(-1.,0.,0.));
#4348 = PCURVE('',#262,#4349);
#4349 = DEFINITIONAL_REPRESENTATION('',(#4350),#4353);
#4350 = B_SPLINE_CURVE_WITH_KNOTS('',1,(#4351,#4352),.UNSPECIFIED.,.F.,
  .F.,(2,2),(-89.625,-45.625),.PIECEWISE_BEZIER_KNOTS.);
#4351 = CARTESIAN_POINT('',(135.25,70.));
#4352 = CARTESIAN_POINT('',(91.25,70.));
#4353 = ( GEOMETRIC_REPRESENTATION_CONTEXT(2) 
PARAMETRIC_REPRESENTATION_CONTEXT() REPRESENTATION_CONTEXT('2D SPACE',''
  ) );
#4354 = PCURVE('',#2482,#4355);
#4355 = DEFINITIONAL_REPRESENTATION('',(#4356),#4359);
#4356 = B_SPLINE_CURVE_WITH_KNOTS('',1,(#4357,#4358),.UNSPECIFIED.,.F.,
  .F.,(2,2),(-89.625,-45.625),.PIECEWISE_BEZIER_KNOTS.);
#4357 = CARTESIAN_POINT('',(4.,44.));
#4358 = CARTESIAN_POINT('',(4.,0.));
#4359 = ( GEOMETRIC_REPRESENTATION_CONTEXT(2) 
PARAMETRIC_REPRESENTATION_CONTEXT() REPRESENTATION_CONTEXT('2D SPACE',''
  ) );
#4360 = ORIENTED_EDGE('',*,*,#4361,.F.);
#4361 = EDGE_CURVE('',#4297,#4341,#4362,.T.);
#4362 = SURFACE_CURVE('',#4363,(#4367,#4373),.PCURVE_S1.);
#4363 = LINE('',#4364,#4365);
#4364 = CARTESIAN_POINT('',(64.75,-11.,3.));
#4365 = VECTOR('',#4366,1.);
#4366 = DIRECTION('',(0.,1.,0.));
#4367 = PCURVE('',#262,#4368);
#4368 = DEFINITIONAL_REPRESENTATION('',(#4369),#4372);
#4369 = B_SPLINE_CURVE_WITH_KNOTS('',1,(#4370,#4371),.UNSPECIFIED.,.F.,
  .F.,(2,2),(33.5,36.5),.PIECEWISE_BEZIER_KNOTS.);
#4370 = CARTESIAN_POINT('',(135.25,67.));
#4371 = CARTESIAN_POINT('',(135.25,70.));
#4372 = ( GEOMETRIC_REPRESENTATION_CONTEXT(2) 
PARAMETRIC_REPRESENTATION_CONTEXT() REPRESENTATION_CONTEXT('2D SPACE',''
  ) );
#4373 = PCURVE('',#2506,#4374);
#4374 = DEFINITIONAL_REPRESENTATION('',(#4375),#4378);
#4375 = B_SPLINE_CURVE_WITH_KNOTS('',1,(#4376,#4377),.UNSPECIFIED.,.F.,
  .F.,(2,2),(33.5,36.5),.PIECEWISE_BEZIER_KNOTS.);
#4376 = CARTESIAN_POINT('',(4.,0.));
#4377 = CARTESIAN_POINT('',(4.,-3.));
#4378 = ( GEOMETRIC_REPRESENTATION_CONTEXT(2) 
PARAMETRIC_REPRESENTATION_CONTEXT() REPRESENTATION_CONTEXT('2D SPACE',''
  ) );
#4379 = FACE_BOUND('',#4380,.T.);
#4380 = EDGE_LOOP('',(#4381));
#4381 = ORIENTED_EDGE('',*,*,#4382,.T.);
#4382 = EDGE_CURVE('',#4383,#4383,#4385,.T.);
#4383 = VERTEX_POINT('',#4384);
#4384 = CARTESIAN_POINT('',(61.15,38.,3.));
#4385 = SURFACE_CURVE('',#4386,(#4391,#4402),.PCURVE_S1.);
#4386 = CIRCLE('',#4387,2.85);
#4387 = AXIS2_PLACEMENT_3D('',#4388,#4389,#4390);
#4388 = CARTESIAN_POINT('',(64.,38.,3.));
#4389 = DIRECTION('',(0.,0.,-1.));
#4390 = DIRECTION('',(-1.,0.,0.));
#4391 = PCURVE('',#262,#4392);
#4392 = DEFINITIONAL_REPRESENTATION('',(#4393),#4401);
#4393 = ( BOUNDED_CURVE() B_SPLINE_CURVE(2,(#4394,#4395,#4396,#4397,
#4398,#4399,#4400),.UNSPECIFIED.,.T.,.F.) B_SPLINE_CURVE_WITH_KNOTS((1,2
    ,2,2,2,1),(-2.094395102393,0.,2.094395102393,4.188790204786,
6.28318530718,8.377580409573),.UNSPECIFIED.) CURVE() 
GEOMETRIC_REPRESENTATION_ITEM() RATIONAL_B_SPLINE_CURVE((1.,0.5,1.,0.5,
1.,0.5,1.)) REPRESENTATION_ITEM('') );
#4394 = CARTESIAN_POINT('',(131.65,82.5));
#4395 = CARTESIAN_POINT('',(131.65,87.436344801571));
#4396 = CARTESIAN_POINT('',(135.925,84.968172400786));
#4397 = CARTESIAN_POINT('',(140.2,82.5));
#4398 = CARTESIAN_POINT('',(135.925,80.031827599214));
#4399 = CARTESIAN_POINT('',(131.65,77.563655198429));
#4400 = CARTESIAN_POINT('',(131.65,82.5));
#4401 = ( GEOMETRIC_REPRESENTATION_CONTEXT(2) 
PARAMETRIC_REPRESENTATION_CONTEXT() REPRESENTATION_CONTEXT('2D SPACE',''
  ) );
#4402 = PCURVE('',#4403,#4408);
#4403 = CONICAL_SURFACE('',#4404,2.85,0.785398163397);
#4404 = AXIS2_PLACEMENT_3D('',#4405,#4406,#4407);
#4405 = CARTESIAN_POINT('',(64.,38.,3.));
#4406 = DIRECTION('',(0.,0.,1.));
#4407 = DIRECTION('',(-1.,0.,0.));
#4408 = DEFINITIONAL_REPRESENTATION('',(#4409),#4413);
#4409 = LINE('',#4410,#4411);
#4410 = CARTESIAN_POINT('',(-0.,-0.));
#4411 = VECTOR('',#4412,1.);
#4412 = DIRECTION('',(-1.,-0.));
#4413 = ( GEOMETRIC_REPRESENTATION_CONTEXT(2) 
PARAMETRIC_REPRESENTATION_CONTEXT() REPRESENTATION_CONTEXT('2D SPACE',''
  ) );
#4414 = ADVANCED_FACE('',(#4415),#290,.T.);
#4415 = FACE_BOUND('',#4416,.T.);
#4416 = EDGE_LOOP('',(#4417,#4418,#4439,#4440));
#4417 = ORIENTED_EDGE('',*,*,#274,.F.);
#4418 = ORIENTED_EDGE('',*,*,#4419,.F.);
#4419 = EDGE_CURVE('',#771,#247,#4420,.T.);
#4420 = SURFACE_CURVE('',#4421,(#4425,#4432),.PCURVE_S1.);
#4421 = LINE('',#4422,#4423);
#4422 = CARTESIAN_POINT('',(-69.,-9.5,-1.));
#4423 = VECTOR('',#4424,1.);
#4424 = DIRECTION('',(0.,0.,1.));
#4425 = PCURVE('',#290,#4426);
#4426 = DEFINITIONAL_REPRESENTATION('',(#4427),#4431);
#4427 = LINE('',#4428,#4429);
#4428 = CARTESIAN_POINT('',(0.,0.));
#4429 = VECTOR('',#4430,1.);
#4430 = DIRECTION('',(1.,0.));
#4431 = ( GEOMETRIC_REPRESENTATION_CONTEXT(2) 
PARAMETRIC_REPRESENTATION_CONTEXT() REPRESENTATION_CONTEXT('2D SPACE',''
  ) );
#4432 = PCURVE('',#785,#4433);
#4433 = DEFINITIONAL_REPRESENTATION('',(#4434),#4438);
#4434 = LINE('',#4435,#4436);
#4435 = CARTESIAN_POINT('',(0.,0.));
#4436 = VECTOR('',#4437,1.);
#4437 = DIRECTION('',(1.,0.));
#4438 = ( GEOMETRIC_REPRESENTATION_CONTEXT(2) 
PARAMETRIC_REPRESENTATION_CONTEXT() REPRESENTATION_CONTEXT('2D SPACE',''
  ) );
#4439 = ORIENTED_EDGE('',*,*,#796,.T.);
#4440 = ORIENTED_EDGE('',*,*,#4441,.T.);
#4441 = EDGE_CURVE('',#797,#275,#4442,.T.);
#4442 = SURFACE_CURVE('',#4443,(#4447,#4454),.PCURVE_S1.);
#4443 = LINE('',#4444,#4445);
#4444 = CARTESIAN_POINT('',(-69.,-6.5,-1.));
#4445 = VECTOR('',#4446,1.);
#4446 = DIRECTION('',(0.,0.,1.));
#4447 = PCURVE('',#290,#4448);
#4448 = DEFINITIONAL_REPRESENTATION('',(#4449),#4453);
#4449 = LINE('',#4450,#4451);
#4450 = CARTESIAN_POINT('',(0.,-3.));
#4451 = VECTOR('',#4452,1.);
#4452 = DIRECTION('',(1.,0.));
#4453 = ( GEOMETRIC_REPRESENTATION_CONTEXT(2) 
PARAMETRIC_REPRESENTATION_CONTEXT() REPRESENTATION_CONTEXT('2D SPACE',''
  ) );
#4454 = PCURVE('',#832,#4455);
#4455 = DEFINITIONAL_REPRESENTATION('',(#4456),#4460);
#4456 = LINE('',#4457,#4458);
#4457 = CARTESIAN_POINT('',(0.,0.));
#4458 = VECTOR('',#4459,1.);
#4459 = DIRECTION('',(1.,0.));
#4460 = ( GEOMETRIC_REPRESENTATION_CONTEXT(2) 
PARAMETRIC_REPRESENTATION_CONTEXT() REPRESENTATION_CONTEXT('2D SPACE',''
  ) );
#4461 = ADVANCED_FACE('',(#4462),#341,.T.);
#4462 = FACE_BOUND('',#4463,.T.);
#4463 = EDGE_LOOP('',(#4464,#4465,#4486,#4487));
#4464 = ORIENTED_EDGE('',*,*,#325,.F.);
#4465 = ORIENTED_EDGE('',*,*,#4466,.F.);
#4466 = EDGE_CURVE('',#1437,#303,#4467,.T.);
#4467 = SURFACE_CURVE('',#4468,(#4472,#4479),.PCURVE_S1.);
#4468 = LINE('',#4469,#4470);
#4469 = CARTESIAN_POINT('',(-69.,-1.5,-1.));
#4470 = VECTOR('',#4471,1.);
#4471 = DIRECTION('',(0.,0.,1.));
#4472 = PCURVE('',#341,#4473);
#4473 = DEFINITIONAL_REPRESENTATION('',(#4474),#4478);
#4474 = LINE('',#4475,#4476);
#4475 = CARTESIAN_POINT('',(0.,0.));
#4476 = VECTOR('',#4477,1.);
#4477 = DIRECTION('',(1.,0.));
#4478 = ( GEOMETRIC_REPRESENTATION_CONTEXT(2) 
PARAMETRIC_REPRESENTATION_CONTEXT() REPRESENTATION_CONTEXT('2D SPACE',''
  ) );
#4479 = PCURVE('',#1451,#4480);
#4480 = DEFINITIONAL_REPRESENTATION('',(#4481),#4485);
#4481 = LINE('',#4482,#4483);
#4482 = CARTESIAN_POINT('',(0.,0.));
#4483 = VECTOR('',#4484,1.);
#4484 = DIRECTION('',(1.,0.));
#4485 = ( GEOMETRIC_REPRESENTATION_CONTEXT(2) 
PARAMETRIC_REPRESENTATION_CONTEXT() REPRESENTATION_CONTEXT('2D SPACE',''
  ) );
#4486 = ORIENTED_EDGE('',*,*,#1462,.T.);
#4487 = ORIENTED_EDGE('',*,*,#4488,.T.);
#4488 = EDGE_CURVE('',#1463,#326,#4489,.T.);
#4489 = SURFACE_CURVE('',#4490,(#4494,#4501),.PCURVE_S1.);
#4490 = LINE('',#4491,#4492);
#4491 = CARTESIAN_POINT('',(-69.,1.5,-1.));
#4492 = VECTOR('',#4493,1.);
#4493 = DIRECTION('',(0.,0.,1.));
#4494 = PCURVE('',#341,#4495);
#4495 = DEFINITIONAL_REPRESENTATION('',(#4496),#4500);
#4496 = LINE('',#4497,#4498);
#4497 = CARTESIAN_POINT('',(0.,-3.));
#4498 = VECTOR('',#4499,1.);
#4499 = DIRECTION('',(1.,0.));
#4500 = ( GEOMETRIC_REPRESENTATION_CONTEXT(2) 
PARAMETRIC_REPRESENTATION_CONTEXT() REPRESENTATION_CONTEXT('2D SPACE',''
  ) );
#4501 = PCURVE('',#1498,#4502);
#4502 = DEFINITIONAL_REPRESENTATION('',(#4503),#4507);
#4503 = LINE('',#4504,#4505);
#4504 = CARTESIAN_POINT('',(0.,0.));
#4505 = VECTOR('',#4506,1.);
#4506 = DIRECTION('',(1.,0.));
#4507 = ( GEOMETRIC_REPRESENTATION_CONTEXT(2) 
PARAMETRIC_REPRESENTATION_CONTEXT() REPRESENTATION_CONTEXT('2D SPACE',''
  ) );
#4508 = ADVANCED_FACE('',(#4509),#392,.T.);
#4509 = FACE_BOUND('',#4510,.T.);
#4510 = EDGE_LOOP('',(#4511,#4512,#4533,#4534));
#4511 = ORIENTED_EDGE('',*,*,#376,.F.);
#4512 = ORIENTED_EDGE('',*,*,#4513,.F.);
#4513 = EDGE_CURVE('',#1538,#354,#4514,.T.);
#4514 = SURFACE_CURVE('',#4515,(#4519,#4526),.PCURVE_S1.);
#4515 = LINE('',#4516,#4517);
#4516 = CARTESIAN_POINT('',(-69.,6.5,-1.));
#4517 = VECTOR('',#4518,1.);
#4518 = DIRECTION('',(0.,0.,1.));
#4519 = PCURVE('',#392,#4520);
#4520 = DEFINITIONAL_REPRESENTATION('',(#4521),#4525);
#4521 = LINE('',#4522,#4523);
#4522 = CARTESIAN_POINT('',(0.,0.));
#4523 = VECTOR('',#4524,1.);
#4524 = DIRECTION('',(1.,0.));
#4525 = ( GEOMETRIC_REPRESENTATION_CONTEXT(2) 
PARAMETRIC_REPRESENTATION_CONTEXT() REPRESENTATION_CONTEXT('2D SPACE',''
  ) );
#4526 = PCURVE('',#1552,#4527);
#4527 = DEFINITIONAL_REPRESENTATION('',(#4528),#4532);
#4528 = LINE('',#4529,#4530);
#4529 = CARTESIAN_POINT('',(0.,0.));
#4530 = VECTOR('',#4531,1.);
#4531 = DIRECTION('',(1.,0.));
#4532 = ( GEOMETRIC_REPRESENTATION_CONTEXT(2) 
PARAMETRIC_REPRESENTATION_CONTEXT() REPRESENTATION_CONTEXT('2D SPACE',''
  ) );
#4533 = ORIENTED_EDGE('',*,*,#1563,.T.);
#4534 = ORIENTED_EDGE('',*,*,#4535,.T.);
#4535 = EDGE_CURVE('',#1564,#377,#4536,.T.);
#4536 = SURFACE_CURVE('',#4537,(#4541,#4548),.PCURVE_S1.);
#4537 = LINE('',#4538,#4539);
#4538 = CARTESIAN_POINT('',(-69.,9.5,-1.));
#4539 = VECTOR('',#4540,1.);
#4540 = DIRECTION('',(0.,0.,1.));
#4541 = PCURVE('',#392,#4542);
#4542 = DEFINITIONAL_REPRESENTATION('',(#4543),#4547);
#4543 = LINE('',#4544,#4545);
#4544 = CARTESIAN_POINT('',(0.,-3.));
#4545 = VECTOR('',#4546,1.);
#4546 = DIRECTION('',(1.,0.));
#4547 = ( GEOMETRIC_REPRESENTATION_CONTEXT(2) 
PARAMETRIC_REPRESENTATION_CONTEXT() REPRESENTATION_CONTEXT('2D SPACE',''
  ) );
#4548 = PCURVE('',#1599,#4549);
#4549 = DEFINITIONAL_REPRESENTATION('',(#4550),#4554);
#4550 = LINE('',#4551,#4552);
#4551 = CARTESIAN_POINT('',(0.,0.));
#4552 = VECTOR('',#4553,1.);
#4553 = DIRECTION('',(1.,0.));
#4554 = ( GEOMETRIC_REPRESENTATION_CONTEXT(2) 
PARAMETRIC_REPRESENTATION_CONTEXT() REPRESENTATION_CONTEXT('2D SPACE',''
  ) );
#4555 = ADVANCED_FACE('',(#4556),#441,.T.);
#4556 = FACE_BOUND('',#4557,.F.);
#4557 = EDGE_LOOP('',(#4558,#4559,#4560,#4580));
#4558 = ORIENTED_EDGE('',*,*,#427,.F.);
#4559 = ORIENTED_EDGE('',*,*,#2580,.T.);
#4560 = ORIENTED_EDGE('',*,*,#4561,.T.);
#4561 = EDGE_CURVE('',#2558,#2832,#4562,.T.);
#4562 = SURFACE_CURVE('',#4563,(#4568,#4574),.PCURVE_S1.);
#4563 = CIRCLE('',#4564,1.5);
#4564 = AXIS2_PLACEMENT_3D('',#4565,#4566,#4567);
#4565 = CARTESIAN_POINT('',(-67.5,43.,1.5));
#4566 = DIRECTION('',(1.,6.123233995737E-17,-0.));
#4567 = DIRECTION('',(-6.123233995737E-17,1.,0.));
#4568 = PCURVE('',#441,#4569);
#4569 = DEFINITIONAL_REPRESENTATION('',(#4570),#4573);
#4570 = B_SPLINE_CURVE_WITH_KNOTS('',1,(#4571,#4572),.UNSPECIFIED.,.F.,
  .F.,(2,2),(0.,1.570796326795),.PIECEWISE_BEZIER_KNOTS.);
#4571 = CARTESIAN_POINT('',(-1.570796326795,0.));
#4572 = CARTESIAN_POINT('',(-1.570796326795,1.570796326795));
#4573 = ( GEOMETRIC_REPRESENTATION_CONTEXT(2) 
PARAMETRIC_REPRESENTATION_CONTEXT() REPRESENTATION_CONTEXT('2D SPACE',''
  ) );
#4574 = PCURVE('',#2847,#4575);
#4575 = DEFINITIONAL_REPRESENTATION('',(#4576),#4579);
#4576 = B_SPLINE_CURVE_WITH_KNOTS('',1,(#4577,#4578),.UNSPECIFIED.,.F.,
  .F.,(2,2),(0.,1.570796326795),.PIECEWISE_BEZIER_KNOTS.);
#4577 = CARTESIAN_POINT('',(0.,0.));
#4578 = CARTESIAN_POINT('',(1.570796326795,0.));
#4579 = ( GEOMETRIC_REPRESENTATION_CONTEXT(2) 
PARAMETRIC_REPRESENTATION_CONTEXT() REPRESENTATION_CONTEXT('2D SPACE',''
  ) );
#4580 = ORIENTED_EDGE('',*,*,#2859,.F.);
#4581 = ADVANCED_FACE('',(#4582),#587,.T.);
#4582 = FACE_BOUND('',#4583,.T.);
#4583 = EDGE_LOOP('',(#4584,#4585,#4608,#4629));
#4584 = ORIENTED_EDGE('',*,*,#2557,.T.);
#4585 = ORIENTED_EDGE('',*,*,#4586,.T.);
#4586 = EDGE_CURVE('',#2558,#4587,#4589,.T.);
#4587 = VERTEX_POINT('',#4588);
#4588 = CARTESIAN_POINT('',(67.5,44.5,1.5));
#4589 = SURFACE_CURVE('',#4590,(#4594,#4601),.PCURVE_S1.);
#4590 = LINE('',#4591,#4592);
#4591 = CARTESIAN_POINT('',(-67.5,44.5,1.5));
#4592 = VECTOR('',#4593,1.);
#4593 = DIRECTION('',(1.,0.,0.));
#4594 = PCURVE('',#587,#4595);
#4595 = DEFINITIONAL_REPRESENTATION('',(#4596),#4600);
#4596 = LINE('',#4597,#4598);
#4597 = CARTESIAN_POINT('',(1.5,3.));
#4598 = VECTOR('',#4599,1.);
#4599 = DIRECTION('',(0.,1.));
#4600 = ( GEOMETRIC_REPRESENTATION_CONTEXT(2) 
PARAMETRIC_REPRESENTATION_CONTEXT() REPRESENTATION_CONTEXT('2D SPACE',''
  ) );
#4601 = PCURVE('',#2847,#4602);
#4602 = DEFINITIONAL_REPRESENTATION('',(#4603),#4607);
#4603 = LINE('',#4604,#4605);
#4604 = CARTESIAN_POINT('',(0.,0.));
#4605 = VECTOR('',#4606,1.);
#4606 = DIRECTION('',(0.,1.));
#4607 = ( GEOMETRIC_REPRESENTATION_CONTEXT(2) 
PARAMETRIC_REPRESENTATION_CONTEXT() REPRESENTATION_CONTEXT('2D SPACE',''
  ) );
#4608 = ORIENTED_EDGE('',*,*,#4609,.F.);
#4609 = EDGE_CURVE('',#543,#4587,#4610,.T.);
#4610 = SURFACE_CURVE('',#4611,(#4615,#4622),.PCURVE_S1.);
#4611 = LINE('',#4612,#4613);
#4612 = CARTESIAN_POINT('',(67.5,44.5,0.));
#4613 = VECTOR('',#4614,1.);
#4614 = DIRECTION('',(0.,0.,1.));
#4615 = PCURVE('',#587,#4616);
#4616 = DEFINITIONAL_REPRESENTATION('',(#4617),#4621);
#4617 = LINE('',#4618,#4619);
#4618 = CARTESIAN_POINT('',(0.,138.));
#4619 = VECTOR('',#4620,1.);
#4620 = DIRECTION('',(1.,0.));
#4621 = ( GEOMETRIC_REPRESENTATION_CONTEXT(2) 
PARAMETRIC_REPRESENTATION_CONTEXT() REPRESENTATION_CONTEXT('2D SPACE',''
  ) );
#4622 = PCURVE('',#559,#4623);
#4623 = DEFINITIONAL_REPRESENTATION('',(#4624),#4628);
#4624 = LINE('',#4625,#4626);
#4625 = CARTESIAN_POINT('',(1.570796326795,0.));
#4626 = VECTOR('',#4627,1.);
#4627 = DIRECTION('',(0.,1.));
#4628 = ( GEOMETRIC_REPRESENTATION_CONTEXT(2) 
PARAMETRIC_REPRESENTATION_CONTEXT() REPRESENTATION_CONTEXT('2D SPACE',''
  ) );
#4629 = ORIENTED_EDGE('',*,*,#571,.F.);
#4630 = ADVANCED_FACE('',(#4631),#502,.T.);
#4631 = FACE_BOUND('',#4632,.F.);
#4632 = EDGE_LOOP('',(#4633,#4656,#4657,#4658));
#4633 = ORIENTED_EDGE('',*,*,#4634,.F.);
#4634 = EDGE_CURVE('',#482,#4635,#4637,.T.);
#4635 = VERTEX_POINT('',#4636);
#4636 = CARTESIAN_POINT('',(70.5,-41.5,1.5));
#4637 = SURFACE_CURVE('',#4638,(#4642,#4649),.PCURVE_S1.);
#4638 = LINE('',#4639,#4640);
#4639 = CARTESIAN_POINT('',(70.5,-41.5,0.));
#4640 = VECTOR('',#4641,1.);
#4641 = DIRECTION('',(0.,0.,1.));
#4642 = PCURVE('',#502,#4643);
#4643 = DEFINITIONAL_REPRESENTATION('',(#4644),#4648);
#4644 = LINE('',#4645,#4646);
#4645 = CARTESIAN_POINT('',(-0.,0.));
#4646 = VECTOR('',#4647,1.);
#4647 = DIRECTION('',(-0.,1.));
#4648 = ( GEOMETRIC_REPRESENTATION_CONTEXT(2) 
PARAMETRIC_REPRESENTATION_CONTEXT() REPRESENTATION_CONTEXT('2D SPACE',''
  ) );
#4649 = PCURVE('',#530,#4650);
#4650 = DEFINITIONAL_REPRESENTATION('',(#4651),#4655);
#4651 = LINE('',#4652,#4653);
#4652 = CARTESIAN_POINT('',(0.,-3.));
#4653 = VECTOR('',#4654,1.);
#4654 = DIRECTION('',(1.,0.));
#4655 = ( GEOMETRIC_REPRESENTATION_CONTEXT(2) 
PARAMETRIC_REPRESENTATION_CONTEXT() REPRESENTATION_CONTEXT('2D SPACE',''
  ) );
#4656 = ORIENTED_EDGE('',*,*,#481,.T.);
#4657 = ORIENTED_EDGE('',*,*,#2687,.T.);
#4658 = ORIENTED_EDGE('',*,*,#4659,.F.);
#4659 = EDGE_CURVE('',#4635,#2665,#4660,.T.);
#4660 = SURFACE_CURVE('',#4661,(#4666,#4673),.PCURVE_S1.);
#4661 = CIRCLE('',#4662,3.);
#4662 = AXIS2_PLACEMENT_3D('',#4663,#4664,#4665);
#4663 = CARTESIAN_POINT('',(67.5,-41.5,1.5));
#4664 = DIRECTION('',(0.,-0.,-1.));
#4665 = DIRECTION('',(1.,0.,-0.));
#4666 = PCURVE('',#502,#4667);
#4667 = DEFINITIONAL_REPRESENTATION('',(#4668),#4672);
#4668 = LINE('',#4669,#4670);
#4669 = CARTESIAN_POINT('',(-0.,1.5));
#4670 = VECTOR('',#4671,1.);
#4671 = DIRECTION('',(-1.,0.));
#4672 = ( GEOMETRIC_REPRESENTATION_CONTEXT(2) 
PARAMETRIC_REPRESENTATION_CONTEXT() REPRESENTATION_CONTEXT('2D SPACE',''
  ) );
#4673 = PCURVE('',#2758,#4674);
#4674 = DEFINITIONAL_REPRESENTATION('',(#4675),#4679);
#4675 = LINE('',#4676,#4677);
#4676 = CARTESIAN_POINT('',(-0.,0.));
#4677 = VECTOR('',#4678,1.);
#4678 = DIRECTION('',(-1.,0.));
#4679 = ( GEOMETRIC_REPRESENTATION_CONTEXT(2) 
PARAMETRIC_REPRESENTATION_CONTEXT() REPRESENTATION_CONTEXT('2D SPACE',''
  ) );
#4680 = ADVANCED_FACE('',(#4681),#559,.T.);
#4681 = FACE_BOUND('',#4682,.T.);
#4682 = EDGE_LOOP('',(#4683,#4706,#4707,#4708));
#4683 = ORIENTED_EDGE('',*,*,#4684,.F.);
#4684 = EDGE_CURVE('',#515,#4685,#4687,.T.);
#4685 = VERTEX_POINT('',#4686);
#4686 = CARTESIAN_POINT('',(70.5,41.5,1.5));
#4687 = SURFACE_CURVE('',#4688,(#4692,#4699),.PCURVE_S1.);
#4688 = LINE('',#4689,#4690);
#4689 = CARTESIAN_POINT('',(70.5,41.5,0.));
#4690 = VECTOR('',#4691,1.);
#4691 = DIRECTION('',(0.,0.,1.));
#4692 = PCURVE('',#559,#4693);
#4693 = DEFINITIONAL_REPRESENTATION('',(#4694),#4698);
#4694 = LINE('',#4695,#4696);
#4695 = CARTESIAN_POINT('',(0.,0.));
#4696 = VECTOR('',#4697,1.);
#4697 = DIRECTION('',(0.,1.));
#4698 = ( GEOMETRIC_REPRESENTATION_CONTEXT(2) 
PARAMETRIC_REPRESENTATION_CONTEXT() REPRESENTATION_CONTEXT('2D SPACE',''
  ) );
#4699 = PCURVE('',#530,#4700);
#4700 = DEFINITIONAL_REPRESENTATION('',(#4701),#4705);
#4701 = LINE('',#4702,#4703);
#4702 = CARTESIAN_POINT('',(0.,-86.));
#4703 = VECTOR('',#4704,1.);
#4704 = DIRECTION('',(1.,0.));
#4705 = ( GEOMETRIC_REPRESENTATION_CONTEXT(2) 
PARAMETRIC_REPRESENTATION_CONTEXT() REPRESENTATION_CONTEXT('2D SPACE',''
  ) );
#4706 = ORIENTED_EDGE('',*,*,#542,.T.);
#4707 = ORIENTED_EDGE('',*,*,#4609,.T.);
#4708 = ORIENTED_EDGE('',*,*,#4709,.T.);
#4709 = EDGE_CURVE('',#4587,#4685,#4710,.T.);
#4710 = SURFACE_CURVE('',#4711,(#4716,#4723),.PCURVE_S1.);
#4711 = CIRCLE('',#4712,3.);
#4712 = AXIS2_PLACEMENT_3D('',#4713,#4714,#4715);
#4713 = CARTESIAN_POINT('',(67.5,41.5,1.5));
#4714 = DIRECTION('',(0.,-0.,-1.));
#4715 = DIRECTION('',(0.,1.,-0.));
#4716 = PCURVE('',#559,#4717);
#4717 = DEFINITIONAL_REPRESENTATION('',(#4718),#4722);
#4718 = LINE('',#4719,#4720);
#4719 = CARTESIAN_POINT('',(1.570796326795,1.5));
#4720 = VECTOR('',#4721,1.);
#4721 = DIRECTION('',(-1.,-0.));
#4722 = ( GEOMETRIC_REPRESENTATION_CONTEXT(2) 
PARAMETRIC_REPRESENTATION_CONTEXT() REPRESENTATION_CONTEXT('2D SPACE',''
  ) );
#4723 = PCURVE('',#2819,#4724);
#4724 = DEFINITIONAL_REPRESENTATION('',(#4725),#4729);
#4725 = LINE('',#4726,#4727);
#4726 = CARTESIAN_POINT('',(-0.,0.));
#4727 = VECTOR('',#4728,1.);
#4728 = DIRECTION('',(-1.,0.));
#4729 = ( GEOMETRIC_REPRESENTATION_CONTEXT(2) 
PARAMETRIC_REPRESENTATION_CONTEXT() REPRESENTATION_CONTEXT('2D SPACE',''
  ) );
#4730 = ADVANCED_FACE('',(#4731),#530,.T.);
#4731 = FACE_BOUND('',#4732,.T.);
#4732 = EDGE_LOOP('',(#4733,#4734,#4735,#4736));
#4733 = ORIENTED_EDGE('',*,*,#4634,.F.);
#4734 = ORIENTED_EDGE('',*,*,#514,.T.);
#4735 = ORIENTED_EDGE('',*,*,#4684,.T.);
#4736 = ORIENTED_EDGE('',*,*,#4737,.T.);
#4737 = EDGE_CURVE('',#4685,#4635,#4738,.T.);
#4738 = SURFACE_CURVE('',#4739,(#4743,#4750),.PCURVE_S1.);
#4739 = LINE('',#4740,#4741);
#4740 = CARTESIAN_POINT('',(70.5,41.5,1.5));
#4741 = VECTOR('',#4742,1.);
#4742 = DIRECTION('',(-0.,-1.,-0.));
#4743 = PCURVE('',#530,#4744);
#4744 = DEFINITIONAL_REPRESENTATION('',(#4745),#4749);
#4745 = LINE('',#4746,#4747);
#4746 = CARTESIAN_POINT('',(1.5,-86.));
#4747 = VECTOR('',#4748,1.);
#4748 = DIRECTION('',(-0.,1.));
#4749 = ( GEOMETRIC_REPRESENTATION_CONTEXT(2) 
PARAMETRIC_REPRESENTATION_CONTEXT() REPRESENTATION_CONTEXT('2D SPACE',''
  ) );
#4750 = PCURVE('',#2786,#4751);
#4751 = DEFINITIONAL_REPRESENTATION('',(#4752),#4756);
#4752 = LINE('',#4753,#4754);
#4753 = CARTESIAN_POINT('',(0.,0.));
#4754 = VECTOR('',#4755,1.);
#4755 = DIRECTION('',(0.,1.));
#4756 = ( GEOMETRIC_REPRESENTATION_CONTEXT(2) 
PARAMETRIC_REPRESENTATION_CONTEXT() REPRESENTATION_CONTEXT('2D SPACE',''
  ) );
#4757 = ADVANCED_FACE('',(#4758),#648,.F.);
#4758 = FACE_BOUND('',#4759,.F.);
#4759 = EDGE_LOOP('',(#4760,#4784,#4805,#4806));
#4760 = ORIENTED_EDGE('',*,*,#4761,.T.);
#4761 = EDGE_CURVE('',#4762,#4762,#4764,.T.);
#4762 = VERTEX_POINT('',#4763);
#4763 = CARTESIAN_POINT('',(-65.45,-38.,1.6));
#4764 = SURFACE_CURVE('',#4765,(#4770,#4777),.PCURVE_S1.);
#4765 = CIRCLE('',#4766,1.45);
#4766 = AXIS2_PLACEMENT_3D('',#4767,#4768,#4769);
#4767 = CARTESIAN_POINT('',(-64.,-38.,1.6));
#4768 = DIRECTION('',(0.,0.,-1.));
#4769 = DIRECTION('',(0.,1.,0.));
#4770 = PCURVE('',#648,#4771);
#4771 = DEFINITIONAL_REPRESENTATION('',(#4772),#4776);
#4772 = LINE('',#4773,#4774);
#4773 = CARTESIAN_POINT('',(-4.712388980385,1.4));
#4774 = VECTOR('',#4775,1.);
#4775 = DIRECTION('',(1.,0.));
#4776 = ( GEOMETRIC_REPRESENTATION_CONTEXT(2) 
PARAMETRIC_REPRESENTATION_CONTEXT() REPRESENTATION_CONTEXT('2D SPACE',''
  ) );
#4777 = PCURVE('',#3094,#4778);
#4778 = DEFINITIONAL_REPRESENTATION('',(#4779),#4783);
#4779 = LINE('',#4780,#4781);
#4780 = CARTESIAN_POINT('',(4.712388980385,-1.4));
#4781 = VECTOR('',#4782,1.);
#4782 = DIRECTION('',(-1.,-0.));
#4783 = ( GEOMETRIC_REPRESENTATION_CONTEXT(2) 
PARAMETRIC_REPRESENTATION_CONTEXT() REPRESENTATION_CONTEXT('2D SPACE',''
  ) );
#4784 = ORIENTED_EDGE('',*,*,#4785,.T.);
#4785 = EDGE_CURVE('',#4762,#628,#4786,.T.);
#4786 = SEAM_CURVE('',#4787,(#4791,#4798),.PCURVE_S1.);
#4787 = LINE('',#4788,#4789);
#4788 = CARTESIAN_POINT('',(-65.45,-38.,3.));
#4789 = VECTOR('',#4790,1.);
#4790 = DIRECTION('',(0.,0.,-1.));
#4791 = PCURVE('',#648,#4792);
#4792 = DEFINITIONAL_REPRESENTATION('',(#4793),#4797);
#4793 = LINE('',#4794,#4795);
#4794 = CARTESIAN_POINT('',(0.,-0.));
#4795 = VECTOR('',#4796,1.);
#4796 = DIRECTION('',(0.,1.));
#4797 = ( GEOMETRIC_REPRESENTATION_CONTEXT(2) 
PARAMETRIC_REPRESENTATION_CONTEXT() REPRESENTATION_CONTEXT('2D SPACE',''
  ) );
#4798 = PCURVE('',#648,#4799);
#4799 = DEFINITIONAL_REPRESENTATION('',(#4800),#4804);
#4800 = LINE('',#4801,#4802);
#4801 = CARTESIAN_POINT('',(6.28318530718,-0.));
#4802 = VECTOR('',#4803,1.);
#4803 = DIRECTION('',(0.,1.));
#4804 = ( GEOMETRIC_REPRESENTATION_CONTEXT(2) 
PARAMETRIC_REPRESENTATION_CONTEXT() REPRESENTATION_CONTEXT('2D SPACE',''
  ) );
#4805 = ORIENTED_EDGE('',*,*,#627,.F.);
#4806 = ORIENTED_EDGE('',*,*,#4785,.F.);
#4807 = ADVANCED_FACE('',(#4808),#679,.T.);
#4808 = FACE_BOUND('',#4809,.T.);
#4809 = EDGE_LOOP('',(#4810,#4831,#4832,#4853));
#4810 = ORIENTED_EDGE('',*,*,#4811,.F.);
#4811 = EDGE_CURVE('',#663,#3109,#4812,.T.);
#4812 = SURFACE_CURVE('',#4813,(#4817,#4824),.PCURVE_S1.);
#4813 = LINE('',#4814,#4815);
#4814 = CARTESIAN_POINT('',(13.,-25.5,-1.));
#4815 = VECTOR('',#4816,1.);
#4816 = DIRECTION('',(0.,0.,1.));
#4817 = PCURVE('',#679,#4818);
#4818 = DEFINITIONAL_REPRESENTATION('',(#4819),#4823);
#4819 = LINE('',#4820,#4821);
#4820 = CARTESIAN_POINT('',(0.,62.));
#4821 = VECTOR('',#4822,1.);
#4822 = DIRECTION('',(1.,0.));
#4823 = ( GEOMETRIC_REPRESENTATION_CONTEXT(2) 
PARAMETRIC_REPRESENTATION_CONTEXT() REPRESENTATION_CONTEXT('2D SPACE',''
  ) );
#4824 = PCURVE('',#755,#4825);
#4825 = DEFINITIONAL_REPRESENTATION('',(#4826),#4830);
#4826 = LINE('',#4827,#4828);
#4827 = CARTESIAN_POINT('',(0.,0.));
#4828 = VECTOR('',#4829,1.);
#4829 = DIRECTION('',(1.,0.));
#4830 = ( GEOMETRIC_REPRESENTATION_CONTEXT(2) 
PARAMETRIC_REPRESENTATION_CONTEXT() REPRESENTATION_CONTEXT('2D SPACE',''
  ) );
#4831 = ORIENTED_EDGE('',*,*,#662,.T.);
#4832 = ORIENTED_EDGE('',*,*,#4833,.T.);
#4833 = EDGE_CURVE('',#665,#3111,#4834,.T.);
#4834 = SURFACE_CURVE('',#4835,(#4839,#4846),.PCURVE_S1.);
#4835 = LINE('',#4836,#4837);
#4836 = CARTESIAN_POINT('',(-49.,-25.5,-1.));
#4837 = VECTOR('',#4838,1.);
#4838 = DIRECTION('',(0.,0.,1.));
#4839 = PCURVE('',#679,#4840);
#4840 = DEFINITIONAL_REPRESENTATION('',(#4841),#4845);
#4841 = LINE('',#4842,#4843);
#4842 = CARTESIAN_POINT('',(0.,0.));
#4843 = VECTOR('',#4844,1.);
#4844 = DIRECTION('',(1.,0.));
#4845 = ( GEOMETRIC_REPRESENTATION_CONTEXT(2) 
PARAMETRIC_REPRESENTATION_CONTEXT() REPRESENTATION_CONTEXT('2D SPACE',''
  ) );
#4846 = PCURVE('',#705,#4847);
#4847 = DEFINITIONAL_REPRESENTATION('',(#4848),#4852);
#4848 = LINE('',#4849,#4850);
#4849 = CARTESIAN_POINT('',(0.,0.));
#4850 = VECTOR('',#4851,1.);
#4851 = DIRECTION('',(1.,0.));
#4852 = ( GEOMETRIC_REPRESENTATION_CONTEXT(2) 
PARAMETRIC_REPRESENTATION_CONTEXT() REPRESENTATION_CONTEXT('2D SPACE',''
  ) );
#4853 = ORIENTED_EDGE('',*,*,#3108,.F.);
#4854 = ADVANCED_FACE('',(#4855),#755,.F.);
#4855 = FACE_BOUND('',#4856,.F.);
#4856 = EDGE_LOOP('',(#4857,#4858,#4859,#4880));
#4857 = ORIENTED_EDGE('',*,*,#4811,.F.);
#4858 = ORIENTED_EDGE('',*,*,#742,.T.);
#4859 = ORIENTED_EDGE('',*,*,#4860,.T.);
#4860 = EDGE_CURVE('',#717,#3153,#4861,.T.);
#4861 = SURFACE_CURVE('',#4862,(#4866,#4873),.PCURVE_S1.);
#4862 = LINE('',#4863,#4864);
#4863 = CARTESIAN_POINT('',(13.,-22.5,-1.));
#4864 = VECTOR('',#4865,1.);
#4865 = DIRECTION('',(0.,0.,1.));
#4866 = PCURVE('',#755,#4867);
#4867 = DEFINITIONAL_REPRESENTATION('',(#4868),#4872);
#4868 = LINE('',#4869,#4870);
#4869 = CARTESIAN_POINT('',(0.,-3.));
#4870 = VECTOR('',#4871,1.);
#4871 = DIRECTION('',(1.,0.));
#4872 = ( GEOMETRIC_REPRESENTATION_CONTEXT(2) 
PARAMETRIC_REPRESENTATION_CONTEXT() REPRESENTATION_CONTEXT('2D SPACE',''
  ) );
#4873 = PCURVE('',#731,#4874);
#4874 = DEFINITIONAL_REPRESENTATION('',(#4875),#4879);
#4875 = LINE('',#4876,#4877);
#4876 = CARTESIAN_POINT('',(0.,62.));
#4877 = VECTOR('',#4878,1.);
#4878 = DIRECTION('',(1.,0.));
#4879 = ( GEOMETRIC_REPRESENTATION_CONTEXT(2) 
PARAMETRIC_REPRESENTATION_CONTEXT() REPRESENTATION_CONTEXT('2D SPACE',''
  ) );
#4880 = ORIENTED_EDGE('',*,*,#3173,.F.);
#4881 = ADVANCED_FACE('',(#4882),#705,.T.);
#4882 = FACE_BOUND('',#4883,.T.);
#4883 = EDGE_LOOP('',(#4884,#4885,#4886,#4907));
#4884 = ORIENTED_EDGE('',*,*,#4833,.F.);
#4885 = ORIENTED_EDGE('',*,*,#690,.T.);
#4886 = ORIENTED_EDGE('',*,*,#4887,.T.);
#4887 = EDGE_CURVE('',#691,#3132,#4888,.T.);
#4888 = SURFACE_CURVE('',#4889,(#4893,#4900),.PCURVE_S1.);
#4889 = LINE('',#4890,#4891);
#4890 = CARTESIAN_POINT('',(-49.,-22.5,-1.));
#4891 = VECTOR('',#4892,1.);
#4892 = DIRECTION('',(0.,0.,1.));
#4893 = PCURVE('',#705,#4894);
#4894 = DEFINITIONAL_REPRESENTATION('',(#4895),#4899);
#4895 = LINE('',#4896,#4897);
#4896 = CARTESIAN_POINT('',(0.,-3.));
#4897 = VECTOR('',#4898,1.);
#4898 = DIRECTION('',(1.,0.));
#4899 = ( GEOMETRIC_REPRESENTATION_CONTEXT(2) 
PARAMETRIC_REPRESENTATION_CONTEXT() REPRESENTATION_CONTEXT('2D SPACE',''
  ) );
#4900 = PCURVE('',#731,#4901);
#4901 = DEFINITIONAL_REPRESENTATION('',(#4902),#4906);
#4902 = LINE('',#4903,#4904);
#4903 = CARTESIAN_POINT('',(0.,0.));
#4904 = VECTOR('',#4905,1.);
#4905 = DIRECTION('',(1.,0.));
#4906 = ( GEOMETRIC_REPRESENTATION_CONTEXT(2) 
PARAMETRIC_REPRESENTATION_CONTEXT() REPRESENTATION_CONTEXT('2D SPACE',''
  ) );
#4907 = ORIENTED_EDGE('',*,*,#3131,.F.);
#4908 = ADVANCED_FACE('',(#4909),#731,.F.);
#4909 = FACE_BOUND('',#4910,.F.);
#4910 = EDGE_LOOP('',(#4911,#4912,#4913,#4914));
#4911 = ORIENTED_EDGE('',*,*,#4860,.F.);
#4912 = ORIENTED_EDGE('',*,*,#716,.T.);
#4913 = ORIENTED_EDGE('',*,*,#4887,.T.);
#4914 = ORIENTED_EDGE('',*,*,#3152,.F.);
#4915 = ADVANCED_FACE('',(#4916),#785,.T.);
#4916 = FACE_BOUND('',#4917,.T.);
#4917 = EDGE_LOOP('',(#4918,#4939,#4940,#4941));
#4918 = ORIENTED_EDGE('',*,*,#4919,.F.);
#4919 = EDGE_CURVE('',#769,#3032,#4920,.T.);
#4920 = SURFACE_CURVE('',#4921,(#4925,#4932),.PCURVE_S1.);
#4921 = LINE('',#4922,#4923);
#4922 = CARTESIAN_POINT('',(-53.,-9.5,-1.));
#4923 = VECTOR('',#4924,1.);
#4924 = DIRECTION('',(0.,0.,1.));
#4925 = PCURVE('',#785,#4926);
#4926 = DEFINITIONAL_REPRESENTATION('',(#4927),#4931);
#4927 = LINE('',#4928,#4929);
#4928 = CARTESIAN_POINT('',(0.,16.));
#4929 = VECTOR('',#4930,1.);
#4930 = DIRECTION('',(1.,0.));
#4931 = ( GEOMETRIC_REPRESENTATION_CONTEXT(2) 
PARAMETRIC_REPRESENTATION_CONTEXT() REPRESENTATION_CONTEXT('2D SPACE',''
  ) );
#4932 = PCURVE('',#856,#4933);
#4933 = DEFINITIONAL_REPRESENTATION('',(#4934),#4938);
#4934 = LINE('',#4935,#4936);
#4935 = CARTESIAN_POINT('',(0.,0.));
#4936 = VECTOR('',#4937,1.);
#4937 = DIRECTION('',(1.,0.));
#4938 = ( GEOMETRIC_REPRESENTATION_CONTEXT(2) 
PARAMETRIC_REPRESENTATION_CONTEXT() REPRESENTATION_CONTEXT('2D SPACE',''
  ) );
#4939 = ORIENTED_EDGE('',*,*,#768,.T.);
#4940 = ORIENTED_EDGE('',*,*,#4419,.T.);
#4941 = ORIENTED_EDGE('',*,*,#3052,.F.);
#4942 = ADVANCED_FACE('',(#4943),#856,.F.);
#4943 = FACE_BOUND('',#4944,.F.);
#4944 = EDGE_LOOP('',(#4945,#4946,#4947,#4968));
#4945 = ORIENTED_EDGE('',*,*,#4919,.F.);
#4946 = ORIENTED_EDGE('',*,*,#843,.T.);
#4947 = ORIENTED_EDGE('',*,*,#4948,.T.);
#4948 = EDGE_CURVE('',#818,#3011,#4949,.T.);
#4949 = SURFACE_CURVE('',#4950,(#4954,#4961),.PCURVE_S1.);
#4950 = LINE('',#4951,#4952);
#4951 = CARTESIAN_POINT('',(-53.,-6.5,-1.));
#4952 = VECTOR('',#4953,1.);
#4953 = DIRECTION('',(0.,0.,1.));
#4954 = PCURVE('',#856,#4955);
#4955 = DEFINITIONAL_REPRESENTATION('',(#4956),#4960);
#4956 = LINE('',#4957,#4958);
#4957 = CARTESIAN_POINT('',(0.,-3.));
#4958 = VECTOR('',#4959,1.);
#4959 = DIRECTION('',(1.,0.));
#4960 = ( GEOMETRIC_REPRESENTATION_CONTEXT(2) 
PARAMETRIC_REPRESENTATION_CONTEXT() REPRESENTATION_CONTEXT('2D SPACE',''
  ) );
#4961 = PCURVE('',#832,#4962);
#4962 = DEFINITIONAL_REPRESENTATION('',(#4963),#4967);
#4963 = LINE('',#4964,#4965);
#4964 = CARTESIAN_POINT('',(0.,16.));
#4965 = VECTOR('',#4966,1.);
#4966 = DIRECTION('',(1.,0.));
#4967 = ( GEOMETRIC_REPRESENTATION_CONTEXT(2) 
PARAMETRIC_REPRESENTATION_CONTEXT() REPRESENTATION_CONTEXT('2D SPACE',''
  ) );
#4968 = ORIENTED_EDGE('',*,*,#3031,.F.);
#4969 = ADVANCED_FACE('',(#4970),#832,.F.);
#4970 = FACE_BOUND('',#4971,.F.);
#4971 = EDGE_LOOP('',(#4972,#4973,#4974,#4975));
#4972 = ORIENTED_EDGE('',*,*,#4948,.F.);
#4973 = ORIENTED_EDGE('',*,*,#817,.T.);
#4974 = ORIENTED_EDGE('',*,*,#4441,.T.);
#4975 = ORIENTED_EDGE('',*,*,#3010,.F.);
#4976 = ADVANCED_FACE('',(#4977),#886,.T.);
#4977 = FACE_BOUND('',#4978,.T.);
#4978 = EDGE_LOOP('',(#4979,#5000,#5001,#5022));
#4979 = ORIENTED_EDGE('',*,*,#4980,.F.);
#4980 = EDGE_CURVE('',#870,#3195,#4981,.T.);
#4981 = SURFACE_CURVE('',#4982,(#4986,#4993),.PCURVE_S1.);
#4982 = LINE('',#4983,#4984);
#4983 = CARTESIAN_POINT('',(13.,-17.5,-1.));
#4984 = VECTOR('',#4985,1.);
#4985 = DIRECTION('',(0.,0.,1.));
#4986 = PCURVE('',#886,#4987);
#4987 = DEFINITIONAL_REPRESENTATION('',(#4988),#4992);
#4988 = LINE('',#4989,#4990);
#4989 = CARTESIAN_POINT('',(0.,62.));
#4990 = VECTOR('',#4991,1.);
#4991 = DIRECTION('',(1.,0.));
#4992 = ( GEOMETRIC_REPRESENTATION_CONTEXT(2) 
PARAMETRIC_REPRESENTATION_CONTEXT() REPRESENTATION_CONTEXT('2D SPACE',''
  ) );
#4993 = PCURVE('',#962,#4994);
#4994 = DEFINITIONAL_REPRESENTATION('',(#4995),#4999);
#4995 = LINE('',#4996,#4997);
#4996 = CARTESIAN_POINT('',(0.,0.));
#4997 = VECTOR('',#4998,1.);
#4998 = DIRECTION('',(1.,0.));
#4999 = ( GEOMETRIC_REPRESENTATION_CONTEXT(2) 
PARAMETRIC_REPRESENTATION_CONTEXT() REPRESENTATION_CONTEXT('2D SPACE',''
  ) );
#5000 = ORIENTED_EDGE('',*,*,#869,.T.);
#5001 = ORIENTED_EDGE('',*,*,#5002,.T.);
#5002 = EDGE_CURVE('',#872,#3197,#5003,.T.);
#5003 = SURFACE_CURVE('',#5004,(#5008,#5015),.PCURVE_S1.);
#5004 = LINE('',#5005,#5006);
#5005 = CARTESIAN_POINT('',(-49.,-17.5,-1.));
#5006 = VECTOR('',#5007,1.);
#5007 = DIRECTION('',(0.,0.,1.));
#5008 = PCURVE('',#886,#5009);
#5009 = DEFINITIONAL_REPRESENTATION('',(#5010),#5014);
#5010 = LINE('',#5011,#5012);
#5011 = CARTESIAN_POINT('',(0.,0.));
#5012 = VECTOR('',#5013,1.);
#5013 = DIRECTION('',(1.,0.));
#5014 = ( GEOMETRIC_REPRESENTATION_CONTEXT(2) 
PARAMETRIC_REPRESENTATION_CONTEXT() REPRESENTATION_CONTEXT('2D SPACE',''
  ) );
#5015 = PCURVE('',#912,#5016);
#5016 = DEFINITIONAL_REPRESENTATION('',(#5017),#5021);
#5017 = LINE('',#5018,#5019);
#5018 = CARTESIAN_POINT('',(0.,0.));
#5019 = VECTOR('',#5020,1.);
#5020 = DIRECTION('',(1.,0.));
#5021 = ( GEOMETRIC_REPRESENTATION_CONTEXT(2) 
PARAMETRIC_REPRESENTATION_CONTEXT() REPRESENTATION_CONTEXT('2D SPACE',''
  ) );
#5022 = ORIENTED_EDGE('',*,*,#3194,.F.);
#5023 = ADVANCED_FACE('',(#5024),#962,.F.);
#5024 = FACE_BOUND('',#5025,.F.);
#5025 = EDGE_LOOP('',(#5026,#5027,#5028,#5049));
#5026 = ORIENTED_EDGE('',*,*,#4980,.F.);
#5027 = ORIENTED_EDGE('',*,*,#949,.T.);
#5028 = ORIENTED_EDGE('',*,*,#5029,.T.);
#5029 = EDGE_CURVE('',#924,#3239,#5030,.T.);
#5030 = SURFACE_CURVE('',#5031,(#5035,#5042),.PCURVE_S1.);
#5031 = LINE('',#5032,#5033);
#5032 = CARTESIAN_POINT('',(13.,-14.5,-1.));
#5033 = VECTOR('',#5034,1.);
#5034 = DIRECTION('',(0.,0.,1.));
#5035 = PCURVE('',#962,#5036);
#5036 = DEFINITIONAL_REPRESENTATION('',(#5037),#5041);
#5037 = LINE('',#5038,#5039);
#5038 = CARTESIAN_POINT('',(0.,-3.));
#5039 = VECTOR('',#5040,1.);
#5040 = DIRECTION('',(1.,0.));
#5041 = ( GEOMETRIC_REPRESENTATION_CONTEXT(2) 
PARAMETRIC_REPRESENTATION_CONTEXT() REPRESENTATION_CONTEXT('2D SPACE',''
  ) );
#5042 = PCURVE('',#938,#5043);
#5043 = DEFINITIONAL_REPRESENTATION('',(#5044),#5048);
#5044 = LINE('',#5045,#5046);
#5045 = CARTESIAN_POINT('',(0.,62.));
#5046 = VECTOR('',#5047,1.);
#5047 = DIRECTION('',(1.,0.));
#5048 = ( GEOMETRIC_REPRESENTATION_CONTEXT(2) 
PARAMETRIC_REPRESENTATION_CONTEXT() REPRESENTATION_CONTEXT('2D SPACE',''
  ) );
#5049 = ORIENTED_EDGE('',*,*,#3259,.F.);
#5050 = ADVANCED_FACE('',(#5051),#912,.T.);
#5051 = FACE_BOUND('',#5052,.T.);
#5052 = EDGE_LOOP('',(#5053,#5054,#5055,#5076));
#5053 = ORIENTED_EDGE('',*,*,#5002,.F.);
#5054 = ORIENTED_EDGE('',*,*,#897,.T.);
#5055 = ORIENTED_EDGE('',*,*,#5056,.T.);
#5056 = EDGE_CURVE('',#898,#3218,#5057,.T.);
#5057 = SURFACE_CURVE('',#5058,(#5062,#5069),.PCURVE_S1.);
#5058 = LINE('',#5059,#5060);
#5059 = CARTESIAN_POINT('',(-49.,-14.5,-1.));
#5060 = VECTOR('',#5061,1.);
#5061 = DIRECTION('',(0.,0.,1.));
#5062 = PCURVE('',#912,#5063);
#5063 = DEFINITIONAL_REPRESENTATION('',(#5064),#5068);
#5064 = LINE('',#5065,#5066);
#5065 = CARTESIAN_POINT('',(0.,-3.));
#5066 = VECTOR('',#5067,1.);
#5067 = DIRECTION('',(1.,0.));
#5068 = ( GEOMETRIC_REPRESENTATION_CONTEXT(2) 
PARAMETRIC_REPRESENTATION_CONTEXT() REPRESENTATION_CONTEXT('2D SPACE',''
  ) );
#5069 = PCURVE('',#938,#5070);
#5070 = DEFINITIONAL_REPRESENTATION('',(#5071),#5075);
#5071 = LINE('',#5072,#5073);
#5072 = CARTESIAN_POINT('',(0.,0.));
#5073 = VECTOR('',#5074,1.);
#5074 = DIRECTION('',(1.,0.));
#5075 = ( GEOMETRIC_REPRESENTATION_CONTEXT(2) 
PARAMETRIC_REPRESENTATION_CONTEXT() REPRESENTATION_CONTEXT('2D SPACE',''
  ) );
#5076 = ORIENTED_EDGE('',*,*,#3217,.F.);
#5077 = ADVANCED_FACE('',(#5078),#938,.F.);
#5078 = FACE_BOUND('',#5079,.F.);
#5079 = EDGE_LOOP('',(#5080,#5081,#5082,#5083));
#5080 = ORIENTED_EDGE('',*,*,#5029,.F.);
#5081 = ORIENTED_EDGE('',*,*,#923,.T.);
#5082 = ORIENTED_EDGE('',*,*,#5056,.T.);
#5083 = ORIENTED_EDGE('',*,*,#3238,.F.);
#5084 = ADVANCED_FACE('',(#5085),#992,.T.);
#5085 = FACE_BOUND('',#5086,.T.);
#5086 = EDGE_LOOP('',(#5087,#5108,#5109,#5130));
#5087 = ORIENTED_EDGE('',*,*,#5088,.F.);
#5088 = EDGE_CURVE('',#976,#3281,#5089,.T.);
#5089 = SURFACE_CURVE('',#5090,(#5094,#5101),.PCURVE_S1.);
#5090 = LINE('',#5091,#5092);
#5091 = CARTESIAN_POINT('',(13.,-9.5,-1.));
#5092 = VECTOR('',#5093,1.);
#5093 = DIRECTION('',(0.,0.,1.));
#5094 = PCURVE('',#992,#5095);
#5095 = DEFINITIONAL_REPRESENTATION('',(#5096),#5100);
#5096 = LINE('',#5097,#5098);
#5097 = CARTESIAN_POINT('',(0.,62.));
#5098 = VECTOR('',#5099,1.);
#5099 = DIRECTION('',(1.,0.));
#5100 = ( GEOMETRIC_REPRESENTATION_CONTEXT(2) 
PARAMETRIC_REPRESENTATION_CONTEXT() REPRESENTATION_CONTEXT('2D SPACE',''
  ) );
#5101 = PCURVE('',#1068,#5102);
#5102 = DEFINITIONAL_REPRESENTATION('',(#5103),#5107);
#5103 = LINE('',#5104,#5105);
#5104 = CARTESIAN_POINT('',(0.,0.));
#5105 = VECTOR('',#5106,1.);
#5106 = DIRECTION('',(1.,0.));
#5107 = ( GEOMETRIC_REPRESENTATION_CONTEXT(2) 
PARAMETRIC_REPRESENTATION_CONTEXT() REPRESENTATION_CONTEXT('2D SPACE',''
  ) );
#5108 = ORIENTED_EDGE('',*,*,#975,.T.);
#5109 = ORIENTED_EDGE('',*,*,#5110,.T.);
#5110 = EDGE_CURVE('',#978,#3283,#5111,.T.);
#5111 = SURFACE_CURVE('',#5112,(#5116,#5123),.PCURVE_S1.);
#5112 = LINE('',#5113,#5114);
#5113 = CARTESIAN_POINT('',(-49.,-9.5,-1.));
#5114 = VECTOR('',#5115,1.);
#5115 = DIRECTION('',(0.,0.,1.));
#5116 = PCURVE('',#992,#5117);
#5117 = DEFINITIONAL_REPRESENTATION('',(#5118),#5122);
#5118 = LINE('',#5119,#5120);
#5119 = CARTESIAN_POINT('',(0.,0.));
#5120 = VECTOR('',#5121,1.);
#5121 = DIRECTION('',(1.,0.));
#5122 = ( GEOMETRIC_REPRESENTATION_CONTEXT(2) 
PARAMETRIC_REPRESENTATION_CONTEXT() REPRESENTATION_CONTEXT('2D SPACE',''
  ) );
#5123 = PCURVE('',#1018,#5124);
#5124 = DEFINITIONAL_REPRESENTATION('',(#5125),#5129);
#5125 = LINE('',#5126,#5127);
#5126 = CARTESIAN_POINT('',(0.,0.));
#5127 = VECTOR('',#5128,1.);
#5128 = DIRECTION('',(1.,0.));
#5129 = ( GEOMETRIC_REPRESENTATION_CONTEXT(2) 
PARAMETRIC_REPRESENTATION_CONTEXT() REPRESENTATION_CONTEXT('2D SPACE',''
  ) );
#5130 = ORIENTED_EDGE('',*,*,#3280,.F.);
#5131 = ADVANCED_FACE('',(#5132),#1068,.F.);
#5132 = FACE_BOUND('',#5133,.F.);
#5133 = EDGE_LOOP('',(#5134,#5135,#5136,#5157));
#5134 = ORIENTED_EDGE('',*,*,#5088,.F.);
#5135 = ORIENTED_EDGE('',*,*,#1055,.T.);
#5136 = ORIENTED_EDGE('',*,*,#5137,.T.);
#5137 = EDGE_CURVE('',#1030,#3325,#5138,.T.);
#5138 = SURFACE_CURVE('',#5139,(#5143,#5150),.PCURVE_S1.);
#5139 = LINE('',#5140,#5141);
#5140 = CARTESIAN_POINT('',(13.,-6.5,-1.));
#5141 = VECTOR('',#5142,1.);
#5142 = DIRECTION('',(0.,0.,1.));
#5143 = PCURVE('',#1068,#5144);
#5144 = DEFINITIONAL_REPRESENTATION('',(#5145),#5149);
#5145 = LINE('',#5146,#5147);
#5146 = CARTESIAN_POINT('',(0.,-3.));
#5147 = VECTOR('',#5148,1.);
#5148 = DIRECTION('',(1.,0.));
#5149 = ( GEOMETRIC_REPRESENTATION_CONTEXT(2) 
PARAMETRIC_REPRESENTATION_CONTEXT() REPRESENTATION_CONTEXT('2D SPACE',''
  ) );
#5150 = PCURVE('',#1044,#5151);
#5151 = DEFINITIONAL_REPRESENTATION('',(#5152),#5156);
#5152 = LINE('',#5153,#5154);
#5153 = CARTESIAN_POINT('',(0.,62.));
#5154 = VECTOR('',#5155,1.);
#5155 = DIRECTION('',(1.,0.));
#5156 = ( GEOMETRIC_REPRESENTATION_CONTEXT(2) 
PARAMETRIC_REPRESENTATION_CONTEXT() REPRESENTATION_CONTEXT('2D SPACE',''
  ) );
#5157 = ORIENTED_EDGE('',*,*,#3345,.F.);
#5158 = ADVANCED_FACE('',(#5159),#1018,.T.);
#5159 = FACE_BOUND('',#5160,.T.);
#5160 = EDGE_LOOP('',(#5161,#5162,#5163,#5184));
#5161 = ORIENTED_EDGE('',*,*,#5110,.F.);
#5162 = ORIENTED_EDGE('',*,*,#1003,.T.);
#5163 = ORIENTED_EDGE('',*,*,#5164,.T.);
#5164 = EDGE_CURVE('',#1004,#3304,#5165,.T.);
#5165 = SURFACE_CURVE('',#5166,(#5170,#5177),.PCURVE_S1.);
#5166 = LINE('',#5167,#5168);
#5167 = CARTESIAN_POINT('',(-49.,-6.5,-1.));
#5168 = VECTOR('',#5169,1.);
#5169 = DIRECTION('',(0.,0.,1.));
#5170 = PCURVE('',#1018,#5171);
#5171 = DEFINITIONAL_REPRESENTATION('',(#5172),#5176);
#5172 = LINE('',#5173,#5174);
#5173 = CARTESIAN_POINT('',(0.,-3.));
#5174 = VECTOR('',#5175,1.);
#5175 = DIRECTION('',(1.,0.));
#5176 = ( GEOMETRIC_REPRESENTATION_CONTEXT(2) 
PARAMETRIC_REPRESENTATION_CONTEXT() REPRESENTATION_CONTEXT('2D SPACE',''
  ) );
#5177 = PCURVE('',#1044,#5178);
#5178 = DEFINITIONAL_REPRESENTATION('',(#5179),#5183);
#5179 = LINE('',#5180,#5181);
#5180 = CARTESIAN_POINT('',(0.,0.));
#5181 = VECTOR('',#5182,1.);
#5182 = DIRECTION('',(1.,0.));
#5183 = ( GEOMETRIC_REPRESENTATION_CONTEXT(2) 
PARAMETRIC_REPRESENTATION_CONTEXT() REPRESENTATION_CONTEXT('2D SPACE',''
  ) );
#5184 = ORIENTED_EDGE('',*,*,#3303,.F.);
#5185 = ADVANCED_FACE('',(#5186),#1044,.F.);
#5186 = FACE_BOUND('',#5187,.F.);
#5187 = EDGE_LOOP('',(#5188,#5189,#5190,#5191));
#5188 = ORIENTED_EDGE('',*,*,#5137,.F.);
#5189 = ORIENTED_EDGE('',*,*,#1029,.T.);
#5190 = ORIENTED_EDGE('',*,*,#5164,.T.);
#5191 = ORIENTED_EDGE('',*,*,#3324,.F.);
#5192 = ADVANCED_FACE('',(#5193),#1102,.F.);
#5193 = FACE_BOUND('',#5194,.F.);
#5194 = EDGE_LOOP('',(#5195,#5219,#5240,#5241));
#5195 = ORIENTED_EDGE('',*,*,#5196,.T.);
#5196 = EDGE_CURVE('',#5197,#5197,#5199,.T.);
#5197 = VERTEX_POINT('',#5198);
#5198 = CARTESIAN_POINT('',(62.55,-38.,1.6));
#5199 = SURFACE_CURVE('',#5200,(#5205,#5212),.PCURVE_S1.);
#5200 = CIRCLE('',#5201,1.45);
#5201 = AXIS2_PLACEMENT_3D('',#5202,#5203,#5204);
#5202 = CARTESIAN_POINT('',(64.,-38.,1.6));
#5203 = DIRECTION('',(0.,0.,-1.));
#5204 = DIRECTION('',(0.,1.,0.));
#5205 = PCURVE('',#1102,#5206);
#5206 = DEFINITIONAL_REPRESENTATION('',(#5207),#5211);
#5207 = LINE('',#5208,#5209);
#5208 = CARTESIAN_POINT('',(-4.712388980385,1.4));
#5209 = VECTOR('',#5210,1.);
#5210 = DIRECTION('',(1.,0.));
#5211 = ( GEOMETRIC_REPRESENTATION_CONTEXT(2) 
PARAMETRIC_REPRESENTATION_CONTEXT() REPRESENTATION_CONTEXT('2D SPACE',''
  ) );
#5212 = PCURVE('',#3387,#5213);
#5213 = DEFINITIONAL_REPRESENTATION('',(#5214),#5218);
#5214 = LINE('',#5215,#5216);
#5215 = CARTESIAN_POINT('',(4.712388980385,-1.4));
#5216 = VECTOR('',#5217,1.);
#5217 = DIRECTION('',(-1.,-0.));
#5218 = ( GEOMETRIC_REPRESENTATION_CONTEXT(2) 
PARAMETRIC_REPRESENTATION_CONTEXT() REPRESENTATION_CONTEXT('2D SPACE',''
  ) );
#5219 = ORIENTED_EDGE('',*,*,#5220,.T.);
#5220 = EDGE_CURVE('',#5197,#1082,#5221,.T.);
#5221 = SEAM_CURVE('',#5222,(#5226,#5233),.PCURVE_S1.);
#5222 = LINE('',#5223,#5224);
#5223 = CARTESIAN_POINT('',(62.55,-38.,3.));
#5224 = VECTOR('',#5225,1.);
#5225 = DIRECTION('',(0.,0.,-1.));
#5226 = PCURVE('',#1102,#5227);
#5227 = DEFINITIONAL_REPRESENTATION('',(#5228),#5232);
#5228 = LINE('',#5229,#5230);
#5229 = CARTESIAN_POINT('',(0.,-0.));
#5230 = VECTOR('',#5231,1.);
#5231 = DIRECTION('',(0.,1.));
#5232 = ( GEOMETRIC_REPRESENTATION_CONTEXT(2) 
PARAMETRIC_REPRESENTATION_CONTEXT() REPRESENTATION_CONTEXT('2D SPACE',''
  ) );
#5233 = PCURVE('',#1102,#5234);
#5234 = DEFINITIONAL_REPRESENTATION('',(#5235),#5239);
#5235 = LINE('',#5236,#5237);
#5236 = CARTESIAN_POINT('',(6.28318530718,-0.));
#5237 = VECTOR('',#5238,1.);
#5238 = DIRECTION('',(0.,1.));
#5239 = ( GEOMETRIC_REPRESENTATION_CONTEXT(2) 
PARAMETRIC_REPRESENTATION_CONTEXT() REPRESENTATION_CONTEXT('2D SPACE',''
  ) );
#5240 = ORIENTED_EDGE('',*,*,#1081,.F.);
#5241 = ORIENTED_EDGE('',*,*,#5220,.F.);
#5242 = ADVANCED_FACE('',(#5243),#1133,.T.);
#5243 = FACE_BOUND('',#5244,.T.);
#5244 = EDGE_LOOP('',(#5245,#5266,#5267,#5288));
#5245 = ORIENTED_EDGE('',*,*,#5246,.F.);
#5246 = EDGE_CURVE('',#1117,#3402,#5247,.T.);
#5247 = SURFACE_CURVE('',#5248,(#5252,#5259),.PCURVE_S1.);
#5248 = LINE('',#5249,#5250);
#5249 = CARTESIAN_POINT('',(64.75,-25.5,-1.));
#5250 = VECTOR('',#5251,1.);
#5251 = DIRECTION('',(0.,0.,1.));
#5252 = PCURVE('',#1133,#5253);
#5253 = DEFINITIONAL_REPRESENTATION('',(#5254),#5258);
#5254 = LINE('',#5255,#5256);
#5255 = CARTESIAN_POINT('',(0.,44.));
#5256 = VECTOR('',#5257,1.);
#5257 = DIRECTION('',(1.,0.));
#5258 = ( GEOMETRIC_REPRESENTATION_CONTEXT(2) 
PARAMETRIC_REPRESENTATION_CONTEXT() REPRESENTATION_CONTEXT('2D SPACE',''
  ) );
#5259 = PCURVE('',#1209,#5260);
#5260 = DEFINITIONAL_REPRESENTATION('',(#5261),#5265);
#5261 = LINE('',#5262,#5263);
#5262 = CARTESIAN_POINT('',(0.,0.));
#5263 = VECTOR('',#5264,1.);
#5264 = DIRECTION('',(1.,0.));
#5265 = ( GEOMETRIC_REPRESENTATION_CONTEXT(2) 
PARAMETRIC_REPRESENTATION_CONTEXT() REPRESENTATION_CONTEXT('2D SPACE',''
  ) );
#5266 = ORIENTED_EDGE('',*,*,#1116,.T.);
#5267 = ORIENTED_EDGE('',*,*,#5268,.T.);
#5268 = EDGE_CURVE('',#1119,#3404,#5269,.T.);
#5269 = SURFACE_CURVE('',#5270,(#5274,#5281),.PCURVE_S1.);
#5270 = LINE('',#5271,#5272);
#5271 = CARTESIAN_POINT('',(20.75,-25.5,-1.));
#5272 = VECTOR('',#5273,1.);
#5273 = DIRECTION('',(0.,0.,1.));
#5274 = PCURVE('',#1133,#5275);
#5275 = DEFINITIONAL_REPRESENTATION('',(#5276),#5280);
#5276 = LINE('',#5277,#5278);
#5277 = CARTESIAN_POINT('',(0.,0.));
#5278 = VECTOR('',#5279,1.);
#5279 = DIRECTION('',(1.,0.));
#5280 = ( GEOMETRIC_REPRESENTATION_CONTEXT(2) 
PARAMETRIC_REPRESENTATION_CONTEXT() REPRESENTATION_CONTEXT('2D SPACE',''
  ) );
#5281 = PCURVE('',#1159,#5282);
#5282 = DEFINITIONAL_REPRESENTATION('',(#5283),#5287);
#5283 = LINE('',#5284,#5285);
#5284 = CARTESIAN_POINT('',(0.,0.));
#5285 = VECTOR('',#5286,1.);
#5286 = DIRECTION('',(1.,0.));
#5287 = ( GEOMETRIC_REPRESENTATION_CONTEXT(2) 
PARAMETRIC_REPRESENTATION_CONTEXT() REPRESENTATION_CONTEXT('2D SPACE',''
  ) );
#5288 = ORIENTED_EDGE('',*,*,#3401,.F.);
#5289 = ADVANCED_FACE('',(#5290),#1209,.F.);
#5290 = FACE_BOUND('',#5291,.F.);
#5291 = EDGE_LOOP('',(#5292,#5293,#5294,#5315));
#5292 = ORIENTED_EDGE('',*,*,#5246,.F.);
#5293 = ORIENTED_EDGE('',*,*,#1196,.T.);
#5294 = ORIENTED_EDGE('',*,*,#5295,.T.);
#5295 = EDGE_CURVE('',#1171,#3446,#5296,.T.);
#5296 = SURFACE_CURVE('',#5297,(#5301,#5308),.PCURVE_S1.);
#5297 = LINE('',#5298,#5299);
#5298 = CARTESIAN_POINT('',(64.75,-22.5,-1.));
#5299 = VECTOR('',#5300,1.);
#5300 = DIRECTION('',(0.,0.,1.));
#5301 = PCURVE('',#1209,#5302);
#5302 = DEFINITIONAL_REPRESENTATION('',(#5303),#5307);
#5303 = LINE('',#5304,#5305);
#5304 = CARTESIAN_POINT('',(0.,-3.));
#5305 = VECTOR('',#5306,1.);
#5306 = DIRECTION('',(1.,0.));
#5307 = ( GEOMETRIC_REPRESENTATION_CONTEXT(2) 
PARAMETRIC_REPRESENTATION_CONTEXT() REPRESENTATION_CONTEXT('2D SPACE',''
  ) );
#5308 = PCURVE('',#1185,#5309);
#5309 = DEFINITIONAL_REPRESENTATION('',(#5310),#5314);
#5310 = LINE('',#5311,#5312);
#5311 = CARTESIAN_POINT('',(0.,44.));
#5312 = VECTOR('',#5313,1.);
#5313 = DIRECTION('',(1.,0.));
#5314 = ( GEOMETRIC_REPRESENTATION_CONTEXT(2) 
PARAMETRIC_REPRESENTATION_CONTEXT() REPRESENTATION_CONTEXT('2D SPACE',''
  ) );
#5315 = ORIENTED_EDGE('',*,*,#3466,.F.);
#5316 = ADVANCED_FACE('',(#5317),#1159,.T.);
#5317 = FACE_BOUND('',#5318,.T.);
#5318 = EDGE_LOOP('',(#5319,#5320,#5321,#5342));
#5319 = ORIENTED_EDGE('',*,*,#5268,.F.);
#5320 = ORIENTED_EDGE('',*,*,#1144,.T.);
#5321 = ORIENTED_EDGE('',*,*,#5322,.T.);
#5322 = EDGE_CURVE('',#1145,#3425,#5323,.T.);
#5323 = SURFACE_CURVE('',#5324,(#5328,#5335),.PCURVE_S1.);
#5324 = LINE('',#5325,#5326);
#5325 = CARTESIAN_POINT('',(20.75,-22.5,-1.));
#5326 = VECTOR('',#5327,1.);
#5327 = DIRECTION('',(0.,0.,1.));
#5328 = PCURVE('',#1159,#5329);
#5329 = DEFINITIONAL_REPRESENTATION('',(#5330),#5334);
#5330 = LINE('',#5331,#5332);
#5331 = CARTESIAN_POINT('',(0.,-3.));
#5332 = VECTOR('',#5333,1.);
#5333 = DIRECTION('',(1.,0.));
#5334 = ( GEOMETRIC_REPRESENTATION_CONTEXT(2) 
PARAMETRIC_REPRESENTATION_CONTEXT() REPRESENTATION_CONTEXT('2D SPACE',''
  ) );
#5335 = PCURVE('',#1185,#5336);
#5336 = DEFINITIONAL_REPRESENTATION('',(#5337),#5341);
#5337 = LINE('',#5338,#5339);
#5338 = CARTESIAN_POINT('',(0.,0.));
#5339 = VECTOR('',#5340,1.);
#5340 = DIRECTION('',(1.,0.));
#5341 = ( GEOMETRIC_REPRESENTATION_CONTEXT(2) 
PARAMETRIC_REPRESENTATION_CONTEXT() REPRESENTATION_CONTEXT('2D SPACE',''
  ) );
#5342 = ORIENTED_EDGE('',*,*,#3424,.F.);
#5343 = ADVANCED_FACE('',(#5344),#1185,.F.);
#5344 = FACE_BOUND('',#5345,.F.);
#5345 = EDGE_LOOP('',(#5346,#5347,#5348,#5349));
#5346 = ORIENTED_EDGE('',*,*,#5295,.F.);
#5347 = ORIENTED_EDGE('',*,*,#1170,.T.);
#5348 = ORIENTED_EDGE('',*,*,#5322,.T.);
#5349 = ORIENTED_EDGE('',*,*,#3445,.F.);
#5350 = ADVANCED_FACE('',(#5351),#1239,.T.);
#5351 = FACE_BOUND('',#5352,.T.);
#5352 = EDGE_LOOP('',(#5353,#5374,#5375,#5396));
#5353 = ORIENTED_EDGE('',*,*,#5354,.F.);
#5354 = EDGE_CURVE('',#1223,#3488,#5355,.T.);
#5355 = SURFACE_CURVE('',#5356,(#5360,#5367),.PCURVE_S1.);
#5356 = LINE('',#5357,#5358);
#5357 = CARTESIAN_POINT('',(64.75,-17.5,-1.));
#5358 = VECTOR('',#5359,1.);
#5359 = DIRECTION('',(0.,0.,1.));
#5360 = PCURVE('',#1239,#5361);
#5361 = DEFINITIONAL_REPRESENTATION('',(#5362),#5366);
#5362 = LINE('',#5363,#5364);
#5363 = CARTESIAN_POINT('',(0.,44.));
#5364 = VECTOR('',#5365,1.);
#5365 = DIRECTION('',(1.,0.));
#5366 = ( GEOMETRIC_REPRESENTATION_CONTEXT(2) 
PARAMETRIC_REPRESENTATION_CONTEXT() REPRESENTATION_CONTEXT('2D SPACE',''
  ) );
#5367 = PCURVE('',#1315,#5368);
#5368 = DEFINITIONAL_REPRESENTATION('',(#5369),#5373);
#5369 = LINE('',#5370,#5371);
#5370 = CARTESIAN_POINT('',(0.,0.));
#5371 = VECTOR('',#5372,1.);
#5372 = DIRECTION('',(1.,0.));
#5373 = ( GEOMETRIC_REPRESENTATION_CONTEXT(2) 
PARAMETRIC_REPRESENTATION_CONTEXT() REPRESENTATION_CONTEXT('2D SPACE',''
  ) );
#5374 = ORIENTED_EDGE('',*,*,#1222,.T.);
#5375 = ORIENTED_EDGE('',*,*,#5376,.T.);
#5376 = EDGE_CURVE('',#1225,#3490,#5377,.T.);
#5377 = SURFACE_CURVE('',#5378,(#5382,#5389),.PCURVE_S1.);
#5378 = LINE('',#5379,#5380);
#5379 = CARTESIAN_POINT('',(20.75,-17.5,-1.));
#5380 = VECTOR('',#5381,1.);
#5381 = DIRECTION('',(0.,0.,1.));
#5382 = PCURVE('',#1239,#5383);
#5383 = DEFINITIONAL_REPRESENTATION('',(#5384),#5388);
#5384 = LINE('',#5385,#5386);
#5385 = CARTESIAN_POINT('',(0.,0.));
#5386 = VECTOR('',#5387,1.);
#5387 = DIRECTION('',(1.,0.));
#5388 = ( GEOMETRIC_REPRESENTATION_CONTEXT(2) 
PARAMETRIC_REPRESENTATION_CONTEXT() REPRESENTATION_CONTEXT('2D SPACE',''
  ) );
#5389 = PCURVE('',#1265,#5390);
#5390 = DEFINITIONAL_REPRESENTATION('',(#5391),#5395);
#5391 = LINE('',#5392,#5393);
#5392 = CARTESIAN_POINT('',(0.,0.));
#5393 = VECTOR('',#5394,1.);
#5394 = DIRECTION('',(1.,0.));
#5395 = ( GEOMETRIC_REPRESENTATION_CONTEXT(2) 
PARAMETRIC_REPRESENTATION_CONTEXT() REPRESENTATION_CONTEXT('2D SPACE',''
  ) );
#5396 = ORIENTED_EDGE('',*,*,#3487,.F.);
#5397 = ADVANCED_FACE('',(#5398),#1315,.F.);
#5398 = FACE_BOUND('',#5399,.F.);
#5399 = EDGE_LOOP('',(#5400,#5401,#5402,#5423));
#5400 = ORIENTED_EDGE('',*,*,#5354,.F.);
#5401 = ORIENTED_EDGE('',*,*,#1302,.T.);
#5402 = ORIENTED_EDGE('',*,*,#5403,.T.);
#5403 = EDGE_CURVE('',#1277,#3532,#5404,.T.);
#5404 = SURFACE_CURVE('',#5405,(#5409,#5416),.PCURVE_S1.);
#5405 = LINE('',#5406,#5407);
#5406 = CARTESIAN_POINT('',(64.75,-14.5,-1.));
#5407 = VECTOR('',#5408,1.);
#5408 = DIRECTION('',(0.,0.,1.));
#5409 = PCURVE('',#1315,#5410);
#5410 = DEFINITIONAL_REPRESENTATION('',(#5411),#5415);
#5411 = LINE('',#5412,#5413);
#5412 = CARTESIAN_POINT('',(0.,-3.));
#5413 = VECTOR('',#5414,1.);
#5414 = DIRECTION('',(1.,0.));
#5415 = ( GEOMETRIC_REPRESENTATION_CONTEXT(2) 
PARAMETRIC_REPRESENTATION_CONTEXT() REPRESENTATION_CONTEXT('2D SPACE',''
  ) );
#5416 = PCURVE('',#1291,#5417);
#5417 = DEFINITIONAL_REPRESENTATION('',(#5418),#5422);
#5418 = LINE('',#5419,#5420);
#5419 = CARTESIAN_POINT('',(0.,44.));
#5420 = VECTOR('',#5421,1.);
#5421 = DIRECTION('',(1.,0.));
#5422 = ( GEOMETRIC_REPRESENTATION_CONTEXT(2) 
PARAMETRIC_REPRESENTATION_CONTEXT() REPRESENTATION_CONTEXT('2D SPACE',''
  ) );
#5423 = ORIENTED_EDGE('',*,*,#3552,.F.);
#5424 = ADVANCED_FACE('',(#5425),#1265,.T.);
#5425 = FACE_BOUND('',#5426,.T.);
#5426 = EDGE_LOOP('',(#5427,#5428,#5429,#5450));
#5427 = ORIENTED_EDGE('',*,*,#5376,.F.);
#5428 = ORIENTED_EDGE('',*,*,#1250,.T.);
#5429 = ORIENTED_EDGE('',*,*,#5430,.T.);
#5430 = EDGE_CURVE('',#1251,#3511,#5431,.T.);
#5431 = SURFACE_CURVE('',#5432,(#5436,#5443),.PCURVE_S1.);
#5432 = LINE('',#5433,#5434);
#5433 = CARTESIAN_POINT('',(20.75,-14.5,-1.));
#5434 = VECTOR('',#5435,1.);
#5435 = DIRECTION('',(0.,0.,1.));
#5436 = PCURVE('',#1265,#5437);
#5437 = DEFINITIONAL_REPRESENTATION('',(#5438),#5442);
#5438 = LINE('',#5439,#5440);
#5439 = CARTESIAN_POINT('',(0.,-3.));
#5440 = VECTOR('',#5441,1.);
#5441 = DIRECTION('',(1.,0.));
#5442 = ( GEOMETRIC_REPRESENTATION_CONTEXT(2) 
PARAMETRIC_REPRESENTATION_CONTEXT() REPRESENTATION_CONTEXT('2D SPACE',''
  ) );
#5443 = PCURVE('',#1291,#5444);
#5444 = DEFINITIONAL_REPRESENTATION('',(#5445),#5449);
#5445 = LINE('',#5446,#5447);
#5446 = CARTESIAN_POINT('',(0.,0.));
#5447 = VECTOR('',#5448,1.);
#5448 = DIRECTION('',(1.,0.));
#5449 = ( GEOMETRIC_REPRESENTATION_CONTEXT(2) 
PARAMETRIC_REPRESENTATION_CONTEXT() REPRESENTATION_CONTEXT('2D SPACE',''
  ) );
#5450 = ORIENTED_EDGE('',*,*,#3510,.F.);
#5451 = ADVANCED_FACE('',(#5452),#1291,.F.);
#5452 = FACE_BOUND('',#5453,.F.);
#5453 = EDGE_LOOP('',(#5454,#5455,#5456,#5457));
#5454 = ORIENTED_EDGE('',*,*,#5403,.F.);
#5455 = ORIENTED_EDGE('',*,*,#1276,.T.);
#5456 = ORIENTED_EDGE('',*,*,#5430,.T.);
#5457 = ORIENTED_EDGE('',*,*,#3531,.F.);
#5458 = ADVANCED_FACE('',(#5459),#1345,.T.);
#5459 = FACE_BOUND('',#5460,.T.);
#5460 = EDGE_LOOP('',(#5461,#5482,#5483,#5504));
#5461 = ORIENTED_EDGE('',*,*,#5462,.F.);
#5462 = EDGE_CURVE('',#1329,#3574,#5463,.T.);
#5463 = SURFACE_CURVE('',#5464,(#5468,#5475),.PCURVE_S1.);
#5464 = LINE('',#5465,#5466);
#5465 = CARTESIAN_POINT('',(64.75,-9.5,-1.));
#5466 = VECTOR('',#5467,1.);
#5467 = DIRECTION('',(0.,0.,1.));
#5468 = PCURVE('',#1345,#5469);
#5469 = DEFINITIONAL_REPRESENTATION('',(#5470),#5474);
#5470 = LINE('',#5471,#5472);
#5471 = CARTESIAN_POINT('',(0.,44.));
#5472 = VECTOR('',#5473,1.);
#5473 = DIRECTION('',(1.,0.));
#5474 = ( GEOMETRIC_REPRESENTATION_CONTEXT(2) 
PARAMETRIC_REPRESENTATION_CONTEXT() REPRESENTATION_CONTEXT('2D SPACE',''
  ) );
#5475 = PCURVE('',#1421,#5476);
#5476 = DEFINITIONAL_REPRESENTATION('',(#5477),#5481);
#5477 = LINE('',#5478,#5479);
#5478 = CARTESIAN_POINT('',(0.,0.));
#5479 = VECTOR('',#5480,1.);
#5480 = DIRECTION('',(1.,0.));
#5481 = ( GEOMETRIC_REPRESENTATION_CONTEXT(2) 
PARAMETRIC_REPRESENTATION_CONTEXT() REPRESENTATION_CONTEXT('2D SPACE',''
  ) );
#5482 = ORIENTED_EDGE('',*,*,#1328,.T.);
#5483 = ORIENTED_EDGE('',*,*,#5484,.T.);
#5484 = EDGE_CURVE('',#1331,#3576,#5485,.T.);
#5485 = SURFACE_CURVE('',#5486,(#5490,#5497),.PCURVE_S1.);
#5486 = LINE('',#5487,#5488);
#5487 = CARTESIAN_POINT('',(20.75,-9.5,-1.));
#5488 = VECTOR('',#5489,1.);
#5489 = DIRECTION('',(0.,0.,1.));
#5490 = PCURVE('',#1345,#5491);
#5491 = DEFINITIONAL_REPRESENTATION('',(#5492),#5496);
#5492 = LINE('',#5493,#5494);
#5493 = CARTESIAN_POINT('',(0.,0.));
#5494 = VECTOR('',#5495,1.);
#5495 = DIRECTION('',(1.,0.));
#5496 = ( GEOMETRIC_REPRESENTATION_CONTEXT(2) 
PARAMETRIC_REPRESENTATION_CONTEXT() REPRESENTATION_CONTEXT('2D SPACE',''
  ) );
#5497 = PCURVE('',#1371,#5498);
#5498 = DEFINITIONAL_REPRESENTATION('',(#5499),#5503);
#5499 = LINE('',#5500,#5501);
#5500 = CARTESIAN_POINT('',(0.,0.));
#5501 = VECTOR('',#5502,1.);
#5502 = DIRECTION('',(1.,0.));
#5503 = ( GEOMETRIC_REPRESENTATION_CONTEXT(2) 
PARAMETRIC_REPRESENTATION_CONTEXT() REPRESENTATION_CONTEXT('2D SPACE',''
  ) );
#5504 = ORIENTED_EDGE('',*,*,#3573,.F.);
#5505 = ADVANCED_FACE('',(#5506),#1421,.F.);
#5506 = FACE_BOUND('',#5507,.F.);
#5507 = EDGE_LOOP('',(#5508,#5509,#5510,#5531));
#5508 = ORIENTED_EDGE('',*,*,#5462,.F.);
#5509 = ORIENTED_EDGE('',*,*,#1408,.T.);
#5510 = ORIENTED_EDGE('',*,*,#5511,.T.);
#5511 = EDGE_CURVE('',#1383,#3618,#5512,.T.);
#5512 = SURFACE_CURVE('',#5513,(#5517,#5524),.PCURVE_S1.);
#5513 = LINE('',#5514,#5515);
#5514 = CARTESIAN_POINT('',(64.75,-6.5,-1.));
#5515 = VECTOR('',#5516,1.);
#5516 = DIRECTION('',(0.,0.,1.));
#5517 = PCURVE('',#1421,#5518);
#5518 = DEFINITIONAL_REPRESENTATION('',(#5519),#5523);
#5519 = LINE('',#5520,#5521);
#5520 = CARTESIAN_POINT('',(0.,-3.));
#5521 = VECTOR('',#5522,1.);
#5522 = DIRECTION('',(1.,0.));
#5523 = ( GEOMETRIC_REPRESENTATION_CONTEXT(2) 
PARAMETRIC_REPRESENTATION_CONTEXT() REPRESENTATION_CONTEXT('2D SPACE',''
  ) );
#5524 = PCURVE('',#1397,#5525);
#5525 = DEFINITIONAL_REPRESENTATION('',(#5526),#5530);
#5526 = LINE('',#5527,#5528);
#5527 = CARTESIAN_POINT('',(0.,44.));
#5528 = VECTOR('',#5529,1.);
#5529 = DIRECTION('',(1.,0.));
#5530 = ( GEOMETRIC_REPRESENTATION_CONTEXT(2) 
PARAMETRIC_REPRESENTATION_CONTEXT() REPRESENTATION_CONTEXT('2D SPACE',''
  ) );
#5531 = ORIENTED_EDGE('',*,*,#3638,.F.);
#5532 = ADVANCED_FACE('',(#5533),#1371,.T.);
#5533 = FACE_BOUND('',#5534,.T.);
#5534 = EDGE_LOOP('',(#5535,#5536,#5537,#5558));
#5535 = ORIENTED_EDGE('',*,*,#5484,.F.);
#5536 = ORIENTED_EDGE('',*,*,#1356,.T.);
#5537 = ORIENTED_EDGE('',*,*,#5538,.T.);
#5538 = EDGE_CURVE('',#1357,#3597,#5539,.T.);
#5539 = SURFACE_CURVE('',#5540,(#5544,#5551),.PCURVE_S1.);
#5540 = LINE('',#5541,#5542);
#5541 = CARTESIAN_POINT('',(20.75,-6.5,-1.));
#5542 = VECTOR('',#5543,1.);
#5543 = DIRECTION('',(0.,0.,1.));
#5544 = PCURVE('',#1371,#5545);
#5545 = DEFINITIONAL_REPRESENTATION('',(#5546),#5550);
#5546 = LINE('',#5547,#5548);
#5547 = CARTESIAN_POINT('',(0.,-3.));
#5548 = VECTOR('',#5549,1.);
#5549 = DIRECTION('',(1.,0.));
#5550 = ( GEOMETRIC_REPRESENTATION_CONTEXT(2) 
PARAMETRIC_REPRESENTATION_CONTEXT() REPRESENTATION_CONTEXT('2D SPACE',''
  ) );
#5551 = PCURVE('',#1397,#5552);
#5552 = DEFINITIONAL_REPRESENTATION('',(#5553),#5557);
#5553 = LINE('',#5554,#5555);
#5554 = CARTESIAN_POINT('',(0.,0.));
#5555 = VECTOR('',#5556,1.);
#5556 = DIRECTION('',(1.,0.));
#5557 = ( GEOMETRIC_REPRESENTATION_CONTEXT(2) 
PARAMETRIC_REPRESENTATION_CONTEXT() REPRESENTATION_CONTEXT('2D SPACE',''
  ) );
#5558 = ORIENTED_EDGE('',*,*,#3596,.F.);
#5559 = ADVANCED_FACE('',(#5560),#1397,.F.);
#5560 = FACE_BOUND('',#5561,.F.);
#5561 = EDGE_LOOP('',(#5562,#5563,#5564,#5565));
#5562 = ORIENTED_EDGE('',*,*,#5511,.F.);
#5563 = ORIENTED_EDGE('',*,*,#1382,.T.);
#5564 = ORIENTED_EDGE('',*,*,#5538,.T.);
#5565 = ORIENTED_EDGE('',*,*,#3617,.F.);
#5566 = ADVANCED_FACE('',(#5567),#1451,.T.);
#5567 = FACE_BOUND('',#5568,.T.);
#5568 = EDGE_LOOP('',(#5569,#5590,#5591,#5592));
#5569 = ORIENTED_EDGE('',*,*,#5570,.F.);
#5570 = EDGE_CURVE('',#1435,#2970,#5571,.T.);
#5571 = SURFACE_CURVE('',#5572,(#5576,#5583),.PCURVE_S1.);
#5572 = LINE('',#5573,#5574);
#5573 = CARTESIAN_POINT('',(-53.,-1.5,-1.));
#5574 = VECTOR('',#5575,1.);
#5575 = DIRECTION('',(0.,0.,1.));
#5576 = PCURVE('',#1451,#5577);
#5577 = DEFINITIONAL_REPRESENTATION('',(#5578),#5582);
#5578 = LINE('',#5579,#5580);
#5579 = CARTESIAN_POINT('',(0.,16.));
#5580 = VECTOR('',#5581,1.);
#5581 = DIRECTION('',(1.,0.));
#5582 = ( GEOMETRIC_REPRESENTATION_CONTEXT(2) 
PARAMETRIC_REPRESENTATION_CONTEXT() REPRESENTATION_CONTEXT('2D SPACE',''
  ) );
#5583 = PCURVE('',#1522,#5584);
#5584 = DEFINITIONAL_REPRESENTATION('',(#5585),#5589);
#5585 = LINE('',#5586,#5587);
#5586 = CARTESIAN_POINT('',(0.,0.));
#5587 = VECTOR('',#5588,1.);
#5588 = DIRECTION('',(1.,0.));
#5589 = ( GEOMETRIC_REPRESENTATION_CONTEXT(2) 
PARAMETRIC_REPRESENTATION_CONTEXT() REPRESENTATION_CONTEXT('2D SPACE',''
  ) );
#5590 = ORIENTED_EDGE('',*,*,#1434,.T.);
#5591 = ORIENTED_EDGE('',*,*,#4466,.T.);
#5592 = ORIENTED_EDGE('',*,*,#2990,.F.);
#5593 = ADVANCED_FACE('',(#5594),#1522,.F.);
#5594 = FACE_BOUND('',#5595,.F.);
#5595 = EDGE_LOOP('',(#5596,#5597,#5598,#5619));
#5596 = ORIENTED_EDGE('',*,*,#5570,.F.);
#5597 = ORIENTED_EDGE('',*,*,#1509,.T.);
#5598 = ORIENTED_EDGE('',*,*,#5599,.T.);
#5599 = EDGE_CURVE('',#1484,#2949,#5600,.T.);
#5600 = SURFACE_CURVE('',#5601,(#5605,#5612),.PCURVE_S1.);
#5601 = LINE('',#5602,#5603);
#5602 = CARTESIAN_POINT('',(-53.,1.5,-1.));
#5603 = VECTOR('',#5604,1.);
#5604 = DIRECTION('',(0.,0.,1.));
#5605 = PCURVE('',#1522,#5606);
#5606 = DEFINITIONAL_REPRESENTATION('',(#5607),#5611);
#5607 = LINE('',#5608,#5609);
#5608 = CARTESIAN_POINT('',(0.,-3.));
#5609 = VECTOR('',#5610,1.);
#5610 = DIRECTION('',(1.,0.));
#5611 = ( GEOMETRIC_REPRESENTATION_CONTEXT(2) 
PARAMETRIC_REPRESENTATION_CONTEXT() REPRESENTATION_CONTEXT('2D SPACE',''
  ) );
#5612 = PCURVE('',#1498,#5613);
#5613 = DEFINITIONAL_REPRESENTATION('',(#5614),#5618);
#5614 = LINE('',#5615,#5616);
#5615 = CARTESIAN_POINT('',(0.,16.));
#5616 = VECTOR('',#5617,1.);
#5617 = DIRECTION('',(1.,0.));
#5618 = ( GEOMETRIC_REPRESENTATION_CONTEXT(2) 
PARAMETRIC_REPRESENTATION_CONTEXT() REPRESENTATION_CONTEXT('2D SPACE',''
  ) );
#5619 = ORIENTED_EDGE('',*,*,#2969,.F.);
#5620 = ADVANCED_FACE('',(#5621),#1498,.F.);
#5621 = FACE_BOUND('',#5622,.F.);
#5622 = EDGE_LOOP('',(#5623,#5624,#5625,#5626));
#5623 = ORIENTED_EDGE('',*,*,#5599,.F.);
#5624 = ORIENTED_EDGE('',*,*,#1483,.T.);
#5625 = ORIENTED_EDGE('',*,*,#4488,.T.);
#5626 = ORIENTED_EDGE('',*,*,#2948,.F.);
#5627 = ADVANCED_FACE('',(#5628),#1552,.T.);
#5628 = FACE_BOUND('',#5629,.T.);
#5629 = EDGE_LOOP('',(#5630,#5651,#5652,#5653));
#5630 = ORIENTED_EDGE('',*,*,#5631,.F.);
#5631 = EDGE_CURVE('',#1536,#2908,#5632,.T.);
#5632 = SURFACE_CURVE('',#5633,(#5637,#5644),.PCURVE_S1.);
#5633 = LINE('',#5634,#5635);
#5634 = CARTESIAN_POINT('',(-53.,6.5,-1.));
#5635 = VECTOR('',#5636,1.);
#5636 = DIRECTION('',(0.,0.,1.));
#5637 = PCURVE('',#1552,#5638);
#5638 = DEFINITIONAL_REPRESENTATION('',(#5639),#5643);
#5639 = LINE('',#5640,#5641);
#5640 = CARTESIAN_POINT('',(0.,16.));
#5641 = VECTOR('',#5642,1.);
#5642 = DIRECTION('',(1.,0.));
#5643 = ( GEOMETRIC_REPRESENTATION_CONTEXT(2) 
PARAMETRIC_REPRESENTATION_CONTEXT() REPRESENTATION_CONTEXT('2D SPACE',''
  ) );
#5644 = PCURVE('',#1623,#5645);
#5645 = DEFINITIONAL_REPRESENTATION('',(#5646),#5650);
#5646 = LINE('',#5647,#5648);
#5647 = CARTESIAN_POINT('',(0.,0.));
#5648 = VECTOR('',#5649,1.);
#5649 = DIRECTION('',(1.,0.));
#5650 = ( GEOMETRIC_REPRESENTATION_CONTEXT(2) 
PARAMETRIC_REPRESENTATION_CONTEXT() REPRESENTATION_CONTEXT('2D SPACE',''
  ) );
#5651 = ORIENTED_EDGE('',*,*,#1535,.T.);
#5652 = ORIENTED_EDGE('',*,*,#4513,.T.);
#5653 = ORIENTED_EDGE('',*,*,#2928,.F.);
#5654 = ADVANCED_FACE('',(#5655),#1623,.F.);
#5655 = FACE_BOUND('',#5656,.F.);
#5656 = EDGE_LOOP('',(#5657,#5658,#5659,#5680));
#5657 = ORIENTED_EDGE('',*,*,#5631,.F.);
#5658 = ORIENTED_EDGE('',*,*,#1610,.T.);
#5659 = ORIENTED_EDGE('',*,*,#5660,.T.);
#5660 = EDGE_CURVE('',#1585,#2887,#5661,.T.);
#5661 = SURFACE_CURVE('',#5662,(#5666,#5673),.PCURVE_S1.);
#5662 = LINE('',#5663,#5664);
#5663 = CARTESIAN_POINT('',(-53.,9.5,-1.));
#5664 = VECTOR('',#5665,1.);
#5665 = DIRECTION('',(0.,0.,1.));
#5666 = PCURVE('',#1623,#5667);
#5667 = DEFINITIONAL_REPRESENTATION('',(#5668),#5672);
#5668 = LINE('',#5669,#5670);
#5669 = CARTESIAN_POINT('',(0.,-3.));
#5670 = VECTOR('',#5671,1.);
#5671 = DIRECTION('',(1.,0.));
#5672 = ( GEOMETRIC_REPRESENTATION_CONTEXT(2) 
PARAMETRIC_REPRESENTATION_CONTEXT() REPRESENTATION_CONTEXT('2D SPACE',''
  ) );
#5673 = PCURVE('',#1599,#5674);
#5674 = DEFINITIONAL_REPRESENTATION('',(#5675),#5679);
#5675 = LINE('',#5676,#5677);
#5676 = CARTESIAN_POINT('',(0.,16.));
#5677 = VECTOR('',#5678,1.);
#5678 = DIRECTION('',(1.,0.));
#5679 = ( GEOMETRIC_REPRESENTATION_CONTEXT(2) 
PARAMETRIC_REPRESENTATION_CONTEXT() REPRESENTATION_CONTEXT('2D SPACE',''
  ) );
#5680 = ORIENTED_EDGE('',*,*,#2907,.F.);
#5681 = ADVANCED_FACE('',(#5682),#1599,.F.);
#5682 = FACE_BOUND('',#5683,.F.);
#5683 = EDGE_LOOP('',(#5684,#5685,#5686,#5687));
#5684 = ORIENTED_EDGE('',*,*,#5660,.F.);
#5685 = ORIENTED_EDGE('',*,*,#1584,.T.);
#5686 = ORIENTED_EDGE('',*,*,#4535,.T.);
#5687 = ORIENTED_EDGE('',*,*,#2886,.F.);
#5688 = ADVANCED_FACE('',(#5689),#1653,.T.);
#5689 = FACE_BOUND('',#5690,.T.);
#5690 = EDGE_LOOP('',(#5691,#5712,#5713,#5734));
#5691 = ORIENTED_EDGE('',*,*,#5692,.F.);
#5692 = EDGE_CURVE('',#1637,#3660,#5693,.T.);
#5693 = SURFACE_CURVE('',#5694,(#5698,#5705),.PCURVE_S1.);
#5694 = LINE('',#5695,#5696);
#5695 = CARTESIAN_POINT('',(13.,-1.5,-1.));
#5696 = VECTOR('',#5697,1.);
#5697 = DIRECTION('',(0.,0.,1.));
#5698 = PCURVE('',#1653,#5699);
#5699 = DEFINITIONAL_REPRESENTATION('',(#5700),#5704);
#5700 = LINE('',#5701,#5702);
#5701 = CARTESIAN_POINT('',(0.,62.));
#5702 = VECTOR('',#5703,1.);
#5703 = DIRECTION('',(1.,0.));
#5704 = ( GEOMETRIC_REPRESENTATION_CONTEXT(2) 
PARAMETRIC_REPRESENTATION_CONTEXT() REPRESENTATION_CONTEXT('2D SPACE',''
  ) );
#5705 = PCURVE('',#1729,#5706);
#5706 = DEFINITIONAL_REPRESENTATION('',(#5707),#5711);
#5707 = LINE('',#5708,#5709);
#5708 = CARTESIAN_POINT('',(0.,0.));
#5709 = VECTOR('',#5710,1.);
#5710 = DIRECTION('',(1.,0.));
#5711 = ( GEOMETRIC_REPRESENTATION_CONTEXT(2) 
PARAMETRIC_REPRESENTATION_CONTEXT() REPRESENTATION_CONTEXT('2D SPACE',''
  ) );
#5712 = ORIENTED_EDGE('',*,*,#1636,.T.);
#5713 = ORIENTED_EDGE('',*,*,#5714,.T.);
#5714 = EDGE_CURVE('',#1639,#3662,#5715,.T.);
#5715 = SURFACE_CURVE('',#5716,(#5720,#5727),.PCURVE_S1.);
#5716 = LINE('',#5717,#5718);
#5717 = CARTESIAN_POINT('',(-49.,-1.5,-1.));
#5718 = VECTOR('',#5719,1.);
#5719 = DIRECTION('',(0.,0.,1.));
#5720 = PCURVE('',#1653,#5721);
#5721 = DEFINITIONAL_REPRESENTATION('',(#5722),#5726);
#5722 = LINE('',#5723,#5724);
#5723 = CARTESIAN_POINT('',(0.,0.));
#5724 = VECTOR('',#5725,1.);
#5725 = DIRECTION('',(1.,0.));
#5726 = ( GEOMETRIC_REPRESENTATION_CONTEXT(2) 
PARAMETRIC_REPRESENTATION_CONTEXT() REPRESENTATION_CONTEXT('2D SPACE',''
  ) );
#5727 = PCURVE('',#1679,#5728);
#5728 = DEFINITIONAL_REPRESENTATION('',(#5729),#5733);
#5729 = LINE('',#5730,#5731);
#5730 = CARTESIAN_POINT('',(0.,0.));
#5731 = VECTOR('',#5732,1.);
#5732 = DIRECTION('',(1.,0.));
#5733 = ( GEOMETRIC_REPRESENTATION_CONTEXT(2) 
PARAMETRIC_REPRESENTATION_CONTEXT() REPRESENTATION_CONTEXT('2D SPACE',''
  ) );
#5734 = ORIENTED_EDGE('',*,*,#3659,.F.);
#5735 = ADVANCED_FACE('',(#5736),#1729,.F.);
#5736 = FACE_BOUND('',#5737,.F.);
#5737 = EDGE_LOOP('',(#5738,#5739,#5740,#5761));
#5738 = ORIENTED_EDGE('',*,*,#5692,.F.);
#5739 = ORIENTED_EDGE('',*,*,#1716,.T.);
#5740 = ORIENTED_EDGE('',*,*,#5741,.T.);
#5741 = EDGE_CURVE('',#1691,#3704,#5742,.T.);
#5742 = SURFACE_CURVE('',#5743,(#5747,#5754),.PCURVE_S1.);
#5743 = LINE('',#5744,#5745);
#5744 = CARTESIAN_POINT('',(13.,1.5,-1.));
#5745 = VECTOR('',#5746,1.);
#5746 = DIRECTION('',(0.,0.,1.));
#5747 = PCURVE('',#1729,#5748);
#5748 = DEFINITIONAL_REPRESENTATION('',(#5749),#5753);
#5749 = LINE('',#5750,#5751);
#5750 = CARTESIAN_POINT('',(0.,-3.));
#5751 = VECTOR('',#5752,1.);
#5752 = DIRECTION('',(1.,0.));
#5753 = ( GEOMETRIC_REPRESENTATION_CONTEXT(2) 
PARAMETRIC_REPRESENTATION_CONTEXT() REPRESENTATION_CONTEXT('2D SPACE',''
  ) );
#5754 = PCURVE('',#1705,#5755);
#5755 = DEFINITIONAL_REPRESENTATION('',(#5756),#5760);
#5756 = LINE('',#5757,#5758);
#5757 = CARTESIAN_POINT('',(0.,62.));
#5758 = VECTOR('',#5759,1.);
#5759 = DIRECTION('',(1.,0.));
#5760 = ( GEOMETRIC_REPRESENTATION_CONTEXT(2) 
PARAMETRIC_REPRESENTATION_CONTEXT() REPRESENTATION_CONTEXT('2D SPACE',''
  ) );
#5761 = ORIENTED_EDGE('',*,*,#3724,.F.);
#5762 = ADVANCED_FACE('',(#5763),#1679,.T.);
#5763 = FACE_BOUND('',#5764,.T.);
#5764 = EDGE_LOOP('',(#5765,#5766,#5767,#5788));
#5765 = ORIENTED_EDGE('',*,*,#5714,.F.);
#5766 = ORIENTED_EDGE('',*,*,#1664,.T.);
#5767 = ORIENTED_EDGE('',*,*,#5768,.T.);
#5768 = EDGE_CURVE('',#1665,#3683,#5769,.T.);
#5769 = SURFACE_CURVE('',#5770,(#5774,#5781),.PCURVE_S1.);
#5770 = LINE('',#5771,#5772);
#5771 = CARTESIAN_POINT('',(-49.,1.5,-1.));
#5772 = VECTOR('',#5773,1.);
#5773 = DIRECTION('',(0.,0.,1.));
#5774 = PCURVE('',#1679,#5775);
#5775 = DEFINITIONAL_REPRESENTATION('',(#5776),#5780);
#5776 = LINE('',#5777,#5778);
#5777 = CARTESIAN_POINT('',(0.,-3.));
#5778 = VECTOR('',#5779,1.);
#5779 = DIRECTION('',(1.,0.));
#5780 = ( GEOMETRIC_REPRESENTATION_CONTEXT(2) 
PARAMETRIC_REPRESENTATION_CONTEXT() REPRESENTATION_CONTEXT('2D SPACE',''
  ) );
#5781 = PCURVE('',#1705,#5782);
#5782 = DEFINITIONAL_REPRESENTATION('',(#5783),#5787);
#5783 = LINE('',#5784,#5785);
#5784 = CARTESIAN_POINT('',(0.,0.));
#5785 = VECTOR('',#5786,1.);
#5786 = DIRECTION('',(1.,0.));
#5787 = ( GEOMETRIC_REPRESENTATION_CONTEXT(2) 
PARAMETRIC_REPRESENTATION_CONTEXT() REPRESENTATION_CONTEXT('2D SPACE',''
  ) );
#5788 = ORIENTED_EDGE('',*,*,#3682,.F.);
#5789 = ADVANCED_FACE('',(#5790),#1705,.F.);
#5790 = FACE_BOUND('',#5791,.F.);
#5791 = EDGE_LOOP('',(#5792,#5793,#5794,#5795));
#5792 = ORIENTED_EDGE('',*,*,#5741,.F.);
#5793 = ORIENTED_EDGE('',*,*,#1690,.T.);
#5794 = ORIENTED_EDGE('',*,*,#5768,.T.);
#5795 = ORIENTED_EDGE('',*,*,#3703,.F.);
#5796 = ADVANCED_FACE('',(#5797),#1759,.T.);
#5797 = FACE_BOUND('',#5798,.T.);
#5798 = EDGE_LOOP('',(#5799,#5820,#5821,#5842));
#5799 = ORIENTED_EDGE('',*,*,#5800,.F.);
#5800 = EDGE_CURVE('',#1743,#3746,#5801,.T.);
#5801 = SURFACE_CURVE('',#5802,(#5806,#5813),.PCURVE_S1.);
#5802 = LINE('',#5803,#5804);
#5803 = CARTESIAN_POINT('',(13.,6.5,-1.));
#5804 = VECTOR('',#5805,1.);
#5805 = DIRECTION('',(0.,0.,1.));
#5806 = PCURVE('',#1759,#5807);
#5807 = DEFINITIONAL_REPRESENTATION('',(#5808),#5812);
#5808 = LINE('',#5809,#5810);
#5809 = CARTESIAN_POINT('',(0.,62.));
#5810 = VECTOR('',#5811,1.);
#5811 = DIRECTION('',(1.,0.));
#5812 = ( GEOMETRIC_REPRESENTATION_CONTEXT(2) 
PARAMETRIC_REPRESENTATION_CONTEXT() REPRESENTATION_CONTEXT('2D SPACE',''
  ) );
#5813 = PCURVE('',#1835,#5814);
#5814 = DEFINITIONAL_REPRESENTATION('',(#5815),#5819);
#5815 = LINE('',#5816,#5817);
#5816 = CARTESIAN_POINT('',(0.,0.));
#5817 = VECTOR('',#5818,1.);
#5818 = DIRECTION('',(1.,0.));
#5819 = ( GEOMETRIC_REPRESENTATION_CONTEXT(2) 
PARAMETRIC_REPRESENTATION_CONTEXT() REPRESENTATION_CONTEXT('2D SPACE',''
  ) );
#5820 = ORIENTED_EDGE('',*,*,#1742,.T.);
#5821 = ORIENTED_EDGE('',*,*,#5822,.T.);
#5822 = EDGE_CURVE('',#1745,#3748,#5823,.T.);
#5823 = SURFACE_CURVE('',#5824,(#5828,#5835),.PCURVE_S1.);
#5824 = LINE('',#5825,#5826);
#5825 = CARTESIAN_POINT('',(-49.,6.5,-1.));
#5826 = VECTOR('',#5827,1.);
#5827 = DIRECTION('',(0.,0.,1.));
#5828 = PCURVE('',#1759,#5829);
#5829 = DEFINITIONAL_REPRESENTATION('',(#5830),#5834);
#5830 = LINE('',#5831,#5832);
#5831 = CARTESIAN_POINT('',(0.,0.));
#5832 = VECTOR('',#5833,1.);
#5833 = DIRECTION('',(1.,0.));
#5834 = ( GEOMETRIC_REPRESENTATION_CONTEXT(2) 
PARAMETRIC_REPRESENTATION_CONTEXT() REPRESENTATION_CONTEXT('2D SPACE',''
  ) );
#5835 = PCURVE('',#1785,#5836);
#5836 = DEFINITIONAL_REPRESENTATION('',(#5837),#5841);
#5837 = LINE('',#5838,#5839);
#5838 = CARTESIAN_POINT('',(0.,0.));
#5839 = VECTOR('',#5840,1.);
#5840 = DIRECTION('',(1.,0.));
#5841 = ( GEOMETRIC_REPRESENTATION_CONTEXT(2) 
PARAMETRIC_REPRESENTATION_CONTEXT() REPRESENTATION_CONTEXT('2D SPACE',''
  ) );
#5842 = ORIENTED_EDGE('',*,*,#3745,.F.);
#5843 = ADVANCED_FACE('',(#5844),#1835,.F.);
#5844 = FACE_BOUND('',#5845,.F.);
#5845 = EDGE_LOOP('',(#5846,#5847,#5848,#5869));
#5846 = ORIENTED_EDGE('',*,*,#5800,.F.);
#5847 = ORIENTED_EDGE('',*,*,#1822,.T.);
#5848 = ORIENTED_EDGE('',*,*,#5849,.T.);
#5849 = EDGE_CURVE('',#1797,#3790,#5850,.T.);
#5850 = SURFACE_CURVE('',#5851,(#5855,#5862),.PCURVE_S1.);
#5851 = LINE('',#5852,#5853);
#5852 = CARTESIAN_POINT('',(13.,9.5,-1.));
#5853 = VECTOR('',#5854,1.);
#5854 = DIRECTION('',(0.,0.,1.));
#5855 = PCURVE('',#1835,#5856);
#5856 = DEFINITIONAL_REPRESENTATION('',(#5857),#5861);
#5857 = LINE('',#5858,#5859);
#5858 = CARTESIAN_POINT('',(0.,-3.));
#5859 = VECTOR('',#5860,1.);
#5860 = DIRECTION('',(1.,0.));
#5861 = ( GEOMETRIC_REPRESENTATION_CONTEXT(2) 
PARAMETRIC_REPRESENTATION_CONTEXT() REPRESENTATION_CONTEXT('2D SPACE',''
  ) );
#5862 = PCURVE('',#1811,#5863);
#5863 = DEFINITIONAL_REPRESENTATION('',(#5864),#5868);
#5864 = LINE('',#5865,#5866);
#5865 = CARTESIAN_POINT('',(0.,62.));
#5866 = VECTOR('',#5867,1.);
#5867 = DIRECTION('',(1.,0.));
#5868 = ( GEOMETRIC_REPRESENTATION_CONTEXT(2) 
PARAMETRIC_REPRESENTATION_CONTEXT() REPRESENTATION_CONTEXT('2D SPACE',''
  ) );
#5869 = ORIENTED_EDGE('',*,*,#3810,.F.);
#5870 = ADVANCED_FACE('',(#5871),#1785,.T.);
#5871 = FACE_BOUND('',#5872,.T.);
#5872 = EDGE_LOOP('',(#5873,#5874,#5875,#5896));
#5873 = ORIENTED_EDGE('',*,*,#5822,.F.);
#5874 = ORIENTED_EDGE('',*,*,#1770,.T.);
#5875 = ORIENTED_EDGE('',*,*,#5876,.T.);
#5876 = EDGE_CURVE('',#1771,#3769,#5877,.T.);
#5877 = SURFACE_CURVE('',#5878,(#5882,#5889),.PCURVE_S1.);
#5878 = LINE('',#5879,#5880);
#5879 = CARTESIAN_POINT('',(-49.,9.5,-1.));
#5880 = VECTOR('',#5881,1.);
#5881 = DIRECTION('',(0.,0.,1.));
#5882 = PCURVE('',#1785,#5883);
#5883 = DEFINITIONAL_REPRESENTATION('',(#5884),#5888);
#5884 = LINE('',#5885,#5886);
#5885 = CARTESIAN_POINT('',(0.,-3.));
#5886 = VECTOR('',#5887,1.);
#5887 = DIRECTION('',(1.,0.));
#5888 = ( GEOMETRIC_REPRESENTATION_CONTEXT(2) 
PARAMETRIC_REPRESENTATION_CONTEXT() REPRESENTATION_CONTEXT('2D SPACE',''
  ) );
#5889 = PCURVE('',#1811,#5890);
#5890 = DEFINITIONAL_REPRESENTATION('',(#5891),#5895);
#5891 = LINE('',#5892,#5893);
#5892 = CARTESIAN_POINT('',(0.,0.));
#5893 = VECTOR('',#5894,1.);
#5894 = DIRECTION('',(1.,0.));
#5895 = ( GEOMETRIC_REPRESENTATION_CONTEXT(2) 
PARAMETRIC_REPRESENTATION_CONTEXT() REPRESENTATION_CONTEXT('2D SPACE',''
  ) );
#5896 = ORIENTED_EDGE('',*,*,#3768,.F.);
#5897 = ADVANCED_FACE('',(#5898),#1811,.F.);
#5898 = FACE_BOUND('',#5899,.F.);
#5899 = EDGE_LOOP('',(#5900,#5901,#5902,#5903));
#5900 = ORIENTED_EDGE('',*,*,#5849,.F.);
#5901 = ORIENTED_EDGE('',*,*,#1796,.T.);
#5902 = ORIENTED_EDGE('',*,*,#5876,.T.);
#5903 = ORIENTED_EDGE('',*,*,#3789,.F.);
#5904 = ADVANCED_FACE('',(#5905),#1865,.T.);
#5905 = FACE_BOUND('',#5906,.T.);
#5906 = EDGE_LOOP('',(#5907,#5928,#5929,#5950));
#5907 = ORIENTED_EDGE('',*,*,#5908,.F.);
#5908 = EDGE_CURVE('',#1849,#3832,#5909,.T.);
#5909 = SURFACE_CURVE('',#5910,(#5914,#5921),.PCURVE_S1.);
#5910 = LINE('',#5911,#5912);
#5911 = CARTESIAN_POINT('',(13.,14.5,-1.));
#5912 = VECTOR('',#5913,1.);
#5913 = DIRECTION('',(0.,0.,1.));
#5914 = PCURVE('',#1865,#5915);
#5915 = DEFINITIONAL_REPRESENTATION('',(#5916),#5920);
#5916 = LINE('',#5917,#5918);
#5917 = CARTESIAN_POINT('',(0.,62.));
#5918 = VECTOR('',#5919,1.);
#5919 = DIRECTION('',(1.,0.));
#5920 = ( GEOMETRIC_REPRESENTATION_CONTEXT(2) 
PARAMETRIC_REPRESENTATION_CONTEXT() REPRESENTATION_CONTEXT('2D SPACE',''
  ) );
#5921 = PCURVE('',#1941,#5922);
#5922 = DEFINITIONAL_REPRESENTATION('',(#5923),#5927);
#5923 = LINE('',#5924,#5925);
#5924 = CARTESIAN_POINT('',(0.,0.));
#5925 = VECTOR('',#5926,1.);
#5926 = DIRECTION('',(1.,0.));
#5927 = ( GEOMETRIC_REPRESENTATION_CONTEXT(2) 
PARAMETRIC_REPRESENTATION_CONTEXT() REPRESENTATION_CONTEXT('2D SPACE',''
  ) );
#5928 = ORIENTED_EDGE('',*,*,#1848,.T.);
#5929 = ORIENTED_EDGE('',*,*,#5930,.T.);
#5930 = EDGE_CURVE('',#1851,#3834,#5931,.T.);
#5931 = SURFACE_CURVE('',#5932,(#5936,#5943),.PCURVE_S1.);
#5932 = LINE('',#5933,#5934);
#5933 = CARTESIAN_POINT('',(-49.,14.5,-1.));
#5934 = VECTOR('',#5935,1.);
#5935 = DIRECTION('',(0.,0.,1.));
#5936 = PCURVE('',#1865,#5937);
#5937 = DEFINITIONAL_REPRESENTATION('',(#5938),#5942);
#5938 = LINE('',#5939,#5940);
#5939 = CARTESIAN_POINT('',(0.,0.));
#5940 = VECTOR('',#5941,1.);
#5941 = DIRECTION('',(1.,0.));
#5942 = ( GEOMETRIC_REPRESENTATION_CONTEXT(2) 
PARAMETRIC_REPRESENTATION_CONTEXT() REPRESENTATION_CONTEXT('2D SPACE',''
  ) );
#5943 = PCURVE('',#1891,#5944);
#5944 = DEFINITIONAL_REPRESENTATION('',(#5945),#5949);
#5945 = LINE('',#5946,#5947);
#5946 = CARTESIAN_POINT('',(0.,0.));
#5947 = VECTOR('',#5948,1.);
#5948 = DIRECTION('',(1.,0.));
#5949 = ( GEOMETRIC_REPRESENTATION_CONTEXT(2) 
PARAMETRIC_REPRESENTATION_CONTEXT() REPRESENTATION_CONTEXT('2D SPACE',''
  ) );
#5950 = ORIENTED_EDGE('',*,*,#3831,.F.);
#5951 = ADVANCED_FACE('',(#5952),#1941,.F.);
#5952 = FACE_BOUND('',#5953,.F.);
#5953 = EDGE_LOOP('',(#5954,#5955,#5956,#5977));
#5954 = ORIENTED_EDGE('',*,*,#5908,.F.);
#5955 = ORIENTED_EDGE('',*,*,#1928,.T.);
#5956 = ORIENTED_EDGE('',*,*,#5957,.T.);
#5957 = EDGE_CURVE('',#1903,#3876,#5958,.T.);
#5958 = SURFACE_CURVE('',#5959,(#5963,#5970),.PCURVE_S1.);
#5959 = LINE('',#5960,#5961);
#5960 = CARTESIAN_POINT('',(13.,17.5,-1.));
#5961 = VECTOR('',#5962,1.);
#5962 = DIRECTION('',(0.,0.,1.));
#5963 = PCURVE('',#1941,#5964);
#5964 = DEFINITIONAL_REPRESENTATION('',(#5965),#5969);
#5965 = LINE('',#5966,#5967);
#5966 = CARTESIAN_POINT('',(0.,-3.));
#5967 = VECTOR('',#5968,1.);
#5968 = DIRECTION('',(1.,0.));
#5969 = ( GEOMETRIC_REPRESENTATION_CONTEXT(2) 
PARAMETRIC_REPRESENTATION_CONTEXT() REPRESENTATION_CONTEXT('2D SPACE',''
  ) );
#5970 = PCURVE('',#1917,#5971);
#5971 = DEFINITIONAL_REPRESENTATION('',(#5972),#5976);
#5972 = LINE('',#5973,#5974);
#5973 = CARTESIAN_POINT('',(0.,62.));
#5974 = VECTOR('',#5975,1.);
#5975 = DIRECTION('',(1.,0.));
#5976 = ( GEOMETRIC_REPRESENTATION_CONTEXT(2) 
PARAMETRIC_REPRESENTATION_CONTEXT() REPRESENTATION_CONTEXT('2D SPACE',''
  ) );
#5977 = ORIENTED_EDGE('',*,*,#3896,.F.);
#5978 = ADVANCED_FACE('',(#5979),#1891,.T.);
#5979 = FACE_BOUND('',#5980,.T.);
#5980 = EDGE_LOOP('',(#5981,#5982,#5983,#6004));
#5981 = ORIENTED_EDGE('',*,*,#5930,.F.);
#5982 = ORIENTED_EDGE('',*,*,#1876,.T.);
#5983 = ORIENTED_EDGE('',*,*,#5984,.T.);
#5984 = EDGE_CURVE('',#1877,#3855,#5985,.T.);
#5985 = SURFACE_CURVE('',#5986,(#5990,#5997),.PCURVE_S1.);
#5986 = LINE('',#5987,#5988);
#5987 = CARTESIAN_POINT('',(-49.,17.5,-1.));
#5988 = VECTOR('',#5989,1.);
#5989 = DIRECTION('',(0.,0.,1.));
#5990 = PCURVE('',#1891,#5991);
#5991 = DEFINITIONAL_REPRESENTATION('',(#5992),#5996);
#5992 = LINE('',#5993,#5994);
#5993 = CARTESIAN_POINT('',(0.,-3.));
#5994 = VECTOR('',#5995,1.);
#5995 = DIRECTION('',(1.,0.));
#5996 = ( GEOMETRIC_REPRESENTATION_CONTEXT(2) 
PARAMETRIC_REPRESENTATION_CONTEXT() REPRESENTATION_CONTEXT('2D SPACE',''
  ) );
#5997 = PCURVE('',#1917,#5998);
#5998 = DEFINITIONAL_REPRESENTATION('',(#5999),#6003);
#5999 = LINE('',#6000,#6001);
#6000 = CARTESIAN_POINT('',(0.,0.));
#6001 = VECTOR('',#6002,1.);
#6002 = DIRECTION('',(1.,0.));
#6003 = ( GEOMETRIC_REPRESENTATION_CONTEXT(2) 
PARAMETRIC_REPRESENTATION_CONTEXT() REPRESENTATION_CONTEXT('2D SPACE',''
  ) );
#6004 = ORIENTED_EDGE('',*,*,#3854,.F.);
#6005 = ADVANCED_FACE('',(#6006),#1917,.F.);
#6006 = FACE_BOUND('',#6007,.F.);
#6007 = EDGE_LOOP('',(#6008,#6009,#6010,#6011));
#6008 = ORIENTED_EDGE('',*,*,#5957,.F.);
#6009 = ORIENTED_EDGE('',*,*,#1902,.T.);
#6010 = ORIENTED_EDGE('',*,*,#5984,.T.);
#6011 = ORIENTED_EDGE('',*,*,#3875,.F.);
#6012 = ADVANCED_FACE('',(#6013),#1975,.F.);
#6013 = FACE_BOUND('',#6014,.F.);
#6014 = EDGE_LOOP('',(#6015,#6039,#6060,#6061));
#6015 = ORIENTED_EDGE('',*,*,#6016,.T.);
#6016 = EDGE_CURVE('',#6017,#6017,#6019,.T.);
#6017 = VERTEX_POINT('',#6018);
#6018 = CARTESIAN_POINT('',(-65.45,38.,1.6));
#6019 = SURFACE_CURVE('',#6020,(#6025,#6032),.PCURVE_S1.);
#6020 = CIRCLE('',#6021,1.45);
#6021 = AXIS2_PLACEMENT_3D('',#6022,#6023,#6024);
#6022 = CARTESIAN_POINT('',(-64.,38.,1.6));
#6023 = DIRECTION('',(0.,0.,-1.));
#6024 = DIRECTION('',(0.,1.,0.));
#6025 = PCURVE('',#1975,#6026);
#6026 = DEFINITIONAL_REPRESENTATION('',(#6027),#6031);
#6027 = LINE('',#6028,#6029);
#6028 = CARTESIAN_POINT('',(-4.712388980385,1.4));
#6029 = VECTOR('',#6030,1.);
#6030 = DIRECTION('',(1.,0.));
#6031 = ( GEOMETRIC_REPRESENTATION_CONTEXT(2) 
PARAMETRIC_REPRESENTATION_CONTEXT() REPRESENTATION_CONTEXT('2D SPACE',''
  ) );
#6032 = PCURVE('',#3938,#6033);
#6033 = DEFINITIONAL_REPRESENTATION('',(#6034),#6038);
#6034 = LINE('',#6035,#6036);
#6035 = CARTESIAN_POINT('',(4.712388980385,-1.4));
#6036 = VECTOR('',#6037,1.);
#6037 = DIRECTION('',(-1.,-0.));
#6038 = ( GEOMETRIC_REPRESENTATION_CONTEXT(2) 
PARAMETRIC_REPRESENTATION_CONTEXT() REPRESENTATION_CONTEXT('2D SPACE',''
  ) );
#6039 = ORIENTED_EDGE('',*,*,#6040,.T.);
#6040 = EDGE_CURVE('',#6017,#1955,#6041,.T.);
#6041 = SEAM_CURVE('',#6042,(#6046,#6053),.PCURVE_S1.);
#6042 = LINE('',#6043,#6044);
#6043 = CARTESIAN_POINT('',(-65.45,38.,3.));
#6044 = VECTOR('',#6045,1.);
#6045 = DIRECTION('',(0.,0.,-1.));
#6046 = PCURVE('',#1975,#6047);
#6047 = DEFINITIONAL_REPRESENTATION('',(#6048),#6052);
#6048 = LINE('',#6049,#6050);
#6049 = CARTESIAN_POINT('',(0.,-0.));
#6050 = VECTOR('',#6051,1.);
#6051 = DIRECTION('',(0.,1.));
#6052 = ( GEOMETRIC_REPRESENTATION_CONTEXT(2) 
PARAMETRIC_REPRESENTATION_CONTEXT() REPRESENTATION_CONTEXT('2D SPACE',''
  ) );
#6053 = PCURVE('',#1975,#6054);
#6054 = DEFINITIONAL_REPRESENTATION('',(#6055),#6059);
#6055 = LINE('',#6056,#6057);
#6056 = CARTESIAN_POINT('',(6.28318530718,-0.));
#6057 = VECTOR('',#6058,1.);
#6058 = DIRECTION('',(0.,1.));
#6059 = ( GEOMETRIC_REPRESENTATION_CONTEXT(2) 
PARAMETRIC_REPRESENTATION_CONTEXT() REPRESENTATION_CONTEXT('2D SPACE',''
  ) );
#6060 = ORIENTED_EDGE('',*,*,#1954,.F.);
#6061 = ORIENTED_EDGE('',*,*,#6040,.F.);
#6062 = ADVANCED_FACE('',(#6063),#2006,.T.);
#6063 = FACE_BOUND('',#6064,.T.);
#6064 = EDGE_LOOP('',(#6065,#6086,#6087,#6108));
#6065 = ORIENTED_EDGE('',*,*,#6066,.F.);
#6066 = EDGE_CURVE('',#1990,#3953,#6067,.T.);
#6067 = SURFACE_CURVE('',#6068,(#6072,#6079),.PCURVE_S1.);
#6068 = LINE('',#6069,#6070);
#6069 = CARTESIAN_POINT('',(13.,22.5,-1.));
#6070 = VECTOR('',#6071,1.);
#6071 = DIRECTION('',(0.,0.,1.));
#6072 = PCURVE('',#2006,#6073);
#6073 = DEFINITIONAL_REPRESENTATION('',(#6074),#6078);
#6074 = LINE('',#6075,#6076);
#6075 = CARTESIAN_POINT('',(0.,62.));
#6076 = VECTOR('',#6077,1.);
#6077 = DIRECTION('',(1.,0.));
#6078 = ( GEOMETRIC_REPRESENTATION_CONTEXT(2) 
PARAMETRIC_REPRESENTATION_CONTEXT() REPRESENTATION_CONTEXT('2D SPACE',''
  ) );
#6079 = PCURVE('',#2082,#6080);
#6080 = DEFINITIONAL_REPRESENTATION('',(#6081),#6085);
#6081 = LINE('',#6082,#6083);
#6082 = CARTESIAN_POINT('',(0.,0.));
#6083 = VECTOR('',#6084,1.);
#6084 = DIRECTION('',(1.,0.));
#6085 = ( GEOMETRIC_REPRESENTATION_CONTEXT(2) 
PARAMETRIC_REPRESENTATION_CONTEXT() REPRESENTATION_CONTEXT('2D SPACE',''
  ) );
#6086 = ORIENTED_EDGE('',*,*,#1989,.T.);
#6087 = ORIENTED_EDGE('',*,*,#6088,.T.);
#6088 = EDGE_CURVE('',#1992,#3955,#6089,.T.);
#6089 = SURFACE_CURVE('',#6090,(#6094,#6101),.PCURVE_S1.);
#6090 = LINE('',#6091,#6092);
#6091 = CARTESIAN_POINT('',(-49.,22.5,-1.));
#6092 = VECTOR('',#6093,1.);
#6093 = DIRECTION('',(0.,0.,1.));
#6094 = PCURVE('',#2006,#6095);
#6095 = DEFINITIONAL_REPRESENTATION('',(#6096),#6100);
#6096 = LINE('',#6097,#6098);
#6097 = CARTESIAN_POINT('',(0.,0.));
#6098 = VECTOR('',#6099,1.);
#6099 = DIRECTION('',(1.,0.));
#6100 = ( GEOMETRIC_REPRESENTATION_CONTEXT(2) 
PARAMETRIC_REPRESENTATION_CONTEXT() REPRESENTATION_CONTEXT('2D SPACE',''
  ) );
#6101 = PCURVE('',#2032,#6102);
#6102 = DEFINITIONAL_REPRESENTATION('',(#6103),#6107);
#6103 = LINE('',#6104,#6105);
#6104 = CARTESIAN_POINT('',(0.,0.));
#6105 = VECTOR('',#6106,1.);
#6106 = DIRECTION('',(1.,0.));
#6107 = ( GEOMETRIC_REPRESENTATION_CONTEXT(2) 
PARAMETRIC_REPRESENTATION_CONTEXT() REPRESENTATION_CONTEXT('2D SPACE',''
  ) );
#6108 = ORIENTED_EDGE('',*,*,#3952,.F.);
#6109 = ADVANCED_FACE('',(#6110),#2082,.F.);
#6110 = FACE_BOUND('',#6111,.F.);
#6111 = EDGE_LOOP('',(#6112,#6113,#6114,#6135));
#6112 = ORIENTED_EDGE('',*,*,#6066,.F.);
#6113 = ORIENTED_EDGE('',*,*,#2069,.T.);
#6114 = ORIENTED_EDGE('',*,*,#6115,.T.);
#6115 = EDGE_CURVE('',#2044,#3997,#6116,.T.);
#6116 = SURFACE_CURVE('',#6117,(#6121,#6128),.PCURVE_S1.);
#6117 = LINE('',#6118,#6119);
#6118 = CARTESIAN_POINT('',(13.,25.5,-1.));
#6119 = VECTOR('',#6120,1.);
#6120 = DIRECTION('',(0.,0.,1.));
#6121 = PCURVE('',#2082,#6122);
#6122 = DEFINITIONAL_REPRESENTATION('',(#6123),#6127);
#6123 = LINE('',#6124,#6125);
#6124 = CARTESIAN_POINT('',(0.,-3.));
#6125 = VECTOR('',#6126,1.);
#6126 = DIRECTION('',(1.,0.));
#6127 = ( GEOMETRIC_REPRESENTATION_CONTEXT(2) 
PARAMETRIC_REPRESENTATION_CONTEXT() REPRESENTATION_CONTEXT('2D SPACE',''
  ) );
#6128 = PCURVE('',#2058,#6129);
#6129 = DEFINITIONAL_REPRESENTATION('',(#6130),#6134);
#6130 = LINE('',#6131,#6132);
#6131 = CARTESIAN_POINT('',(0.,62.));
#6132 = VECTOR('',#6133,1.);
#6133 = DIRECTION('',(1.,0.));
#6134 = ( GEOMETRIC_REPRESENTATION_CONTEXT(2) 
PARAMETRIC_REPRESENTATION_CONTEXT() REPRESENTATION_CONTEXT('2D SPACE',''
  ) );
#6135 = ORIENTED_EDGE('',*,*,#4017,.F.);
#6136 = ADVANCED_FACE('',(#6137),#2032,.T.);
#6137 = FACE_BOUND('',#6138,.T.);
#6138 = EDGE_LOOP('',(#6139,#6140,#6141,#6162));
#6139 = ORIENTED_EDGE('',*,*,#6088,.F.);
#6140 = ORIENTED_EDGE('',*,*,#2017,.T.);
#6141 = ORIENTED_EDGE('',*,*,#6142,.T.);
#6142 = EDGE_CURVE('',#2018,#3976,#6143,.T.);
#6143 = SURFACE_CURVE('',#6144,(#6148,#6155),.PCURVE_S1.);
#6144 = LINE('',#6145,#6146);
#6145 = CARTESIAN_POINT('',(-49.,25.5,-1.));
#6146 = VECTOR('',#6147,1.);
#6147 = DIRECTION('',(0.,0.,1.));
#6148 = PCURVE('',#2032,#6149);
#6149 = DEFINITIONAL_REPRESENTATION('',(#6150),#6154);
#6150 = LINE('',#6151,#6152);
#6151 = CARTESIAN_POINT('',(0.,-3.));
#6152 = VECTOR('',#6153,1.);
#6153 = DIRECTION('',(1.,0.));
#6154 = ( GEOMETRIC_REPRESENTATION_CONTEXT(2) 
PARAMETRIC_REPRESENTATION_CONTEXT() REPRESENTATION_CONTEXT('2D SPACE',''
  ) );
#6155 = PCURVE('',#2058,#6156);
#6156 = DEFINITIONAL_REPRESENTATION('',(#6157),#6161);
#6157 = LINE('',#6158,#6159);
#6158 = CARTESIAN_POINT('',(0.,0.));
#6159 = VECTOR('',#6160,1.);
#6160 = DIRECTION('',(1.,0.));
#6161 = ( GEOMETRIC_REPRESENTATION_CONTEXT(2) 
PARAMETRIC_REPRESENTATION_CONTEXT() REPRESENTATION_CONTEXT('2D SPACE',''
  ) );
#6162 = ORIENTED_EDGE('',*,*,#3975,.F.);
#6163 = ADVANCED_FACE('',(#6164),#2058,.F.);
#6164 = FACE_BOUND('',#6165,.F.);
#6165 = EDGE_LOOP('',(#6166,#6167,#6168,#6169));
#6166 = ORIENTED_EDGE('',*,*,#6115,.F.);
#6167 = ORIENTED_EDGE('',*,*,#2043,.T.);
#6168 = ORIENTED_EDGE('',*,*,#6142,.T.);
#6169 = ORIENTED_EDGE('',*,*,#3996,.F.);
#6170 = ADVANCED_FACE('',(#6171),#2112,.T.);
#6171 = FACE_BOUND('',#6172,.T.);
#6172 = EDGE_LOOP('',(#6173,#6194,#6195,#6216));
#6173 = ORIENTED_EDGE('',*,*,#6174,.F.);
#6174 = EDGE_CURVE('',#2096,#4039,#6175,.T.);
#6175 = SURFACE_CURVE('',#6176,(#6180,#6187),.PCURVE_S1.);
#6176 = LINE('',#6177,#6178);
#6177 = CARTESIAN_POINT('',(64.75,-1.5,-1.));
#6178 = VECTOR('',#6179,1.);
#6179 = DIRECTION('',(0.,0.,1.));
#6180 = PCURVE('',#2112,#6181);
#6181 = DEFINITIONAL_REPRESENTATION('',(#6182),#6186);
#6182 = LINE('',#6183,#6184);
#6183 = CARTESIAN_POINT('',(0.,44.));
#6184 = VECTOR('',#6185,1.);
#6185 = DIRECTION('',(1.,0.));
#6186 = ( GEOMETRIC_REPRESENTATION_CONTEXT(2) 
PARAMETRIC_REPRESENTATION_CONTEXT() REPRESENTATION_CONTEXT('2D SPACE',''
  ) );
#6187 = PCURVE('',#2188,#6188);
#6188 = DEFINITIONAL_REPRESENTATION('',(#6189),#6193);
#6189 = LINE('',#6190,#6191);
#6190 = CARTESIAN_POINT('',(0.,0.));
#6191 = VECTOR('',#6192,1.);
#6192 = DIRECTION('',(1.,0.));
#6193 = ( GEOMETRIC_REPRESENTATION_CONTEXT(2) 
PARAMETRIC_REPRESENTATION_CONTEXT() REPRESENTATION_CONTEXT('2D SPACE',''
  ) );
#6194 = ORIENTED_EDGE('',*,*,#2095,.T.);
#6195 = ORIENTED_EDGE('',*,*,#6196,.T.);
#6196 = EDGE_CURVE('',#2098,#4041,#6197,.T.);
#6197 = SURFACE_CURVE('',#6198,(#6202,#6209),.PCURVE_S1.);
#6198 = LINE('',#6199,#6200);
#6199 = CARTESIAN_POINT('',(20.75,-1.5,-1.));
#6200 = VECTOR('',#6201,1.);
#6201 = DIRECTION('',(0.,0.,1.));
#6202 = PCURVE('',#2112,#6203);
#6203 = DEFINITIONAL_REPRESENTATION('',(#6204),#6208);
#6204 = LINE('',#6205,#6206);
#6205 = CARTESIAN_POINT('',(0.,0.));
#6206 = VECTOR('',#6207,1.);
#6207 = DIRECTION('',(1.,0.));
#6208 = ( GEOMETRIC_REPRESENTATION_CONTEXT(2) 
PARAMETRIC_REPRESENTATION_CONTEXT() REPRESENTATION_CONTEXT('2D SPACE',''
  ) );
#6209 = PCURVE('',#2138,#6210);
#6210 = DEFINITIONAL_REPRESENTATION('',(#6211),#6215);
#6211 = LINE('',#6212,#6213);
#6212 = CARTESIAN_POINT('',(0.,0.));
#6213 = VECTOR('',#6214,1.);
#6214 = DIRECTION('',(1.,0.));
#6215 = ( GEOMETRIC_REPRESENTATION_CONTEXT(2) 
PARAMETRIC_REPRESENTATION_CONTEXT() REPRESENTATION_CONTEXT('2D SPACE',''
  ) );
#6216 = ORIENTED_EDGE('',*,*,#4038,.F.);
#6217 = ADVANCED_FACE('',(#6218),#2188,.F.);
#6218 = FACE_BOUND('',#6219,.F.);
#6219 = EDGE_LOOP('',(#6220,#6221,#6222,#6243));
#6220 = ORIENTED_EDGE('',*,*,#6174,.F.);
#6221 = ORIENTED_EDGE('',*,*,#2175,.T.);
#6222 = ORIENTED_EDGE('',*,*,#6223,.T.);
#6223 = EDGE_CURVE('',#2150,#4083,#6224,.T.);
#6224 = SURFACE_CURVE('',#6225,(#6229,#6236),.PCURVE_S1.);
#6225 = LINE('',#6226,#6227);
#6226 = CARTESIAN_POINT('',(64.75,1.5,-1.));
#6227 = VECTOR('',#6228,1.);
#6228 = DIRECTION('',(0.,0.,1.));
#6229 = PCURVE('',#2188,#6230);
#6230 = DEFINITIONAL_REPRESENTATION('',(#6231),#6235);
#6231 = LINE('',#6232,#6233);
#6232 = CARTESIAN_POINT('',(0.,-3.));
#6233 = VECTOR('',#6234,1.);
#6234 = DIRECTION('',(1.,0.));
#6235 = ( GEOMETRIC_REPRESENTATION_CONTEXT(2) 
PARAMETRIC_REPRESENTATION_CONTEXT() REPRESENTATION_CONTEXT('2D SPACE',''
  ) );
#6236 = PCURVE('',#2164,#6237);
#6237 = DEFINITIONAL_REPRESENTATION('',(#6238),#6242);
#6238 = LINE('',#6239,#6240);
#6239 = CARTESIAN_POINT('',(0.,44.));
#6240 = VECTOR('',#6241,1.);
#6241 = DIRECTION('',(1.,0.));
#6242 = ( GEOMETRIC_REPRESENTATION_CONTEXT(2) 
PARAMETRIC_REPRESENTATION_CONTEXT() REPRESENTATION_CONTEXT('2D SPACE',''
  ) );
#6243 = ORIENTED_EDGE('',*,*,#4103,.F.);
#6244 = ADVANCED_FACE('',(#6245),#2138,.T.);
#6245 = FACE_BOUND('',#6246,.T.);
#6246 = EDGE_LOOP('',(#6247,#6248,#6249,#6270));
#6247 = ORIENTED_EDGE('',*,*,#6196,.F.);
#6248 = ORIENTED_EDGE('',*,*,#2123,.T.);
#6249 = ORIENTED_EDGE('',*,*,#6250,.T.);
#6250 = EDGE_CURVE('',#2124,#4062,#6251,.T.);
#6251 = SURFACE_CURVE('',#6252,(#6256,#6263),.PCURVE_S1.);
#6252 = LINE('',#6253,#6254);
#6253 = CARTESIAN_POINT('',(20.75,1.5,-1.));
#6254 = VECTOR('',#6255,1.);
#6255 = DIRECTION('',(0.,0.,1.));
#6256 = PCURVE('',#2138,#6257);
#6257 = DEFINITIONAL_REPRESENTATION('',(#6258),#6262);
#6258 = LINE('',#6259,#6260);
#6259 = CARTESIAN_POINT('',(0.,-3.));
#6260 = VECTOR('',#6261,1.);
#6261 = DIRECTION('',(1.,0.));
#6262 = ( GEOMETRIC_REPRESENTATION_CONTEXT(2) 
PARAMETRIC_REPRESENTATION_CONTEXT() REPRESENTATION_CONTEXT('2D SPACE',''
  ) );
#6263 = PCURVE('',#2164,#6264);
#6264 = DEFINITIONAL_REPRESENTATION('',(#6265),#6269);
#6265 = LINE('',#6266,#6267);
#6266 = CARTESIAN_POINT('',(0.,0.));
#6267 = VECTOR('',#6268,1.);
#6268 = DIRECTION('',(1.,0.));
#6269 = ( GEOMETRIC_REPRESENTATION_CONTEXT(2) 
PARAMETRIC_REPRESENTATION_CONTEXT() REPRESENTATION_CONTEXT('2D SPACE',''
  ) );
#6270 = ORIENTED_EDGE('',*,*,#4061,.F.);
#6271 = ADVANCED_FACE('',(#6272),#2164,.F.);
#6272 = FACE_BOUND('',#6273,.F.);
#6273 = EDGE_LOOP('',(#6274,#6275,#6276,#6277));
#6274 = ORIENTED_EDGE('',*,*,#6223,.F.);
#6275 = ORIENTED_EDGE('',*,*,#2149,.T.);
#6276 = ORIENTED_EDGE('',*,*,#6250,.T.);
#6277 = ORIENTED_EDGE('',*,*,#4082,.F.);
#6278 = ADVANCED_FACE('',(#6279),#2218,.T.);
#6279 = FACE_BOUND('',#6280,.T.);
#6280 = EDGE_LOOP('',(#6281,#6302,#6303,#6324));
#6281 = ORIENTED_EDGE('',*,*,#6282,.F.);
#6282 = EDGE_CURVE('',#2202,#4125,#6283,.T.);
#6283 = SURFACE_CURVE('',#6284,(#6288,#6295),.PCURVE_S1.);
#6284 = LINE('',#6285,#6286);
#6285 = CARTESIAN_POINT('',(64.75,6.5,-1.));
#6286 = VECTOR('',#6287,1.);
#6287 = DIRECTION('',(0.,0.,1.));
#6288 = PCURVE('',#2218,#6289);
#6289 = DEFINITIONAL_REPRESENTATION('',(#6290),#6294);
#6290 = LINE('',#6291,#6292);
#6291 = CARTESIAN_POINT('',(0.,44.));
#6292 = VECTOR('',#6293,1.);
#6293 = DIRECTION('',(1.,0.));
#6294 = ( GEOMETRIC_REPRESENTATION_CONTEXT(2) 
PARAMETRIC_REPRESENTATION_CONTEXT() REPRESENTATION_CONTEXT('2D SPACE',''
  ) );
#6295 = PCURVE('',#2294,#6296);
#6296 = DEFINITIONAL_REPRESENTATION('',(#6297),#6301);
#6297 = LINE('',#6298,#6299);
#6298 = CARTESIAN_POINT('',(0.,0.));
#6299 = VECTOR('',#6300,1.);
#6300 = DIRECTION('',(1.,0.));
#6301 = ( GEOMETRIC_REPRESENTATION_CONTEXT(2) 
PARAMETRIC_REPRESENTATION_CONTEXT() REPRESENTATION_CONTEXT('2D SPACE',''
  ) );
#6302 = ORIENTED_EDGE('',*,*,#2201,.T.);
#6303 = ORIENTED_EDGE('',*,*,#6304,.T.);
#6304 = EDGE_CURVE('',#2204,#4127,#6305,.T.);
#6305 = SURFACE_CURVE('',#6306,(#6310,#6317),.PCURVE_S1.);
#6306 = LINE('',#6307,#6308);
#6307 = CARTESIAN_POINT('',(20.75,6.5,-1.));
#6308 = VECTOR('',#6309,1.);
#6309 = DIRECTION('',(0.,0.,1.));
#6310 = PCURVE('',#2218,#6311);
#6311 = DEFINITIONAL_REPRESENTATION('',(#6312),#6316);
#6312 = LINE('',#6313,#6314);
#6313 = CARTESIAN_POINT('',(0.,0.));
#6314 = VECTOR('',#6315,1.);
#6315 = DIRECTION('',(1.,0.));
#6316 = ( GEOMETRIC_REPRESENTATION_CONTEXT(2) 
PARAMETRIC_REPRESENTATION_CONTEXT() REPRESENTATION_CONTEXT('2D SPACE',''
  ) );
#6317 = PCURVE('',#2244,#6318);
#6318 = DEFINITIONAL_REPRESENTATION('',(#6319),#6323);
#6319 = LINE('',#6320,#6321);
#6320 = CARTESIAN_POINT('',(0.,0.));
#6321 = VECTOR('',#6322,1.);
#6322 = DIRECTION('',(1.,0.));
#6323 = ( GEOMETRIC_REPRESENTATION_CONTEXT(2) 
PARAMETRIC_REPRESENTATION_CONTEXT() REPRESENTATION_CONTEXT('2D SPACE',''
  ) );
#6324 = ORIENTED_EDGE('',*,*,#4124,.F.);
#6325 = ADVANCED_FACE('',(#6326),#2294,.F.);
#6326 = FACE_BOUND('',#6327,.F.);
#6327 = EDGE_LOOP('',(#6328,#6329,#6330,#6351));
#6328 = ORIENTED_EDGE('',*,*,#6282,.F.);
#6329 = ORIENTED_EDGE('',*,*,#2281,.T.);
#6330 = ORIENTED_EDGE('',*,*,#6331,.T.);
#6331 = EDGE_CURVE('',#2256,#4169,#6332,.T.);
#6332 = SURFACE_CURVE('',#6333,(#6337,#6344),.PCURVE_S1.);
#6333 = LINE('',#6334,#6335);
#6334 = CARTESIAN_POINT('',(64.75,9.5,-1.));
#6335 = VECTOR('',#6336,1.);
#6336 = DIRECTION('',(0.,0.,1.));
#6337 = PCURVE('',#2294,#6338);
#6338 = DEFINITIONAL_REPRESENTATION('',(#6339),#6343);
#6339 = LINE('',#6340,#6341);
#6340 = CARTESIAN_POINT('',(0.,-3.));
#6341 = VECTOR('',#6342,1.);
#6342 = DIRECTION('',(1.,0.));
#6343 = ( GEOMETRIC_REPRESENTATION_CONTEXT(2) 
PARAMETRIC_REPRESENTATION_CONTEXT() REPRESENTATION_CONTEXT('2D SPACE',''
  ) );
#6344 = PCURVE('',#2270,#6345);
#6345 = DEFINITIONAL_REPRESENTATION('',(#6346),#6350);
#6346 = LINE('',#6347,#6348);
#6347 = CARTESIAN_POINT('',(0.,44.));
#6348 = VECTOR('',#6349,1.);
#6349 = DIRECTION('',(1.,0.));
#6350 = ( GEOMETRIC_REPRESENTATION_CONTEXT(2) 
PARAMETRIC_REPRESENTATION_CONTEXT() REPRESENTATION_CONTEXT('2D SPACE',''
  ) );
#6351 = ORIENTED_EDGE('',*,*,#4189,.F.);
#6352 = ADVANCED_FACE('',(#6353),#2244,.T.);
#6353 = FACE_BOUND('',#6354,.T.);
#6354 = EDGE_LOOP('',(#6355,#6356,#6357,#6378));
#6355 = ORIENTED_EDGE('',*,*,#6304,.F.);
#6356 = ORIENTED_EDGE('',*,*,#2229,.T.);
#6357 = ORIENTED_EDGE('',*,*,#6358,.T.);
#6358 = EDGE_CURVE('',#2230,#4148,#6359,.T.);
#6359 = SURFACE_CURVE('',#6360,(#6364,#6371),.PCURVE_S1.);
#6360 = LINE('',#6361,#6362);
#6361 = CARTESIAN_POINT('',(20.75,9.5,-1.));
#6362 = VECTOR('',#6363,1.);
#6363 = DIRECTION('',(0.,0.,1.));
#6364 = PCURVE('',#2244,#6365);
#6365 = DEFINITIONAL_REPRESENTATION('',(#6366),#6370);
#6366 = LINE('',#6367,#6368);
#6367 = CARTESIAN_POINT('',(0.,-3.));
#6368 = VECTOR('',#6369,1.);
#6369 = DIRECTION('',(1.,0.));
#6370 = ( GEOMETRIC_REPRESENTATION_CONTEXT(2) 
PARAMETRIC_REPRESENTATION_CONTEXT() REPRESENTATION_CONTEXT('2D SPACE',''
  ) );
#6371 = PCURVE('',#2270,#6372);
#6372 = DEFINITIONAL_REPRESENTATION('',(#6373),#6377);
#6373 = LINE('',#6374,#6375);
#6374 = CARTESIAN_POINT('',(0.,0.));
#6375 = VECTOR('',#6376,1.);
#6376 = DIRECTION('',(1.,0.));
#6377 = ( GEOMETRIC_REPRESENTATION_CONTEXT(2) 
PARAMETRIC_REPRESENTATION_CONTEXT() REPRESENTATION_CONTEXT('2D SPACE',''
  ) );
#6378 = ORIENTED_EDGE('',*,*,#4147,.F.);
#6379 = ADVANCED_FACE('',(#6380),#2270,.F.);
#6380 = FACE_BOUND('',#6381,.F.);
#6381 = EDGE_LOOP('',(#6382,#6383,#6384,#6385));
#6382 = ORIENTED_EDGE('',*,*,#6331,.F.);
#6383 = ORIENTED_EDGE('',*,*,#2255,.T.);
#6384 = ORIENTED_EDGE('',*,*,#6358,.T.);
#6385 = ORIENTED_EDGE('',*,*,#4168,.F.);
#6386 = ADVANCED_FACE('',(#6387),#2324,.T.);
#6387 = FACE_BOUND('',#6388,.T.);
#6388 = EDGE_LOOP('',(#6389,#6410,#6411,#6432));
#6389 = ORIENTED_EDGE('',*,*,#6390,.F.);
#6390 = EDGE_CURVE('',#2308,#4211,#6391,.T.);
#6391 = SURFACE_CURVE('',#6392,(#6396,#6403),.PCURVE_S1.);
#6392 = LINE('',#6393,#6394);
#6393 = CARTESIAN_POINT('',(64.75,14.5,-1.));
#6394 = VECTOR('',#6395,1.);
#6395 = DIRECTION('',(0.,0.,1.));
#6396 = PCURVE('',#2324,#6397);
#6397 = DEFINITIONAL_REPRESENTATION('',(#6398),#6402);
#6398 = LINE('',#6399,#6400);
#6399 = CARTESIAN_POINT('',(0.,44.));
#6400 = VECTOR('',#6401,1.);
#6401 = DIRECTION('',(1.,0.));
#6402 = ( GEOMETRIC_REPRESENTATION_CONTEXT(2) 
PARAMETRIC_REPRESENTATION_CONTEXT() REPRESENTATION_CONTEXT('2D SPACE',''
  ) );
#6403 = PCURVE('',#2400,#6404);
#6404 = DEFINITIONAL_REPRESENTATION('',(#6405),#6409);
#6405 = LINE('',#6406,#6407);
#6406 = CARTESIAN_POINT('',(0.,0.));
#6407 = VECTOR('',#6408,1.);
#6408 = DIRECTION('',(1.,0.));
#6409 = ( GEOMETRIC_REPRESENTATION_CONTEXT(2) 
PARAMETRIC_REPRESENTATION_CONTEXT() REPRESENTATION_CONTEXT('2D SPACE',''
  ) );
#6410 = ORIENTED_EDGE('',*,*,#2307,.T.);
#6411 = ORIENTED_EDGE('',*,*,#6412,.T.);
#6412 = EDGE_CURVE('',#2310,#4213,#6413,.T.);
#6413 = SURFACE_CURVE('',#6414,(#6418,#6425),.PCURVE_S1.);
#6414 = LINE('',#6415,#6416);
#6415 = CARTESIAN_POINT('',(20.75,14.5,-1.));
#6416 = VECTOR('',#6417,1.);
#6417 = DIRECTION('',(0.,0.,1.));
#6418 = PCURVE('',#2324,#6419);
#6419 = DEFINITIONAL_REPRESENTATION('',(#6420),#6424);
#6420 = LINE('',#6421,#6422);
#6421 = CARTESIAN_POINT('',(0.,0.));
#6422 = VECTOR('',#6423,1.);
#6423 = DIRECTION('',(1.,0.));
#6424 = ( GEOMETRIC_REPRESENTATION_CONTEXT(2) 
PARAMETRIC_REPRESENTATION_CONTEXT() REPRESENTATION_CONTEXT('2D SPACE',''
  ) );
#6425 = PCURVE('',#2350,#6426);
#6426 = DEFINITIONAL_REPRESENTATION('',(#6427),#6431);
#6427 = LINE('',#6428,#6429);
#6428 = CARTESIAN_POINT('',(0.,0.));
#6429 = VECTOR('',#6430,1.);
#6430 = DIRECTION('',(1.,0.));
#6431 = ( GEOMETRIC_REPRESENTATION_CONTEXT(2) 
PARAMETRIC_REPRESENTATION_CONTEXT() REPRESENTATION_CONTEXT('2D SPACE',''
  ) );
#6432 = ORIENTED_EDGE('',*,*,#4210,.F.);
#6433 = ADVANCED_FACE('',(#6434),#2400,.F.);
#6434 = FACE_BOUND('',#6435,.F.);
#6435 = EDGE_LOOP('',(#6436,#6437,#6438,#6459));
#6436 = ORIENTED_EDGE('',*,*,#6390,.F.);
#6437 = ORIENTED_EDGE('',*,*,#2387,.T.);
#6438 = ORIENTED_EDGE('',*,*,#6439,.T.);
#6439 = EDGE_CURVE('',#2362,#4255,#6440,.T.);
#6440 = SURFACE_CURVE('',#6441,(#6445,#6452),.PCURVE_S1.);
#6441 = LINE('',#6442,#6443);
#6442 = CARTESIAN_POINT('',(64.75,17.5,-1.));
#6443 = VECTOR('',#6444,1.);
#6444 = DIRECTION('',(0.,0.,1.));
#6445 = PCURVE('',#2400,#6446);
#6446 = DEFINITIONAL_REPRESENTATION('',(#6447),#6451);
#6447 = LINE('',#6448,#6449);
#6448 = CARTESIAN_POINT('',(0.,-3.));
#6449 = VECTOR('',#6450,1.);
#6450 = DIRECTION('',(1.,0.));
#6451 = ( GEOMETRIC_REPRESENTATION_CONTEXT(2) 
PARAMETRIC_REPRESENTATION_CONTEXT() REPRESENTATION_CONTEXT('2D SPACE',''
  ) );
#6452 = PCURVE('',#2376,#6453);
#6453 = DEFINITIONAL_REPRESENTATION('',(#6454),#6458);
#6454 = LINE('',#6455,#6456);
#6455 = CARTESIAN_POINT('',(0.,44.));
#6456 = VECTOR('',#6457,1.);
#6457 = DIRECTION('',(1.,0.));
#6458 = ( GEOMETRIC_REPRESENTATION_CONTEXT(2) 
PARAMETRIC_REPRESENTATION_CONTEXT() REPRESENTATION_CONTEXT('2D SPACE',''
  ) );
#6459 = ORIENTED_EDGE('',*,*,#4275,.F.);
#6460 = ADVANCED_FACE('',(#6461),#2350,.T.);
#6461 = FACE_BOUND('',#6462,.T.);
#6462 = EDGE_LOOP('',(#6463,#6464,#6465,#6486));
#6463 = ORIENTED_EDGE('',*,*,#6412,.F.);
#6464 = ORIENTED_EDGE('',*,*,#2335,.T.);
#6465 = ORIENTED_EDGE('',*,*,#6466,.T.);
#6466 = EDGE_CURVE('',#2336,#4234,#6467,.T.);
#6467 = SURFACE_CURVE('',#6468,(#6472,#6479),.PCURVE_S1.);
#6468 = LINE('',#6469,#6470);
#6469 = CARTESIAN_POINT('',(20.75,17.5,-1.));
#6470 = VECTOR('',#6471,1.);
#6471 = DIRECTION('',(0.,0.,1.));
#6472 = PCURVE('',#2350,#6473);
#6473 = DEFINITIONAL_REPRESENTATION('',(#6474),#6478);
#6474 = LINE('',#6475,#6476);
#6475 = CARTESIAN_POINT('',(0.,-3.));
#6476 = VECTOR('',#6477,1.);
#6477 = DIRECTION('',(1.,0.));
#6478 = ( GEOMETRIC_REPRESENTATION_CONTEXT(2) 
PARAMETRIC_REPRESENTATION_CONTEXT() REPRESENTATION_CONTEXT('2D SPACE',''
  ) );
#6479 = PCURVE('',#2376,#6480);
#6480 = DEFINITIONAL_REPRESENTATION('',(#6481),#6485);
#6481 = LINE('',#6482,#6483);
#6482 = CARTESIAN_POINT('',(0.,0.));
#6483 = VECTOR('',#6484,1.);
#6484 = DIRECTION('',(1.,0.));
#6485 = ( GEOMETRIC_REPRESENTATION_CONTEXT(2) 
PARAMETRIC_REPRESENTATION_CONTEXT() REPRESENTATION_CONTEXT('2D SPACE',''
  ) );
#6486 = ORIENTED_EDGE('',*,*,#4233,.F.);
#6487 = ADVANCED_FACE('',(#6488),#2376,.F.);
#6488 = FACE_BOUND('',#6489,.F.);
#6489 = EDGE_LOOP('',(#6490,#6491,#6492,#6493));
#6490 = ORIENTED_EDGE('',*,*,#6439,.F.);
#6491 = ORIENTED_EDGE('',*,*,#2361,.T.);
#6492 = ORIENTED_EDGE('',*,*,#6466,.T.);
#6493 = ORIENTED_EDGE('',*,*,#4254,.F.);
#6494 = ADVANCED_FACE('',(#6495),#2430,.T.);
#6495 = FACE_BOUND('',#6496,.T.);
#6496 = EDGE_LOOP('',(#6497,#6518,#6519,#6540));
#6497 = ORIENTED_EDGE('',*,*,#6498,.F.);
#6498 = EDGE_CURVE('',#2414,#4297,#6499,.T.);
#6499 = SURFACE_CURVE('',#6500,(#6504,#6511),.PCURVE_S1.);
#6500 = LINE('',#6501,#6502);
#6501 = CARTESIAN_POINT('',(64.75,22.5,-1.));
#6502 = VECTOR('',#6503,1.);
#6503 = DIRECTION('',(0.,0.,1.));
#6504 = PCURVE('',#2430,#6505);
#6505 = DEFINITIONAL_REPRESENTATION('',(#6506),#6510);
#6506 = LINE('',#6507,#6508);
#6507 = CARTESIAN_POINT('',(0.,44.));
#6508 = VECTOR('',#6509,1.);
#6509 = DIRECTION('',(1.,0.));
#6510 = ( GEOMETRIC_REPRESENTATION_CONTEXT(2) 
PARAMETRIC_REPRESENTATION_CONTEXT() REPRESENTATION_CONTEXT('2D SPACE',''
  ) );
#6511 = PCURVE('',#2506,#6512);
#6512 = DEFINITIONAL_REPRESENTATION('',(#6513),#6517);
#6513 = LINE('',#6514,#6515);
#6514 = CARTESIAN_POINT('',(0.,0.));
#6515 = VECTOR('',#6516,1.);
#6516 = DIRECTION('',(1.,0.));
#6517 = ( GEOMETRIC_REPRESENTATION_CONTEXT(2) 
PARAMETRIC_REPRESENTATION_CONTEXT() REPRESENTATION_CONTEXT('2D SPACE',''
  ) );
#6518 = ORIENTED_EDGE('',*,*,#2413,.T.);
#6519 = ORIENTED_EDGE('',*,*,#6520,.T.);
#6520 = EDGE_CURVE('',#2416,#4299,#6521,.T.);
#6521 = SURFACE_CURVE('',#6522,(#6526,#6533),.PCURVE_S1.);
#6522 = LINE('',#6523,#6524);
#6523 = CARTESIAN_POINT('',(20.75,22.5,-1.));
#6524 = VECTOR('',#6525,1.);
#6525 = DIRECTION('',(0.,0.,1.));
#6526 = PCURVE('',#2430,#6527);
#6527 = DEFINITIONAL_REPRESENTATION('',(#6528),#6532);
#6528 = LINE('',#6529,#6530);
#6529 = CARTESIAN_POINT('',(0.,0.));
#6530 = VECTOR('',#6531,1.);
#6531 = DIRECTION('',(1.,0.));
#6532 = ( GEOMETRIC_REPRESENTATION_CONTEXT(2) 
PARAMETRIC_REPRESENTATION_CONTEXT() REPRESENTATION_CONTEXT('2D SPACE',''
  ) );
#6533 = PCURVE('',#2456,#6534);
#6534 = DEFINITIONAL_REPRESENTATION('',(#6535),#6539);
#6535 = LINE('',#6536,#6537);
#6536 = CARTESIAN_POINT('',(0.,0.));
#6537 = VECTOR('',#6538,1.);
#6538 = DIRECTION('',(1.,0.));
#6539 = ( GEOMETRIC_REPRESENTATION_CONTEXT(2) 
PARAMETRIC_REPRESENTATION_CONTEXT() REPRESENTATION_CONTEXT('2D SPACE',''
  ) );
#6540 = ORIENTED_EDGE('',*,*,#4296,.F.);
#6541 = ADVANCED_FACE('',(#6542),#2506,.F.);
#6542 = FACE_BOUND('',#6543,.F.);
#6543 = EDGE_LOOP('',(#6544,#6545,#6546,#6567));
#6544 = ORIENTED_EDGE('',*,*,#6498,.F.);
#6545 = ORIENTED_EDGE('',*,*,#2493,.T.);
#6546 = ORIENTED_EDGE('',*,*,#6547,.T.);
#6547 = EDGE_CURVE('',#2468,#4341,#6548,.T.);
#6548 = SURFACE_CURVE('',#6549,(#6553,#6560),.PCURVE_S1.);
#6549 = LINE('',#6550,#6551);
#6550 = CARTESIAN_POINT('',(64.75,25.5,-1.));
#6551 = VECTOR('',#6552,1.);
#6552 = DIRECTION('',(0.,0.,1.));
#6553 = PCURVE('',#2506,#6554);
#6554 = DEFINITIONAL_REPRESENTATION('',(#6555),#6559);
#6555 = LINE('',#6556,#6557);
#6556 = CARTESIAN_POINT('',(0.,-3.));
#6557 = VECTOR('',#6558,1.);
#6558 = DIRECTION('',(1.,0.));
#6559 = ( GEOMETRIC_REPRESENTATION_CONTEXT(2) 
PARAMETRIC_REPRESENTATION_CONTEXT() REPRESENTATION_CONTEXT('2D SPACE',''
  ) );
#6560 = PCURVE('',#2482,#6561);
#6561 = DEFINITIONAL_REPRESENTATION('',(#6562),#6566);
#6562 = LINE('',#6563,#6564);
#6563 = CARTESIAN_POINT('',(0.,44.));
#6564 = VECTOR('',#6565,1.);
#6565 = DIRECTION('',(1.,0.));
#6566 = ( GEOMETRIC_REPRESENTATION_CONTEXT(2) 
PARAMETRIC_REPRESENTATION_CONTEXT() REPRESENTATION_CONTEXT('2D SPACE',''
  ) );
#6567 = ORIENTED_EDGE('',*,*,#4361,.F.);
#6568 = ADVANCED_FACE('',(#6569),#2456,.T.);
#6569 = FACE_BOUND('',#6570,.T.);
#6570 = EDGE_LOOP('',(#6571,#6572,#6573,#6594));
#6571 = ORIENTED_EDGE('',*,*,#6520,.F.);
#6572 = ORIENTED_EDGE('',*,*,#2441,.T.);
#6573 = ORIENTED_EDGE('',*,*,#6574,.T.);
#6574 = EDGE_CURVE('',#2442,#4320,#6575,.T.);
#6575 = SURFACE_CURVE('',#6576,(#6580,#6587),.PCURVE_S1.);
#6576 = LINE('',#6577,#6578);
#6577 = CARTESIAN_POINT('',(20.75,25.5,-1.));
#6578 = VECTOR('',#6579,1.);
#6579 = DIRECTION('',(0.,0.,1.));
#6580 = PCURVE('',#2456,#6581);
#6581 = DEFINITIONAL_REPRESENTATION('',(#6582),#6586);
#6582 = LINE('',#6583,#6584);
#6583 = CARTESIAN_POINT('',(0.,-3.));
#6584 = VECTOR('',#6585,1.);
#6585 = DIRECTION('',(1.,0.));
#6586 = ( GEOMETRIC_REPRESENTATION_CONTEXT(2) 
PARAMETRIC_REPRESENTATION_CONTEXT() REPRESENTATION_CONTEXT('2D SPACE',''
  ) );
#6587 = PCURVE('',#2482,#6588);
#6588 = DEFINITIONAL_REPRESENTATION('',(#6589),#6593);
#6589 = LINE('',#6590,#6591);
#6590 = CARTESIAN_POINT('',(0.,0.));
#6591 = VECTOR('',#6592,1.);
#6592 = DIRECTION('',(1.,0.));
#6593 = ( GEOMETRIC_REPRESENTATION_CONTEXT(2) 
PARAMETRIC_REPRESENTATION_CONTEXT() REPRESENTATION_CONTEXT('2D SPACE',''
  ) );
#6594 = ORIENTED_EDGE('',*,*,#4319,.F.);
#6595 = ADVANCED_FACE('',(#6596),#2482,.F.);
#6596 = FACE_BOUND('',#6597,.F.);
#6597 = EDGE_LOOP('',(#6598,#6599,#6600,#6601));
#6598 = ORIENTED_EDGE('',*,*,#6547,.F.);
#6599 = ORIENTED_EDGE('',*,*,#2467,.T.);
#6600 = ORIENTED_EDGE('',*,*,#6574,.T.);
#6601 = ORIENTED_EDGE('',*,*,#4340,.F.);
#6602 = ADVANCED_FACE('',(#6603),#2540,.F.);
#6603 = FACE_BOUND('',#6604,.F.);
#6604 = EDGE_LOOP('',(#6605,#6629,#6650,#6651));
#6605 = ORIENTED_EDGE('',*,*,#6606,.T.);
#6606 = EDGE_CURVE('',#6607,#6607,#6609,.T.);
#6607 = VERTEX_POINT('',#6608);
#6608 = CARTESIAN_POINT('',(62.55,38.,1.6));
#6609 = SURFACE_CURVE('',#6610,(#6615,#6622),.PCURVE_S1.);
#6610 = CIRCLE('',#6611,1.45);
#6611 = AXIS2_PLACEMENT_3D('',#6612,#6613,#6614);
#6612 = CARTESIAN_POINT('',(64.,38.,1.6));
#6613 = DIRECTION('',(0.,0.,-1.));
#6614 = DIRECTION('',(0.,1.,0.));
#6615 = PCURVE('',#2540,#6616);
#6616 = DEFINITIONAL_REPRESENTATION('',(#6617),#6621);
#6617 = LINE('',#6618,#6619);
#6618 = CARTESIAN_POINT('',(-4.712388980385,1.4));
#6619 = VECTOR('',#6620,1.);
#6620 = DIRECTION('',(1.,0.));
#6621 = ( GEOMETRIC_REPRESENTATION_CONTEXT(2) 
PARAMETRIC_REPRESENTATION_CONTEXT() REPRESENTATION_CONTEXT('2D SPACE',''
  ) );
#6622 = PCURVE('',#4403,#6623);
#6623 = DEFINITIONAL_REPRESENTATION('',(#6624),#6628);
#6624 = LINE('',#6625,#6626);
#6625 = CARTESIAN_POINT('',(4.712388980385,-1.4));
#6626 = VECTOR('',#6627,1.);
#6627 = DIRECTION('',(-1.,-0.));
#6628 = ( GEOMETRIC_REPRESENTATION_CONTEXT(2) 
PARAMETRIC_REPRESENTATION_CONTEXT() REPRESENTATION_CONTEXT('2D SPACE',''
  ) );
#6629 = ORIENTED_EDGE('',*,*,#6630,.T.);
#6630 = EDGE_CURVE('',#6607,#2520,#6631,.T.);
#6631 = SEAM_CURVE('',#6632,(#6636,#6643),.PCURVE_S1.);
#6632 = LINE('',#6633,#6634);
#6633 = CARTESIAN_POINT('',(62.55,38.,3.));
#6634 = VECTOR('',#6635,1.);
#6635 = DIRECTION('',(0.,0.,-1.));
#6636 = PCURVE('',#2540,#6637);
#6637 = DEFINITIONAL_REPRESENTATION('',(#6638),#6642);
#6638 = LINE('',#6639,#6640);
#6639 = CARTESIAN_POINT('',(0.,-0.));
#6640 = VECTOR('',#6641,1.);
#6641 = DIRECTION('',(0.,1.));
#6642 = ( GEOMETRIC_REPRESENTATION_CONTEXT(2) 
PARAMETRIC_REPRESENTATION_CONTEXT() REPRESENTATION_CONTEXT('2D SPACE',''
  ) );
#6643 = PCURVE('',#2540,#6644);
#6644 = DEFINITIONAL_REPRESENTATION('',(#6645),#6649);
#6645 = LINE('',#6646,#6647);
#6646 = CARTESIAN_POINT('',(6.28318530718,-0.));
#6647 = VECTOR('',#6648,1.);
#6648 = DIRECTION('',(0.,1.));
#6649 = ( GEOMETRIC_REPRESENTATION_CONTEXT(2) 
PARAMETRIC_REPRESENTATION_CONTEXT() REPRESENTATION_CONTEXT('2D SPACE',''
  ) );
#6650 = ORIENTED_EDGE('',*,*,#2519,.F.);
#6651 = ORIENTED_EDGE('',*,*,#6630,.F.);
#6652 = ADVANCED_FACE('',(#6653),#2621,.T.);
#6653 = FACE_BOUND('',#6654,.T.);
#6654 = EDGE_LOOP('',(#6655,#6675,#6676,#6677));
#6655 = ORIENTED_EDGE('',*,*,#6656,.T.);
#6656 = EDGE_CURVE('',#2665,#2715,#6657,.T.);
#6657 = SURFACE_CURVE('',#6658,(#6663,#6669),.PCURVE_S1.);
#6658 = CIRCLE('',#6659,1.5);
#6659 = AXIS2_PLACEMENT_3D('',#6660,#6661,#6662);
#6660 = CARTESIAN_POINT('',(67.5,-43.,1.5));
#6661 = DIRECTION('',(-1.,-6.123233995737E-17,0.));
#6662 = DIRECTION('',(6.123233995737E-17,-1.,-0.));
#6663 = PCURVE('',#2621,#6664);
#6664 = DEFINITIONAL_REPRESENTATION('',(#6665),#6668);
#6665 = B_SPLINE_CURVE_WITH_KNOTS('',1,(#6666,#6667),.UNSPECIFIED.,.F.,
  .F.,(2,2),(0.,1.570796326795),.PIECEWISE_BEZIER_KNOTS.);
#6666 = CARTESIAN_POINT('',(0.,0.));
#6667 = CARTESIAN_POINT('',(1.570796326795,0.));
#6668 = ( GEOMETRIC_REPRESENTATION_CONTEXT(2) 
PARAMETRIC_REPRESENTATION_CONTEXT() REPRESENTATION_CONTEXT('2D SPACE',''
  ) );
#6669 = PCURVE('',#2758,#6670);
#6670 = DEFINITIONAL_REPRESENTATION('',(#6671),#6674);
#6671 = B_SPLINE_CURVE_WITH_KNOTS('',1,(#6672,#6673),.UNSPECIFIED.,.F.,
  .F.,(2,2),(0.,1.570796326795),.PIECEWISE_BEZIER_KNOTS.);
#6672 = CARTESIAN_POINT('',(-1.570796326795,0.));
#6673 = CARTESIAN_POINT('',(-1.570796326795,1.570796326795));
#6674 = ( GEOMETRIC_REPRESENTATION_CONTEXT(2) 
PARAMETRIC_REPRESENTATION_CONTEXT() REPRESENTATION_CONTEXT('2D SPACE',''
  ) );
#6675 = ORIENTED_EDGE('',*,*,#2714,.T.);
#6676 = ORIENTED_EDGE('',*,*,#2605,.F.);
#6677 = ORIENTED_EDGE('',*,*,#2664,.F.);
#6678 = ADVANCED_FACE('',(#6679),#2758,.T.);
#6679 = FACE_BOUND('',#6680,.F.);
#6680 = EDGE_LOOP('',(#6681,#6701,#6702,#6703));
#6681 = ORIENTED_EDGE('',*,*,#6682,.F.);
#6682 = EDGE_CURVE('',#4635,#2738,#6683,.T.);
#6683 = SURFACE_CURVE('',#6684,(#6689,#6695),.PCURVE_S1.);
#6684 = CIRCLE('',#6685,1.5);
#6685 = AXIS2_PLACEMENT_3D('',#6686,#6687,#6688);
#6686 = CARTESIAN_POINT('',(69.,-41.5,1.5));
#6687 = DIRECTION('',(0.,-1.,-0.));
#6688 = DIRECTION('',(1.,0.,-0.));
#6689 = PCURVE('',#2758,#6690);
#6690 = DEFINITIONAL_REPRESENTATION('',(#6691),#6694);
#6691 = B_SPLINE_CURVE_WITH_KNOTS('',1,(#6692,#6693),.UNSPECIFIED.,.F.,
  .F.,(2,2),(0.,1.570796326795),.PIECEWISE_BEZIER_KNOTS.);
#6692 = CARTESIAN_POINT('',(0.,0.));
#6693 = CARTESIAN_POINT('',(0.,1.570796326795));
#6694 = ( GEOMETRIC_REPRESENTATION_CONTEXT(2) 
PARAMETRIC_REPRESENTATION_CONTEXT() REPRESENTATION_CONTEXT('2D SPACE',''
  ) );
#6695 = PCURVE('',#2786,#6696);
#6696 = DEFINITIONAL_REPRESENTATION('',(#6697),#6700);
#6697 = B_SPLINE_CURVE_WITH_KNOTS('',1,(#6698,#6699),.UNSPECIFIED.,.F.,
  .F.,(2,2),(0.,1.570796326795),.PIECEWISE_BEZIER_KNOTS.);
#6698 = CARTESIAN_POINT('',(0.,83.));
#6699 = CARTESIAN_POINT('',(1.570796326795,83.));
#6700 = ( GEOMETRIC_REPRESENTATION_CONTEXT(2) 
PARAMETRIC_REPRESENTATION_CONTEXT() REPRESENTATION_CONTEXT('2D SPACE',''
  ) );
#6701 = ORIENTED_EDGE('',*,*,#4659,.T.);
#6702 = ORIENTED_EDGE('',*,*,#6656,.T.);
#6703 = ORIENTED_EDGE('',*,*,#2737,.F.);
#6704 = ADVANCED_FACE('',(#6705),#2786,.T.);
#6705 = FACE_BOUND('',#6706,.T.);
#6706 = EDGE_LOOP('',(#6707,#6727,#6728,#6729));
#6707 = ORIENTED_EDGE('',*,*,#6708,.T.);
#6708 = EDGE_CURVE('',#4685,#2771,#6709,.T.);
#6709 = SURFACE_CURVE('',#6710,(#6715,#6721),.PCURVE_S1.);
#6710 = CIRCLE('',#6711,1.5);
#6711 = AXIS2_PLACEMENT_3D('',#6712,#6713,#6714);
#6712 = CARTESIAN_POINT('',(69.,41.5,1.5));
#6713 = DIRECTION('',(6.123233995737E-17,-1.,0.));
#6714 = DIRECTION('',(1.,6.123233995737E-17,0.));
#6715 = PCURVE('',#2786,#6716);
#6716 = DEFINITIONAL_REPRESENTATION('',(#6717),#6720);
#6717 = B_SPLINE_CURVE_WITH_KNOTS('',1,(#6718,#6719),.UNSPECIFIED.,.F.,
  .F.,(2,2),(0.,1.570796326795),.PIECEWISE_BEZIER_KNOTS.);
#6718 = CARTESIAN_POINT('',(0.,0.));
#6719 = CARTESIAN_POINT('',(1.570796326795,0.));
#6720 = ( GEOMETRIC_REPRESENTATION_CONTEXT(2) 
PARAMETRIC_REPRESENTATION_CONTEXT() REPRESENTATION_CONTEXT('2D SPACE',''
  ) );
#6721 = PCURVE('',#2819,#6722);
#6722 = DEFINITIONAL_REPRESENTATION('',(#6723),#6726);
#6723 = B_SPLINE_CURVE_WITH_KNOTS('',1,(#6724,#6725),.UNSPECIFIED.,.F.,
  .F.,(2,2),(0.,1.570796326795),.PIECEWISE_BEZIER_KNOTS.);
#6724 = CARTESIAN_POINT('',(-1.570796326795,0.));
#6725 = CARTESIAN_POINT('',(-1.570796326795,1.570796326795));
#6726 = ( GEOMETRIC_REPRESENTATION_CONTEXT(2) 
PARAMETRIC_REPRESENTATION_CONTEXT() REPRESENTATION_CONTEXT('2D SPACE',''
  ) );
#6727 = ORIENTED_EDGE('',*,*,#2770,.T.);
#6728 = ORIENTED_EDGE('',*,*,#6682,.F.);
#6729 = ORIENTED_EDGE('',*,*,#4737,.F.);
#6730 = ADVANCED_FACE('',(#6731),#2819,.T.);
#6731 = FACE_BOUND('',#6732,.F.);
#6732 = EDGE_LOOP('',(#6733,#6753,#6754,#6755));
#6733 = ORIENTED_EDGE('',*,*,#6734,.F.);
#6734 = EDGE_CURVE('',#4587,#2799,#6735,.T.);
#6735 = SURFACE_CURVE('',#6736,(#6741,#6747),.PCURVE_S1.);
#6736 = CIRCLE('',#6737,1.5);
#6737 = AXIS2_PLACEMENT_3D('',#6738,#6739,#6740);
#6738 = CARTESIAN_POINT('',(67.5,43.,1.5));
#6739 = DIRECTION('',(1.,0.,0.));
#6740 = DIRECTION('',(-0.,1.,0.));
#6741 = PCURVE('',#2819,#6742);
#6742 = DEFINITIONAL_REPRESENTATION('',(#6743),#6746);
#6743 = B_SPLINE_CURVE_WITH_KNOTS('',1,(#6744,#6745),.UNSPECIFIED.,.F.,
  .F.,(2,2),(0.,1.570796326795),.PIECEWISE_BEZIER_KNOTS.);
#6744 = CARTESIAN_POINT('',(0.,0.));
#6745 = CARTESIAN_POINT('',(0.,1.570796326795));
#6746 = ( GEOMETRIC_REPRESENTATION_CONTEXT(2) 
PARAMETRIC_REPRESENTATION_CONTEXT() REPRESENTATION_CONTEXT('2D SPACE',''
  ) );
#6747 = PCURVE('',#2847,#6748);
#6748 = DEFINITIONAL_REPRESENTATION('',(#6749),#6752);
#6749 = B_SPLINE_CURVE_WITH_KNOTS('',1,(#6750,#6751),.UNSPECIFIED.,.F.,
  .F.,(2,2),(0.,1.570796326795),.PIECEWISE_BEZIER_KNOTS.);
#6750 = CARTESIAN_POINT('',(0.,135.));
#6751 = CARTESIAN_POINT('',(1.570796326795,135.));
#6752 = ( GEOMETRIC_REPRESENTATION_CONTEXT(2) 
PARAMETRIC_REPRESENTATION_CONTEXT() REPRESENTATION_CONTEXT('2D SPACE',''
  ) );
#6753 = ORIENTED_EDGE('',*,*,#4709,.T.);
#6754 = ORIENTED_EDGE('',*,*,#6708,.T.);
#6755 = ORIENTED_EDGE('',*,*,#2798,.F.);
#6756 = ADVANCED_FACE('',(#6757),#2847,.T.);
#6757 = FACE_BOUND('',#6758,.T.);
#6758 = EDGE_LOOP('',(#6759,#6760,#6761,#6762));
#6759 = ORIENTED_EDGE('',*,*,#4561,.T.);
#6760 = ORIENTED_EDGE('',*,*,#2831,.T.);
#6761 = ORIENTED_EDGE('',*,*,#6734,.F.);
#6762 = ORIENTED_EDGE('',*,*,#4586,.F.);
#6763 = ADVANCED_FACE('',(#6764),#3094,.F.);
#6764 = FACE_BOUND('',#6765,.F.);
#6765 = EDGE_LOOP('',(#6766,#6767,#6788,#6789));
#6766 = ORIENTED_EDGE('',*,*,#4761,.F.);
#6767 = ORIENTED_EDGE('',*,*,#6768,.F.);
#6768 = EDGE_CURVE('',#3074,#4762,#6769,.T.);
#6769 = SEAM_CURVE('',#6770,(#6774,#6781),.PCURVE_S1.);
#6770 = LINE('',#6771,#6772);
#6771 = CARTESIAN_POINT('',(-66.85,-38.,3.));
#6772 = VECTOR('',#6773,1.);
#6773 = DIRECTION('',(0.707106781187,1.731912112471E-16,-0.707106781187)
  );
#6774 = PCURVE('',#3094,#6775);
#6775 = DEFINITIONAL_REPRESENTATION('',(#6776),#6780);
#6776 = LINE('',#6777,#6778);
#6777 = CARTESIAN_POINT('',(-6.28318530718,0.));
#6778 = VECTOR('',#6779,1.);
#6779 = DIRECTION('',(-0.,-1.));
#6780 = ( GEOMETRIC_REPRESENTATION_CONTEXT(2) 
PARAMETRIC_REPRESENTATION_CONTEXT() REPRESENTATION_CONTEXT('2D SPACE',''
  ) );
#6781 = PCURVE('',#3094,#6782);
#6782 = DEFINITIONAL_REPRESENTATION('',(#6783),#6787);
#6783 = LINE('',#6784,#6785);
#6784 = CARTESIAN_POINT('',(0.,-0.));
#6785 = VECTOR('',#6786,1.);
#6786 = DIRECTION('',(-0.,-1.));
#6787 = ( GEOMETRIC_REPRESENTATION_CONTEXT(2) 
PARAMETRIC_REPRESENTATION_CONTEXT() REPRESENTATION_CONTEXT('2D SPACE',''
  ) );
#6788 = ORIENTED_EDGE('',*,*,#3073,.T.);
#6789 = ORIENTED_EDGE('',*,*,#6768,.T.);
#6790 = ADVANCED_FACE('',(#6791),#3387,.F.);
#6791 = FACE_BOUND('',#6792,.F.);
#6792 = EDGE_LOOP('',(#6793,#6794,#6815,#6816));
#6793 = ORIENTED_EDGE('',*,*,#5196,.F.);
#6794 = ORIENTED_EDGE('',*,*,#6795,.F.);
#6795 = EDGE_CURVE('',#3367,#5197,#6796,.T.);
#6796 = SEAM_CURVE('',#6797,(#6801,#6808),.PCURVE_S1.);
#6797 = LINE('',#6798,#6799);
#6798 = CARTESIAN_POINT('',(61.15,-38.,3.));
#6799 = VECTOR('',#6800,1.);
#6800 = DIRECTION('',(0.707106781187,1.731912112471E-16,-0.707106781187)
  );
#6801 = PCURVE('',#3387,#6802);
#6802 = DEFINITIONAL_REPRESENTATION('',(#6803),#6807);
#6803 = LINE('',#6804,#6805);
#6804 = CARTESIAN_POINT('',(-6.28318530718,0.));
#6805 = VECTOR('',#6806,1.);
#6806 = DIRECTION('',(-0.,-1.));
#6807 = ( GEOMETRIC_REPRESENTATION_CONTEXT(2) 
PARAMETRIC_REPRESENTATION_CONTEXT() REPRESENTATION_CONTEXT('2D SPACE',''
  ) );
#6808 = PCURVE('',#3387,#6809);
#6809 = DEFINITIONAL_REPRESENTATION('',(#6810),#6814);
#6810 = LINE('',#6811,#6812);
#6811 = CARTESIAN_POINT('',(0.,-0.));
#6812 = VECTOR('',#6813,1.);
#6813 = DIRECTION('',(-0.,-1.));
#6814 = ( GEOMETRIC_REPRESENTATION_CONTEXT(2) 
PARAMETRIC_REPRESENTATION_CONTEXT() REPRESENTATION_CONTEXT('2D SPACE',''
  ) );
#6815 = ORIENTED_EDGE('',*,*,#3366,.T.);
#6816 = ORIENTED_EDGE('',*,*,#6795,.T.);
#6817 = ADVANCED_FACE('',(#6818),#3938,.F.);
#6818 = FACE_BOUND('',#6819,.F.);
#6819 = EDGE_LOOP('',(#6820,#6821,#6842,#6843));
#6820 = ORIENTED_EDGE('',*,*,#6016,.F.);
#6821 = ORIENTED_EDGE('',*,*,#6822,.F.);
#6822 = EDGE_CURVE('',#3918,#6017,#6823,.T.);
#6823 = SEAM_CURVE('',#6824,(#6828,#6835),.PCURVE_S1.);
#6824 = LINE('',#6825,#6826);
#6825 = CARTESIAN_POINT('',(-66.85,38.,3.));
#6826 = VECTOR('',#6827,1.);
#6827 = DIRECTION('',(0.707106781187,1.731912112471E-16,-0.707106781187)
  );
#6828 = PCURVE('',#3938,#6829);
#6829 = DEFINITIONAL_REPRESENTATION('',(#6830),#6834);
#6830 = LINE('',#6831,#6832);
#6831 = CARTESIAN_POINT('',(-6.28318530718,0.));
#6832 = VECTOR('',#6833,1.);
#6833 = DIRECTION('',(-0.,-1.));
#6834 = ( GEOMETRIC_REPRESENTATION_CONTEXT(2) 
PARAMETRIC_REPRESENTATION_CONTEXT() REPRESENTATION_CONTEXT('2D SPACE',''
  ) );
#6835 = PCURVE('',#3938,#6836);
#6836 = DEFINITIONAL_REPRESENTATION('',(#6837),#6841);
#6837 = LINE('',#6838,#6839);
#6838 = CARTESIAN_POINT('',(0.,-0.));
#6839 = VECTOR('',#6840,1.);
#6840 = DIRECTION('',(-0.,-1.));
#6841 = ( GEOMETRIC_REPRESENTATION_CONTEXT(2) 
PARAMETRIC_REPRESENTATION_CONTEXT() REPRESENTATION_CONTEXT('2D SPACE',''
  ) );
#6842 = ORIENTED_EDGE('',*,*,#3917,.T.);
#6843 = ORIENTED_EDGE('',*,*,#6822,.T.);
#6844 = ADVANCED_FACE('',(#6845),#4403,.F.);
#6845 = FACE_BOUND('',#6846,.F.);
#6846 = EDGE_LOOP('',(#6847,#6848,#6869,#6870));
#6847 = ORIENTED_EDGE('',*,*,#6606,.F.);
#6848 = ORIENTED_EDGE('',*,*,#6849,.F.);
#6849 = EDGE_CURVE('',#4383,#6607,#6850,.T.);
#6850 = SEAM_CURVE('',#6851,(#6855,#6862),.PCURVE_S1.);
#6851 = LINE('',#6852,#6853);
#6852 = CARTESIAN_POINT('',(61.15,38.,3.));
#6853 = VECTOR('',#6854,1.);
#6854 = DIRECTION('',(0.707106781187,1.731912112471E-16,-0.707106781187)
  );
#6855 = PCURVE('',#4403,#6856);
#6856 = DEFINITIONAL_REPRESENTATION('',(#6857),#6861);
#6857 = LINE('',#6858,#6859);
#6858 = CARTESIAN_POINT('',(-6.28318530718,0.));
#6859 = VECTOR('',#6860,1.);
#6860 = DIRECTION('',(-0.,-1.));
#6861 = ( GEOMETRIC_REPRESENTATION_CONTEXT(2) 
PARAMETRIC_REPRESENTATION_CONTEXT() REPRESENTATION_CONTEXT('2D SPACE',''
  ) );
#6862 = PCURVE('',#4403,#6863);
#6863 = DEFINITIONAL_REPRESENTATION('',(#6864),#6868);
#6864 = LINE('',#6865,#6866);
#6865 = CARTESIAN_POINT('',(0.,-0.));
#6866 = VECTOR('',#6867,1.);
#6867 = DIRECTION('',(-0.,-1.));
#6868 = ( GEOMETRIC_REPRESENTATION_CONTEXT(2) 
PARAMETRIC_REPRESENTATION_CONTEXT() REPRESENTATION_CONTEXT('2D SPACE',''
  ) );
#6869 = ORIENTED_EDGE('',*,*,#4382,.T.);
#6870 = ORIENTED_EDGE('',*,*,#6849,.T.);
#6871 = ( GEOMETRIC_REPRESENTATION_CONTEXT(3) 
GLOBAL_UNCERTAINTY_ASSIGNED_CONTEXT((#6875)) 
GLOBAL_UNIT_ASSIGNED_CONTEXT((#6872,#6873,#6874)) REPRESENTATION_CONTEXT
('Context #1','3D Context with UNIT and UNCERTAINTY') );
#6872 = ( LENGTH_UNIT() NAMED_UNIT(*) SI_UNIT(.MILLI.,.METRE.) );
#6873 = ( NAMED_UNIT(*) PLANE_ANGLE_UNIT() SI_UNIT($,.RADIAN.) );
#6874 = ( NAMED_UNIT(*) SI_UNIT($,.STERADIAN.) SOLID_ANGLE_UNIT() );
#6875 = UNCERTAINTY_MEASURE_WITH_UNIT(LENGTH_MEASURE(1.E-07),#6872,
  'distance_accuracy_value','confusion accuracy');
#6876 = PRODUCT_RELATED_PRODUCT_CATEGORY('part',$,(#7));
ENDSEC;
END-ISO-10303-21;
